model	sample_id	word	step	letter	board_before	candidates_before	wrong_before	invalid	repeat	dominated_miss	hit	hit_prob	best_hit_prob	hit_prob_regret	optimal_letter	is_optimal
optimal	apple	apple	0	s	.....	4431	0	0	0	0	0	0.4906	0.4906	0.0000	s	1
optimal	apple	apple	1	e	.....	2257	1	0	0	0	1	0.5228	0.5228	0.0000	e	1
optimal	apple	apple	2	a	....e	272	1	0	0	0	1	0.4301	0.4301	0.0000	a	1
optimal	apple	apple	3	l	a...e	23	1	0	0	0	1	0.4348	0.4348	0.0000	l	1
optimal	apple	apple	4	g	a..le	7	1	0	0	0	0	0.2857	0.2857	0.0000	g	1
optimal	apple	apple	5	m	a..le	5	2	0	0	0	0	0.4000	0.4000	0.0000	m	1
optimal	apple	apple	6	d	a..le	3	3	0	0	0	0	0.3333	0.3333	0.0000	d	1
optimal	apple	apple	7	k	a..le	2	4	0	0	0	0	0.5000	0.5000	0.0000	k	1
optimal	apple	apple	8	p	a..le	1	5	0	0	0	1	1.0000	1.0000	0.0000	p	1
optimal	happy	happy	0	s	.....	4431	0	0	0	0	0	0.4906	0.4906	0.0000	s	1
optimal	happy	happy	1	e	.....	2257	1	0	0	0	0	0.5228	0.5228	0.0000	e	1
optimal	happy	happy	2	a	.....	1077	2	0	0	0	1	0.4596	0.4596	0.0000	a	1
optimal	happy	happy	3	y	.a...	165	2	0	0	0	1	0.4485	0.4485	0.0000	y	1
optimal	happy	happy	4	n	.a..y	68	2	0	0	0	0	0.2941	0.2941	0.0000	n	1
optimal	happy	happy	5	r	.a..y	48	3	0	0	0	0	0.3125	0.3125	0.0000	r	1
optimal	happy	happy	6	l	.a..y	33	4	0	0	0	0	0.3333	0.3333	0.0000	l	1
optimal	happy	happy	7	t	.a..y	22	5	0	0	0	0	0.3636	0.3636	0.0000	t	1
optimal	happy	happy	8	d	.a..y	14	6	0	0	0	0	0.3571	0.3571	0.0000	d	1
optimal	happy	happy	9	g	.a..y	9	7	0	0	0	0	0.4444	0.4444	0.0000	g	1
optimal	happy	happy	10	c	.a..y	5	8	0	0	0	0	0.6000	0.6000	0.0000	c	1
optimal	happy	happy	11	h	.a..y	2	9	0	0	0	1	0.5000	0.5000	0.0000	h	1
optimal	happy	happy	12	p	ha..y	1	9	0	0	0	1	1.0000	1.0000	0.0000	p	1
optimal	banana	banana	0	e	......	7028	0	0	0	0	0	0.6477	0.6477	0.0000	e	1
optimal	banana	banana	1	s	......	2476	1	0	0	0	0	0.5230	0.5230	0.0000	s	1
optimal	banana	banana	2	i	......	1181	2	0	0	0	0	0.5318	0.5318	0.0000	i	1
optimal	banana	banana	3	a	......	553	3	0	0	0	1	0.6184	0.6184	0.0000	a	1
optimal	banana	banana	4	b	.a.a.a	4	3	0	0	0	1	0.5000	0.5000	0.0000	b	1
optimal	banana	banana	5	n	ba.a.a	1	3	0	0	0	1	1.0000	1.0000	0.0000	n	1
optimal	letter	letter	0	e	......	7028	0	0	0	0	1	0.6477	0.6477	0.0000	e	1
optimal	letter	letter	1	d	.e..e.	304	0	0	0	0	0	0.5592	0.5592	0.0000	d	1
optimal	letter	letter	2	r	.e..e.	134	1	0	0	0	1	0.6343	0.6343	0.0000	r	1
optimal	letter	letter	3	t	.e..er	44	1	0	0	0	1	0.5000	0.5000	0.0000	t	1
optimal	letter	letter	4	b	.etter	5	1	0	0	0	0	0.2000	0.2000	0.0000	b	1
optimal	letter	letter	5	f	.etter	4	2	0	0	0	0	0.2500	0.2500	0.0000	f	1
optimal	letter	letter	6	l	.etter	3	3	0	0	0	1	0.3333	0.3333	0.0000	l	1
optimal	summer	summer	0	e	......	7028	0	0	0	0	1	0.6477	0.6477	0.0000	e	1
optimal	summer	summer	1	d	....e.	2005	0	0	0	0	0	0.4963	0.4963	0.0000	d	1
optimal	summer	summer	2	r	....e.	1010	1	0	0	0	1	0.5772	0.5772	0.0000	r	1
optimal	summer	summer	3	i	....er	323	1	0	0	0	0	0.3746	0.3746	0.0000	i	1
optimal	summer	summer	4	a	....er	202	2	0	0	0	0	0.4703	0.4703	0.0000	a	1
optimal	summer	summer	5	o	....er	107	3	0	0	0	0	0.5794	0.5794	0.0000	o	1
optimal	summer	summer	6	u	....er	45	4	0	0	0	1	1.0000	1.0000	0.0000	u	1
optimal	summer	summer	7	b	.u..er	45	4	0	0	0	0	0.2889	0.2889	0.0000	b	1
optimal	summer	summer	8	p	.u..er	32	5	0	0	0	0	0.3125	0.3125	0.0000	p	1
optimal	summer	summer	9	s	.u..er	22	6	0	0	0	1	0.3636	0.3636	0.0000	s	1
optimal	summer	summer	10	c	su..er	3	6	0	0	0	0	0.3333	0.3333	0.0000	c	1
optimal	summer	summer	11	f	su..er	2	7	0	0	0	0	0.5000	0.5000	0.0000	f	1
optimal	summer	summer	12	m	su..er	1	8	0	0	0	1	1.0000	1.0000	0.0000	m	1
optimal	yellow	yellow	0	e	......	7028	0	0	0	0	1	0.6477	0.6477	0.0000	e	1
optimal	yellow	yellow	1	r	.e....	399	0	0	0	0	0	0.4712	0.4712	0.0000	r	1
optimal	yellow	yellow	2	s	.e....	211	1	0	0	0	0	0.4645	0.4645	0.0000	s	1
optimal	yellow	yellow	3	n	.e....	113	2	0	0	0	0	0.4867	0.4867	0.0000	n	1
optimal	yellow	yellow	4	l	.e....	58	3	0	0	0	1	0.5690	0.5690	0.0000	l	1
optimal	yellow	yellow	5	o	.ell..	5	3	0	0	0	1	0.8000	0.8000	0.0000	o	1
optimal	yellow	yellow	6	w	.ello.	4	3	0	0	0	1	1.0000	1.0000	0.0000	w	1
optimal	yellow	yellow	7	b	.ellow	4	3	0	0	0	0	0.2500	0.2500	0.0000	b	1
optimal	yellow	yellow	8	f	.ellow	3	4	0	0	0	0	0.3333	0.3333	0.0000	f	1
optimal	yellow	yellow	9	m	.ellow	2	5	0	0	0	0	0.5000	0.5000	0.0000	m	1
optimal	yellow	yellow	10	y	.ellow	1	6	0	0	0	1	1.0000	1.0000	0.0000	y	1
optimal	people	people	0	e	......	7028	0	0	0	0	1	0.6477	0.6477	0.0000	e	1
optimal	people	people	1	r	.e...e	121	0	0	0	0	0	0.4298	0.4298	0.0000	r	1
optimal	people	people	2	d	.e...e	69	1	0	0	0	0	0.4203	0.4203	0.0000	d	1
optimal	people	people	3	l	.e...e	40	2	0	0	0	1	0.5250	0.5250	0.0000	l	1
optimal	people	people	4	t	.e..le	16	2	0	0	0	0	0.5625	0.5625	0.0000	t	1
optimal	people	people	5	p	.e..le	7	3	0	0	0	1	0.4286	0.4286	0.0000	p	1
optimal	people	people	6	o	pe.ple	1	3	0	0	0	1	1.0000	1.0000	0.0000	o	1
optimal	school	school	0	e	......	7028	0	0	0	0	0	0.6477	0.6477	0.0000	e	1
optimal	school	school	1	s	......	2476	1	0	0	0	1	0.5230	0.5230	0.0000	s	1
optimal	school	school	2	i	s.....	210	1	0	0	0	0	0.4238	0.4238	0.0000	i	1
optimal	school	school	3	y	s.....	121	2	0	0	0	0	0.4876	0.4876	0.0000	y	1
optimal	school	school	4	a	s.....	62	3	0	0	0	0	0.5484	0.5484	0.0000	a	1
optimal	school	school	5	o	s.....	28	4	0	0	0	1	0.7143	0.7143	0.0000	o	1
optimal	school	school	6	c	s..oo.	1	4	0	0	0	1	1.0000	1.0000	0.0000	c	1
optimal	school	school	7	h	sc.oo.	1	4	0	0	0	1	1.0000	1.0000	0.0000	h	1
optimal	school	school	8	l	schoo.	1	4	0	0	0	1	1.0000	1.0000	0.0000	l	1
optimal	earth	earth	0	s	.....	4431	0	0	0	0	0	0.4906	0.4906	0.0000	s	1
optimal	earth	earth	1	e	.....	2257	1	0	0	0	1	0.5228	0.5228	0.0000	e	1
optimal	earth	earth	2	t	e....	32	1	0	0	0	1	0.4375	0.4375	0.0000	t	1
optimal	earth	earth	3	a	e..t.	2	1	0	0	0	1	0.5000	0.5000	0.0000	a	1
optimal	earth	earth	4	h	ea.t.	1	1	0	0	0	1	1.0000	1.0000	0.0000	h	1
optimal	earth	earth	5	r	ea.th	1	1	0	0	0	1	1.0000	1.0000	0.0000	r	1
optimal	coffee	coffee	0	e	......	7028	0	0	0	0	1	0.6477	0.6477	0.0000	e	1
optimal	coffee	coffee	1	o	....ee	7	0	0	0	0	1	0.8571	0.8571	0.0000	o	1
optimal	coffee	coffee	2	t	.o..ee	4	0	0	0	0	0	0.7500	0.7500	0.0000	t	1
optimal	coffee	coffee	3	c	.o..ee	1	1	0	0	0	1	1.0000	1.0000	0.0000	c	1
optimal	coffee	coffee	4	f	co..ee	1	1	0	0	0	1	1.0000	1.0000	0.0000	f	1
optimal	cookie	cookie	0	e	......	7028	0	0	0	0	1	0.6477	0.6477	0.0000	e	1
optimal	cookie	cookie	1	l	.....e	528	0	0	0	0	0	0.4830	0.4830	0.0000	l	1
optimal	cookie	cookie	2	i	.....e	273	1	0	0	0	1	0.4945	0.4945	0.0000	i	1
optimal	cookie	cookie	3	o	....ie	17	1	0	0	0	1	0.5882	0.5882	0.0000	o	1
optimal	cookie	cookie	4	k	.oo.ie	6	1	0	0	0	1	0.5000	0.5000	0.0000	k	1
optimal	cookie	cookie	5	b	.ookie	3	1	0	0	0	0	0.3333	0.3333	0.0000	b	1
optimal	cookie	cookie	6	c	.ookie	2	2	0	0	0	1	0.5000	0.5000	0.0000	c	1
optimal	paper	paper	0	s	.....	4431	0	0	0	0	0	0.4906	0.4906	0.0000	s	1
optimal	paper	paper	1	e	.....	2257	1	0	0	0	1	0.5228	0.5228	0.0000	e	1
optimal	paper	paper	2	d	...e.	473	1	0	0	0	0	0.5581	0.5581	0.0000	d	1
optimal	paper	paper	3	r	...e.	209	2	0	0	0	1	0.6316	0.6316	0.0000	r	1
optimal	paper	paper	4	a	...er	99	2	0	0	0	1	0.3333	0.3333	0.0000	a	1
optimal	paper	paper	5	l	.a.er	26	2	0	0	0	0	0.2692	0.2692	0.0000	l	1
optimal	paper	paper	6	t	.a.er	19	3	0	0	0	0	0.3158	0.3158	0.0000	t	1
optimal	paper	paper	7	g	.a.er	13	4	0	0	0	0	0.3846	0.3846	0.0000	g	1
optimal	paper	paper	8	k	.a.er	8	5	0	0	0	0	0.3750	0.3750	0.0000	k	1
optimal	paper	paper	9	p	.a.er	5	6	0	0	0	1	0.6000	0.6000	0.0000	p	1
optimal	puppy	puppy	0	s	.....	4431	0	0	0	0	0	0.4906	0.4906	0.0000	s	1
optimal	puppy	puppy	1	e	.....	2257	1	0	0	0	0	0.5228	0.5228	0.0000	e	1
optimal	puppy	puppy	2	a	.....	1077	2	0	0	0	0	0.4596	0.4596	0.0000	a	1
optimal	puppy	puppy	3	o	.....	582	3	0	0	0	0	0.4691	0.4691	0.0000	o	1
optimal	puppy	puppy	4	i	.....	309	4	0	0	0	0	0.6440	0.6440	0.0000	i	1
optimal	puppy	puppy	5	u	.....	110	5	0	0	0	1	0.9182	0.9182	0.0000	u	1
optimal	puppy	puppy	6	y	.u...	61	5	0	0	0	1	0.8197	0.8197	0.0000	y	1
optimal	puppy	puppy	7	m	.u..y	48	5	0	0	0	0	0.2708	0.2708	0.0000	m	1
optimal	puppy	puppy	8	b	.u..y	35	6	0	0	0	0	0.2857	0.2857	0.0000	b	1
optimal	puppy	puppy	9	f	.u..y	25	7	0	0	0	0	0.2800	0.2800	0.0000	f	1
optimal	puppy	puppy	10	r	.u..y	18	8	0	0	0	0	0.3333	0.3333	0.0000	r	1
optimal	puppy	puppy	11	p	.u..y	12	9	0	0	0	1	0.4167	0.4167	0.0000	p	1
optimal	kitten	kitten	0	e	......	7028	0	0	0	0	1	0.6477	0.6477	0.0000	e	1
optimal	kitten	kitten	1	d	....e.	2005	0	0	0	0	0	0.4963	0.4963	0.0000	d	1
optimal	kitten	kitten	2	r	....e.	1010	1	0	0	0	0	0.5772	0.5772	0.0000	r	1
optimal	kitten	kitten	3	s	....e.	427	2	0	0	0	0	0.7354	0.7354	0.0000	s	1
optimal	kitten	kitten	4	t	....e.	113	3	0	0	0	1	0.6106	0.6106	0.0000	t	1
optimal	kitten	kitten	5	n	..tte.	6	3	0	0	0	1	1.0000	1.0000	0.0000	n	1
optimal	kitten	kitten	6	i	..tten	6	3	0	0	0	1	0.5000	0.5000	0.0000	i	1
optimal	kitten	kitten	7	b	.itten	3	3	0	0	0	0	0.3333	0.3333	0.0000	b	1
optimal	kitten	kitten	8	k	.itten	2	4	0	0	0	1	0.5000	0.5000	0.0000	k	1
optimal	butter	butter	0	e	......	7028	0	0	0	0	1	0.6477	0.6477	0.0000	e	1
optimal	butter	butter	1	d	....e.	2005	0	0	0	0	0	0.4963	0.4963	0.0000	d	1
optimal	butter	butter	2	r	....e.	1010	1	0	0	0	1	0.5772	0.5772	0.0000	r	1
optimal	butter	butter	3	i	....er	323	1	0	0	0	0	0.3746	0.3746	0.0000	i	1
optimal	butter	butter	4	a	....er	202	2	0	0	0	0	0.4703	0.4703	0.0000	a	1
optimal	butter	butter	5	o	....er	107	3	0	0	0	0	0.5794	0.5794	0.0000	o	1
optimal	butter	butter	6	u	....er	45	4	0	0	0	1	1.0000	1.0000	0.0000	u	1
optimal	butter	butter	7	b	.u..er	45	4	0	0	0	1	0.2889	0.2889	0.0000	b	1
optimal	butter	butter	8	t	bu..er	10	4	0	0	0	1	0.3000	0.3000	0.0000	t	1
optimal	pizza	pizza	0	s	.....	4431	0	0	0	0	0	0.4906	0.4906	0.0000	s	1
optimal	pizza	pizza	1	e	.....	2257	1	0	0	0	0	0.5228	0.5228	0.0000	e	1
optimal	pizza	pizza	2	a	.....	1077	2	0	0	0	1	0.4596	0.4596	0.0000	a	1
optimal	pizza	pizza	3	o	....a	35	2	0	0	0	0	0.4286	0.4286	0.0000	o	1
optimal	pizza	pizza	4	i	....a	20	3	0	0	0	1	0.5000	0.5000	0.0000	i	1
optimal	pizza	pizza	5	n	.i..a	7	3	0	0	0	0	0.4286	0.4286	0.0000	n	1
optimal	pizza	pizza	6	c	.i..a	4	4	0	0	0	0	0.5000	0.5000	0.0000	c	1
optimal	pizza	pizza	7	l	.i..a	2	5	0	0	0	0	0.5000	0.5000	0.0000	l	1
optimal	pizza	pizza	8	p	.i..a	1	6	0	0	0	1	1.0000	1.0000	0.0000	p	1
optimal	pizza	pizza	9	z	pi..a	1	6	0	0	0	1	1.0000	1.0000	0.0000	z	1
optimal	puzzle	puzzle	0	e	......	7028	0	0	0	0	1	0.6477	0.6477	0.0000	e	1
optimal	puzzle	puzzle	1	l	.....e	528	0	0	0	0	1	0.4830	0.4830	0.0000	l	1
optimal	puzzle	puzzle	2	a	....le	191	0	0	0	0	0	0.3403	0.3403	0.0000	a	1
optimal	puzzle	puzzle	3	i	....le	126	1	0	0	0	0	0.4206	0.4206	0.0000	i	1
optimal	puzzle	puzzle	4	u	....le	73	2	0	0	0	1	0.6712	0.6712	0.0000	u	1
optimal	puzzle	puzzle	5	b	.u..le	43	2	0	0	0	0	0.3721	0.3721	0.0000	b	1
optimal	puzzle	puzzle	6	r	.u..le	27	3	0	0	0	0	0.3333	0.3333	0.0000	r	1
optimal	puzzle	puzzle	7	d	.u..le	18	4	0	0	0	0	0.2778	0.2778	0.0000	d	1
optimal	puzzle	puzzle	8	s	.u..le	13	5	0	0	0	0	0.3846	0.3846	0.0000	s	1
optimal	puzzle	puzzle	9	g	.u..le	8	6	0	0	0	0	0.5000	0.5000	0.0000	g	1
optimal	puzzle	puzzle	10	z	.u..le	4	7	0	0	0	1	0.7500	0.7500	0.0000	z	1
optimal	puzzle	puzzle	11	m	.uzzle	3	7	0	0	0	0	0.3333	0.3333	0.0000	m	1
optimal	puzzle	puzzle	12	n	.uzzle	2	8	0	0	0	0	0.5000	0.5000	0.0000	n	1
optimal	puzzle	puzzle	13	p	.uzzle	1	9	0	0	0	1	1.0000	1.0000	0.0000	p	1
optimal	steam	steam	0	s	.....	4431	0	0	0	0	1	0.4906	0.4906	0.0000	s	1
optimal	steam	steam	1	e	s....	425	0	0	0	0	1	0.4259	0.4259	0.0000	e	1
optimal	steam	steam	2	t	s.e..	30	0	0	0	0	1	0.4667	0.4667	0.0000	t	1
optimal	steam	steam	3	a	ste..	6	0	0	0	0	1	0.6667	0.6667	0.0000	a	1
optimal	steam	steam	4	d	stea.	4	0	0	0	0	0	0.2500	0.2500	0.0000	d	1
optimal	steam	steam	5	k	stea.	3	1	0	0	0	0	0.3333	0.3333	0.0000	k	1
optimal	steam	steam	6	l	stea.	2	2	0	0	0	0	0.5000	0.5000	0.0000	l	1
optimal	steam	steam	7	m	stea.	1	3	0	0	0	1	1.0000	1.0000	0.0000	m	1
optimal	butterfly	butterfly	0	e	.........	8995	0	0	0	0	1	0.7360	0.7360	0.0000	e	1
optimal	butterfly	butterfly	1	i	....e....	367	0	0	0	0	0	0.7112	0.7112	0.0000	i	1
optimal	butterfly	butterfly	2	r	....e....	106	1	0	0	0	1	0.6604	0.6604	0.0000	r	1
optimal	butterfly	butterfly	3	a	....er...	18	1	0	0	0	0	0.6111	0.6111	0.0000	a	1
optimal	butterfly	butterfly	4	t	....er...	7	2	0	0	0	1	0.7143	0.7143	0.0000	t	1
optimal	butterfly	butterfly	5	b	..tter...	2	2	0	0	0	1	1.0000	1.0000	0.0000	b	1
optimal	butterfly	butterfly	6	u	b.tter...	2	2	0	0	0	1	1.0000	1.0000	0.0000	u	1
optimal	butterfly	butterfly	7	f	butter...	1	2	0	0	0	1	1.0000	1.0000	0.0000	f	1
optimal	butterfly	butterfly	8	l	butterf..	1	2	0	0	0	1	1.0000	1.0000	0.0000	l	1
optimal	butterfly	butterfly	9	y	butterfl.	1	2	0	0	0	1	1.0000	1.0000	0.0000	y	1
optimal	strawberry	strawberry	0	e	..........	7205	0	0	0	0	1	0.7602	0.7602	0.0000	e	1
optimal	strawberry	strawberry	1	s	......e...	113	0	0	0	0	1	0.7434	0.7434	0.0000	s	1
optimal	strawberry	strawberry	2	a	s.....e...	3	0	0	0	0	1	0.6667	0.6667	0.0000	a	1
optimal	strawberry	strawberry	3	b	s..a..e...	1	0	0	0	0	1	1.0000	1.0000	0.0000	b	1
optimal	strawberry	strawberry	4	r	s..a.be...	1	0	0	0	0	1	1.0000	1.0000	0.0000	r	1
optimal	strawberry	strawberry	5	t	s.ra.berr.	1	0	0	0	0	1	1.0000	1.0000	0.0000	t	1
optimal	strawberry	strawberry	6	w	stra.berr.	1	0	0	0	0	1	1.0000	1.0000	0.0000	w	1
optimal	strawberry	strawberry	7	y	strawberr.	1	0	0	0	0	1	1.0000	1.0000	0.0000	y	1
optimal	garden	garden	0	e	......	7028	0	0	0	0	1	0.6477	0.6477	0.0000	e	1
optimal	garden	garden	1	d	....e.	2005	0	0	0	0	1	0.4963	0.4963	0.0000	d	1
optimal	garden	garden	2	r	...de.	71	0	0	0	0	1	0.7183	0.7183	0.0000	r	1
optimal	garden	garden	3	n	..rde.	5	0	0	0	0	1	0.8000	0.8000	0.0000	n	1
optimal	garden	garden	4	a	..rden	4	0	0	0	0	1	0.7500	0.7500	0.0000	a	1
optimal	garden	garden	5	g	.arden	3	0	0	0	0	1	0.3333	0.3333	0.0000	g	1
optimal	market	market	0	e	......	7028	0	0	0	0	1	0.6477	0.6477	0.0000	e	1
optimal	market	market	1	d	....e.	2005	0	0	0	0	0	0.4963	0.4963	0.0000	d	1
optimal	market	market	2	r	....e.	1010	1	0	0	0	1	0.5772	0.5772	0.0000	r	1
optimal	market	market	3	s	..r.e.	56	1	0	0	0	0	0.5714	0.5714	0.0000	s	1
optimal	market	market	4	a	..r.e.	24	2	0	0	0	1	0.5833	0.5833	0.0000	a	1
optimal	market	market	5	l	.ar.e.	12	2	0	0	0	0	0.5833	0.5833	0.0000	l	1
optimal	market	market	6	t	.ar.e.	5	3	0	0	0	1	1.0000	1.0000	0.0000	t	1
optimal	market	market	7	c	.ar.et	3	3	0	0	0	0	0.3333	0.3333	0.0000	c	1
optimal	market	market	8	g	.ar.et	2	4	0	0	0	0	0.5000	0.5000	0.0000	g	1
optimal	market	market	9	k	.ar.et	1	5	0	0	0	1	1.0000	1.0000	0.0000	k	1
optimal	market	market	10	m	.arket	1	5	0	0	0	1	1.0000	1.0000	0.0000	m	1
optimal	pocket	pocket	0	e	......	7028	0	0	0	0	1	0.6477	0.6477	0.0000	e	1
optimal	pocket	pocket	1	d	....e.	2005	0	0	0	0	0	0.4963	0.4963	0.0000	d	1
optimal	pocket	pocket	2	r	....e.	1010	1	0	0	0	0	0.5772	0.5772	0.0000	r	1
optimal	pocket	pocket	3	s	....e.	427	2	0	0	0	0	0.7354	0.7354	0.0000	s	1
optimal	pocket	pocket	4	t	....e.	113	3	0	0	0	1	0.6106	0.6106	0.0000	t	1
optimal	pocket	pocket	5	l	....et	45	3	0	0	0	0	0.5778	0.5778	0.0000	l	1
optimal	pocket	pocket	6	c	....et	19	4	0	0	0	1	0.4737	0.4737	0.0000	c	1
optimal	pocket	pocket	7	k	..c.et	6	4	0	0	0	1	1.0000	1.0000	0.0000	k	1
optimal	pocket	pocket	8	p	..cket	6	4	0	0	0	1	0.5000	0.5000	0.0000	p	1
optimal	pocket	pocket	9	a	p.cket	3	4	0	0	0	0	0.3333	0.3333	0.0000	a	1
optimal	pocket	pocket	10	i	p.cket	2	5	0	0	0	0	0.5000	0.5000	0.0000	i	1
optimal	pocket	pocket	11	o	p.cket	1	6	0	0	0	1	1.0000	1.0000	0.0000	o	1
optimal	rocket	rocket	0	e	......	7028	0	0	0	0	1	0.6477	0.6477	0.0000	e	1
optimal	rocket	rocket	1	d	....e.	2005	0	0	0	0	0	0.4963	0.4963	0.0000	d	1
optimal	rocket	rocket	2	r	....e.	1010	1	0	0	0	1	0.5772	0.5772	0.0000	r	1
optimal	rocket	rocket	3	s	r...e.	20	1	0	0	0	0	0.8000	0.8000	0.0000	s	1
optimal	rocket	rocket	4	t	r...e.	4	2	0	0	0	1	0.7500	0.7500	0.0000	t	1
optimal	rocket	rocket	5	c	r...et	2	2	0	0	0	1	1.0000	1.0000	0.0000	c	1
optimal	rocket	rocket	6	k	r.c.et	2	2	0	0	0	1	1.0000	1.0000	0.0000	k	1
optimal	rocket	rocket	7	a	r.cket	2	2	0	0	0	0	0.5000	0.5000	0.0000	a	1
optimal	rocket	rocket	8	o	r.cket	1	3	0	0	0	1	1.0000	1.0000	0.0000	o	1
optimal	guitar	guitar	0	e	......	7028	0	0	0	0	0	0.6477	0.6477	0.0000	e	1
optimal	guitar	guitar	1	s	......	2476	1	0	0	0	0	0.5230	0.5230	0.0000	s	1
optimal	guitar	guitar	2	i	......	1181	2	0	0	0	1	0.5318	0.5318	0.0000	i	1
optimal	guitar	guitar	3	l	..i...	59	2	0	0	0	0	0.5932	0.5932	0.0000	l	1
optimal	guitar	guitar	4	r	..i...	24	3	0	0	0	1	0.6667	0.6667	0.0000	r	1
optimal	guitar	guitar	5	a	..i..r	1	3	0	0	0	1	1.0000	1.0000	0.0000	a	1
optimal	guitar	guitar	6	g	..i.ar	1	3	0	0	0	1	1.0000	1.0000	0.0000	g	1
optimal	guitar	guitar	7	t	g.i.ar	1	3	0	0	0	1	1.0000	1.0000	0.0000	t	1
optimal	guitar	guitar	8	u	g.itar	1	3	0	0	0	1	1.0000	1.0000	0.0000	u	1
optimal	jacket	jacket	0	e	......	7028	0	0	0	0	1	0.6477	0.6477	0.0000	e	1
optimal	jacket	jacket	1	d	....e.	2005	0	0	0	0	0	0.4963	0.4963	0.0000	d	1
optimal	jacket	jacket	2	r	....e.	1010	1	0	0	0	0	0.5772	0.5772	0.0000	r	1
optimal	jacket	jacket	3	s	....e.	427	2	0	0	0	0	0.7354	0.7354	0.0000	s	1
optimal	jacket	jacket	4	t	....e.	113	3	0	0	0	1	0.6106	0.6106	0.0000	t	1
optimal	jacket	jacket	5	l	....et	45	3	0	0	0	0	0.5778	0.5778	0.0000	l	1
optimal	jacket	jacket	6	c	....et	19	4	0	0	0	1	0.4737	0.4737	0.0000	c	1
optimal	jacket	jacket	7	k	..c.et	6	4	0	0	0	1	1.0000	1.0000	0.0000	k	1
optimal	jacket	jacket	8	p	..cket	6	4	0	0	0	0	0.5000	0.5000	0.0000	p	1
optimal	jacket	jacket	9	a	..cket	3	5	0	0	0	1	0.3333	0.3333	0.0000	a	1
optimal	jacket	jacket	10	j	.acket	1	5	0	0	0	1	1.0000	1.0000	0.0000	j	1
optimal	pencil	pencil	0	e	......	7028	0	0	0	0	1	0.6477	0.6477	0.0000	e	1
optimal	pencil	pencil	1	r	.e....	399	0	0	0	0	0	0.4712	0.4712	0.0000	r	1
optimal	pencil	pencil	2	s	.e....	211	1	0	0	0	0	0.4645	0.4645	0.0000	s	1
optimal	pencil	pencil	3	n	.e....	113	2	0	0	0	1	0.4867	0.4867	0.0000	n	1
optimal	pencil	pencil	4	l	.en...	12	2	0	0	0	1	0.8333	0.8333	0.0000	l	1
optimal	pencil	pencil	5	a	.en..l	7	2	0	0	0	0	0.8571	0.8571	0.0000	a	1
optimal	pencil	pencil	6	c	.en..l	1	3	0	0	0	1	1.0000	1.0000	0.0000	c	1
optimal	pencil	pencil	7	i	.enc.l	1	3	0	0	0	1	1.0000	1.0000	0.0000	i	1
optimal	pencil	pencil	8	p	.encil	1	3	0	0	0	1	1.0000	1.0000	0.0000	p	1
optimal	rabbit	rabbit	0	e	......	7028	0	0	0	0	0	0.6477	0.6477	0.0000	e	1
optimal	rabbit	rabbit	1	s	......	2476	1	0	0	0	0	0.5230	0.5230	0.0000	s	1
optimal	rabbit	rabbit	2	i	......	1181	2	0	0	0	1	0.5318	0.5318	0.0000	i	1
optimal	rabbit	rabbit	3	a	....i.	92	2	0	0	0	1	0.5109	0.5109	0.0000	a	1
optimal	rabbit	rabbit	4	n	.a..i.	21	2	0	0	0	0	0.5238	0.5238	0.0000	n	1
optimal	rabbit	rabbit	5	r	.a..i.	10	3	0	0	0	1	0.6000	0.6000	0.0000	r	1
optimal	rabbit	rabbit	6	b	ra..i.	1	3	0	0	0	1	1.0000	1.0000	0.0000	b	1
optimal	rabbit	rabbit	7	t	rabbi.	1	3	0	0	0	1	1.0000	1.0000	0.0000	t	1
optimal	turtle	turtle	0	e	......	7028	0	0	0	0	1	0.6477	0.6477	0.0000	e	1
optimal	turtle	turtle	1	l	.....e	528	0	0	0	0	1	0.4830	0.4830	0.0000	l	1
optimal	turtle	turtle	2	a	....le	191	0	0	0	0	0	0.3403	0.3403	0.0000	a	1
optimal	turtle	turtle	3	i	....le	126	1	0	0	0	0	0.4206	0.4206	0.0000	i	1
optimal	turtle	turtle	4	u	....le	73	2	0	0	0	1	0.6712	0.6712	0.0000	u	1
optimal	turtle	turtle	5	b	.u..le	43	2	0	0	0	0	0.3721	0.3721	0.0000	b	1
optimal	turtle	turtle	6	r	.u..le	27	3	0	0	0	1	0.3333	0.3333	0.0000	r	1
optimal	turtle	turtle	7	d	.ur.le	6	3	0	0	0	0	0.3333	0.3333	0.0000	d	1
optimal	turtle	turtle	8	t	.ur.le	4	4	0	0	0	1	0.5000	0.5000	0.0000	t	1
optimal	monkey	monkey	0	e	......	7028	0	0	0	0	1	0.6477	0.6477	0.0000	e	1
optimal	monkey	monkey	1	d	....e.	2005	0	0	0	0	0	0.4963	0.4963	0.0000	d	1
optimal	monkey	monkey	2	r	....e.	1010	1	0	0	0	0	0.5772	0.5772	0.0000	r	1
optimal	monkey	monkey	3	s	....e.	427	2	0	0	0	0	0.7354	0.7354	0.0000	s	1
optimal	monkey	monkey	4	t	....e.	113	3	0	0	0	0	0.6106	0.6106	0.0000	t	1
optimal	monkey	monkey	5	n	....e.	44	4	0	0	0	1	0.5682	0.5682	0.0000	n	1
optimal	monkey	monkey	6	c	..n.e.	4	4	0	0	0	0	0.7500	0.7500	0.0000	c	1
optimal	monkey	monkey	7	k	..n.e.	1	5	0	0	0	1	1.0000	1.0000	0.0000	k	1
optimal	monkey	monkey	8	m	..nke.	1	5	0	0	0	1	1.0000	1.0000	0.0000	m	1
optimal	monkey	monkey	9	o	m.nke.	1	5	0	0	0	1	1.0000	1.0000	0.0000	o	1
optimal	monkey	monkey	10	y	monke.	1	5	0	0	0	1	1.0000	1.0000	0.0000	y	1
optimal	orange	orange	0	e	......	7028	0	0	0	0	1	0.6477	0.6477	0.0000	e	1
optimal	orange	orange	1	l	.....e	528	0	0	0	0	0	0.4830	0.4830	0.0000	l	1
optimal	orange	orange	2	i	.....e	273	1	0	0	0	0	0.4945	0.4945	0.0000	i	1
optimal	orange	orange	3	a	.....e	138	2	0	0	0	1	0.5652	0.5652	0.0000	a	1
optimal	orange	orange	4	c	..a..e	18	2	0	0	0	0	0.5556	0.5556	0.0000	c	1
optimal	orange	orange	5	r	..a..e	8	3	0	0	0	1	0.6250	0.6250	0.0000	r	1
optimal	orange	orange	6	g	.ra..e	2	3	0	0	0	1	1.0000	1.0000	0.0000	g	1
optimal	orange	orange	7	n	.ra.ge	1	3	0	0	0	1	1.0000	1.0000	0.0000	n	1
optimal	orange	orange	8	o	.range	1	3	0	0	0	1	1.0000	1.0000	0.0000	o	1
optimal	purple	purple	0	e	......	7028	0	0	0	0	1	0.6477	0.6477	0.0000	e	1
optimal	purple	purple	1	l	.....e	528	0	0	0	0	1	0.4830	0.4830	0.0000	l	1
optimal	purple	purple	2	a	....le	191	0	0	0	0	0	0.3403	0.3403	0.0000	a	1
optimal	purple	purple	3	i	....le	126	1	0	0	0	0	0.4206	0.4206	0.0000	i	1
optimal	purple	purple	4	u	....le	73	2	0	0	0	1	0.6712	0.6712	0.0000	u	1
optimal	purple	purple	5	b	.u..le	43	2	0	0	0	0	0.3721	0.3721	0.0000	b	1
optimal	purple	purple	6	r	.u..le	27	3	0	0	0	1	0.3333	0.3333	0.0000	r	1
optimal	purple	purple	7	d	.ur.le	6	3	0	0	0	0	0.3333	0.3333	0.0000	d	1
optimal	purple	purple	8	t	.ur.le	4	4	0	0	0	0	0.5000	0.5000	0.0000	t	1
optimal	purple	purple	9	g	.ur.le	2	5	0	0	0	0	0.5000	0.5000	0.0000	g	1
optimal	purple	purple	10	p	.ur.le	1	6	0	0	0	1	1.0000	1.0000	0.0000	p	1
optimal	silver	silver	0	e	......	7028	0	0	0	0	1	0.6477	0.6477	0.0000	e	1
optimal	silver	silver	1	d	....e.	2005	0	0	0	0	0	0.4963	0.4963	0.0000	d	1
optimal	silver	silver	2	r	....e.	1010	1	0	0	0	1	0.5772	0.5772	0.0000	r	1
optimal	silver	silver	3	i	....er	323	1	0	0	0	1	0.3746	0.3746	0.0000	i	1
optimal	silver	silver	4	t	.i..er	64	1	0	0	0	0	0.3281	0.3281	0.0000	t	1
optimal	silver	silver	5	n	.i..er	43	2	0	0	0	0	0.3721	0.3721	0.0000	n	1
optimal	silver	silver	6	k	.i..er	27	3	0	0	0	0	0.3333	0.3333	0.0000	k	1
optimal	silver	silver	7	l	.i..er	18	4	0	0	0	1	0.3333	0.3333	0.0000	l	1
optimal	silver	silver	8	f	.il.er	2	4	0	0	0	0	0.5000	0.5000	0.0000	f	1
optimal	silver	silver	9	s	.il.er	1	5	0	0	0	1	1.0000	1.0000	0.0000	s	1
optimal	silver	silver	10	v	sil.er	1	5	0	0	0	1	1.0000	1.0000	0.0000	v	1
optimal	winter	winter	0	e	......	7028	0	0	0	0	1	0.6477	0.6477	0.0000	e	1
optimal	winter	winter	1	d	....e.	2005	0	0	0	0	0	0.4963	0.4963	0.0000	d	1
optimal	winter	winter	2	r	....e.	1010	1	0	0	0	1	0.5772	0.5772	0.0000	r	1
optimal	winter	winter	3	i	....er	323	1	0	0	0	1	0.3746	0.3746	0.0000	i	1
optimal	winter	winter	4	t	.i..er	64	1	0	0	0	1	0.3281	0.3281	0.0000	t	1
optimal	winter	winter	5	s	.i.ter	6	1	0	0	0	0	0.5000	0.5000	0.0000	s	1
optimal	winter	winter	6	l	.i.ter	3	2	0	0	0	0	0.6667	0.6667	0.0000	l	1
optimal	winter	winter	7	n	.i.ter	1	3	0	0	0	1	1.0000	1.0000	0.0000	n	1
optimal	winter	winter	8	w	.inter	1	3	0	0	0	1	1.0000	1.0000	0.0000	w	1
optimal	zebra	zebra	0	s	.....	4431	0	0	0	0	0	0.4906	0.4906	0.0000	s	1
optimal	zebra	zebra	1	e	.....	2257	1	0	0	0	1	0.5228	0.5228	0.0000	e	1
optimal	zebra	zebra	2	a	.e...	167	1	0	0	0	1	0.3892	0.3892	0.0000	a	1
optimal	zebra	zebra	3	m	.e..a	6	1	0	0	0	0	0.5000	0.5000	0.0000	m	1
optimal	zebra	zebra	4	b	.e..a	3	2	0	0	0	1	0.3333	0.3333	0.0000	b	1
optimal	zebra	zebra	5	r	.eb.a	1	2	0	0	0	1	1.0000	1.0000	0.0000	r	1
optimal	zebra	zebra	6	z	.ebra	1	2	0	0	0	1	1.0000	1.0000	0.0000	z	1
optimal	bridge	bridge	0	e	......	7028	0	0	0	0	1	0.6477	0.6477	0.0000	e	1
optimal	bridge	bridge	1	l	.....e	528	0	0	0	0	0	0.4830	0.4830	0.0000	l	1
optimal	bridge	bridge	2	i	.....e	273	1	0	0	0	1	0.4945	0.4945	0.0000	i	1
optimal	bridge	bridge	3	r	..i..e	15	1	0	0	0	1	0.6000	0.6000	0.0000	r	1
optimal	bridge	bridge	4	g	.ri..e	8	1	0	0	0	1	0.7500	0.7500	0.0000	g	1
optimal	bridge	bridge	5	d	.ri.ge	5	1	0	0	0	1	0.4000	0.4000	0.0000	d	1
optimal	bridge	bridge	6	b	.ridge	2	1	0	0	0	1	0.5000	0.5000	0.0000	b	1
optimal	planet	planet	0	e	......	7028	0	0	0	0	1	0.6477	0.6477	0.0000	e	1
optimal	planet	planet	1	d	....e.	2005	0	0	0	0	0	0.4963	0.4963	0.0000	d	1
optimal	planet	planet	2	r	....e.	1010	1	0	0	0	0	0.5772	0.5772	0.0000	r	1
optimal	planet	planet	3	s	....e.	427	2	0	0	0	0	0.7354	0.7354	0.0000	s	1
optimal	planet	planet	4	t	....e.	113	3	0	0	0	1	0.6106	0.6106	0.0000	t	1
optimal	planet	planet	5	l	....et	45	3	0	0	0	1	0.5778	0.5778	0.0000	l	1
optimal	planet	planet	6	a	.l..et	1	3	0	0	0	1	1.0000	1.0000	0.0000	a	1
optimal	planet	planet	7	n	.la.et	1	3	0	0	0	1	1.0000	1.0000	0.0000	n	1
optimal	planet	planet	8	p	.lanet	1	3	0	0	0	1	1.0000	1.0000	0.0000	p	1
optimal	forest	forest	0	e	......	7028	0	0	0	0	1	0.6477	0.6477	0.0000	e	1
optimal	forest	forest	1	s	...e..	445	0	0	0	0	1	0.7213	0.7213	0.0000	s	1
optimal	forest	forest	2	t	...es.	56	0	0	0	0	1	0.9821	0.9821	0.0000	t	1
optimal	forest	forest	3	i	...est	46	0	0	0	0	0	0.4348	0.4348	0.0000	i	1
optimal	forest	forest	4	a	...est	26	1	0	0	0	0	0.4231	0.4231	0.0000	a	1
optimal	forest	forest	5	o	...est	15	2	0	0	0	1	0.5333	0.5333	0.0000	o	1
optimal	forest	forest	6	l	.o.est	6	2	0	0	0	0	0.3333	0.3333	0.0000	l	1
optimal	forest	forest	7	c	.o.est	4	3	0	0	0	0	0.2500	0.2500	0.0000	c	1
optimal	forest	forest	8	d	.o.est	3	4	0	0	0	0	0.3333	0.3333	0.0000	d	1
optimal	forest	forest	9	f	.o.est	2	5	0	0	0	1	0.5000	0.5000	0.0000	f	1
optimal	forest	forest	10	r	fo.est	1	5	0	0	0	1	1.0000	1.0000	0.0000	r	1
optimal	castle	castle	0	e	......	7028	0	0	0	0	1	0.6477	0.6477	0.0000	e	1
optimal	castle	castle	1	l	.....e	528	0	0	0	0	1	0.4830	0.4830	0.0000	l	1
optimal	castle	castle	2	a	....le	191	0	0	0	0	1	0.3403	0.3403	0.0000	a	1
optimal	castle	castle	3	b	.a..le	48	0	0	0	0	0	0.2708	0.2708	0.0000	b	1
optimal	castle	castle	4	d	.a..le	35	1	0	0	0	0	0.2857	0.2857	0.0000	d	1
optimal	castle	castle	5	g	.a..le	25	2	0	0	0	0	0.3200	0.3200	0.0000	g	1
optimal	castle	castle	6	c	.a..le	17	3	0	0	0	1	0.4118	0.4118	0.0000	c	1
optimal	castle	castle	7	t	ca..le	3	3	0	0	0	1	0.6667	0.6667	0.0000	t	1
optimal	castle	castle	8	s	ca.tle	1	3	0	0	0	1	1.0000	1.0000	0.0000	s	1
optimal	river	river	0	s	.....	4431	0	0	0	0	0	0.4906	0.4906	0.0000	s	1
optimal	river	river	1	e	.....	2257	1	0	0	0	1	0.5228	0.5228	0.0000	e	1
optimal	river	river	2	d	...e.	473	1	0	0	0	0	0.5581	0.5581	0.0000	d	1
optimal	river	river	3	r	...e.	209	2	0	0	0	1	0.6316	0.6316	0.0000	r	1
optimal	river	river	4	i	r..er	9	2	0	0	0	1	0.3333	0.3333	0.0000	i	1
optimal	river	river	5	f	ri.er	3	2	0	0	0	0	0.3333	0.3333	0.0000	f	1
optimal	river	river	6	p	ri.er	2	3	0	0	0	0	0.5000	0.5000	0.0000	p	1
optimal	river	river	7	v	ri.er	1	4	0	0	0	1	1.0000	1.0000	0.0000	v	1
optimal	bicycle	bicycle	0	e	.......	9571	0	0	0	0	1	0.6890	0.6890	0.0000	e	1
optimal	bicycle	bicycle	1	a	......e	535	0	0	0	0	0	0.5346	0.5346	0.0000	a	1
optimal	bicycle	bicycle	2	i	......e	249	1	0	0	0	1	0.5904	0.5904	0.0000	i	1
optimal	bicycle	bicycle	3	r	.i....e	20	1	0	0	0	0	0.5500	0.5500	0.0000	r	1
optimal	bicycle	bicycle	4	s	.i....e	9	2	0	0	0	0	0.6667	0.6667	0.0000	s	1
optimal	bicycle	bicycle	5	l	.i....e	3	3	0	0	0	1	1.0000	1.0000	0.0000	l	1
optimal	bicycle	bicycle	6	b	.i...le	2	3	0	0	0	1	0.5000	0.5000	0.0000	b	1
optimal	bicycle	bicycle	7	c	bi...le	1	3	0	0	0	1	1.0000	1.0000	0.0000	c	1
optimal	bicycle	bicycle	8	y	bic.cle	1	3	0	0	0	1	1.0000	1.0000	0.0000	y	1
optimal	camera	camera	0	e	......	7028	0	0	0	0	1	0.6477	0.6477	0.0000	e	1
optimal	camera	camera	1	s	...e..	445	0	0	0	0	0	0.7213	0.7213	0.0000	s	1
optimal	camera	camera	2	n	...e..	124	1	0	0	0	0	0.4758	0.4758	0.0000	n	1
optimal	camera	camera	3	a	...e..	65	2	0	0	0	1	0.5077	0.5077	0.0000	a	1
optimal	camera	camera	4	c	.a.e.a	1	2	0	0	0	1	1.0000	1.0000	0.0000	c	1
optimal	camera	camera	5	m	ca.e.a	1	2	0	0	0	1	1.0000	1.0000	0.0000	m	1
optimal	camera	camera	6	r	came.a	1	2	0	0	0	1	1.0000	1.0000	0.0000	r	1
optimal	diamond	diamond	0	e	.......	9571	0	0	0	0	0	0.6890	0.6890	0.0000	e	1
optimal	diamond	diamond	1	i	.......	2977	1	0	0	0	1	0.6439	0.6439	0.0000	i	1
optimal	diamond	diamond	2	s	.i.....	159	1	0	0	0	0	0.5723	0.5723	0.0000	s	1
optimal	diamond	diamond	3	a	.i.....	68	2	0	0	0	1	0.5735	0.5735	0.0000	a	1
optimal	diamond	diamond	4	d	.ia....	2	2	0	0	0	1	1.0000	1.0000	0.0000	d	1
optimal	diamond	diamond	5	m	dia...d	1	2	0	0	0	1	1.0000	1.0000	0.0000	m	1
optimal	diamond	diamond	6	n	diam..d	1	2	0	0	0	1	1.0000	1.0000	0.0000	n	1
optimal	diamond	diamond	7	o	diam.nd	1	2	0	0	0	1	1.0000	1.0000	0.0000	o	1
optimal	elephant	elephant	0	e	........	10078	0	0	0	0	1	0.6958	0.6958	0.0000	e	1
optimal	elephant	elephant	1	t	e.e.....	30	0	0	0	0	1	0.6667	0.6667	0.0000	t	1
optimal	elephant	elephant	2	h	e.e....t	2	0	0	0	0	1	1.0000	1.0000	0.0000	h	1
optimal	elephant	elephant	3	a	e.e.h..t	1	0	0	0	0	1	1.0000	1.0000	0.0000	a	1
optimal	elephant	elephant	4	l	e.e.ha.t	1	0	0	0	0	1	1.0000	1.0000	0.0000	l	1
optimal	elephant	elephant	5	n	ele.ha.t	1	0	0	0	0	1	1.0000	1.0000	0.0000	n	1
optimal	elephant	elephant	6	p	ele.hant	1	0	0	0	0	1	1.0000	1.0000	0.0000	p	1
optimal	fishing	fishing	0	e	.......	9571	0	0	0	0	0	0.6890	0.6890	0.0000	e	1
optimal	fishing	fishing	1	i	.......	2977	1	0	0	0	1	0.6439	0.6439	0.0000	i	1
optimal	fishing	fishing	2	n	.i..i..	175	1	0	0	0	1	0.8514	0.8514	0.0000	n	1
optimal	fishing	fishing	3	g	.i..in.	94	1	0	0	0	1	0.9681	0.9681	0.0000	g	1
optimal	fishing	fishing	4	t	.i..ing	77	1	0	0	0	0	0.3247	0.3247	0.0000	t	1
optimal	fishing	fishing	5	s	.i..ing	52	2	0	0	0	1	0.3077	0.3077	0.0000	s	1
optimal	fishing	fishing	6	h	.is.ing	6	2	0	0	0	1	0.5000	0.5000	0.0000	h	1
optimal	fishing	fishing	7	d	.ishing	3	2	0	0	0	0	0.3333	0.3333	0.0000	d	1
optimal	fishing	fishing	8	f	.ishing	2	3	0	0	0	1	0.5000	0.5000	0.0000	f	1
optimal	giraffe	giraffe	0	e	.......	9571	0	0	0	0	1	0.6890	0.6890	0.0000	e	1
optimal	giraffe	giraffe	1	a	......e	535	0	0	0	0	1	0.5346	0.5346	0.0000	a	1
optimal	giraffe	giraffe	2	i	...a..e	26	0	0	0	0	1	0.6154	0.6154	0.0000	i	1
optimal	giraffe	giraffe	3	l	.i.a..e	9	0	0	0	0	0	0.5556	0.5556	0.0000	l	1
optimal	giraffe	giraffe	4	c	.i.a..e	4	1	0	0	0	0	0.5000	0.5000	0.0000	c	1
optimal	giraffe	giraffe	5	r	.i.a..e	2	2	0	0	0	1	1.0000	1.0000	0.0000	r	1
optimal	giraffe	giraffe	6	f	.ira..e	1	2	0	0	0	1	1.0000	1.0000	0.0000	f	1
optimal	giraffe	giraffe	7	g	.iraffe	1	2	0	0	0	1	1.0000	1.0000	0.0000	g	1
optimal	holiday	holiday	0	e	.......	9571	0	0	0	0	0	0.6890	0.6890	0.0000	e	1
optimal	holiday	holiday	1	i	.......	2977	1	0	0	0	1	0.6439	0.6439	0.0000	i	1
optimal	holiday	holiday	2	s	...i...	186	1	0	0	0	0	0.6290	0.6290	0.0000	s	1
optimal	holiday	holiday	3	a	...i...	69	2	0	0	0	1	0.7681	0.7681	0.0000	a	1
optimal	holiday	holiday	4	l	...i.a.	15	2	0	0	0	1	0.9333	0.9333	0.0000	l	1
optimal	holiday	holiday	5	d	..li.a.	1	2	0	0	0	1	1.0000	1.0000	0.0000	d	1
optimal	holiday	holiday	6	h	..lida.	1	2	0	0	0	1	1.0000	1.0000	0.0000	h	1
optimal	holiday	holiday	7	o	h.lida.	1	2	0	0	0	1	1.0000	1.0000	0.0000	o	1
optimal	holiday	holiday	8	y	holida.	1	2	0	0	0	1	1.0000	1.0000	0.0000	y	1
optimal	jungle	jungle	0	e	......	7028	0	0	0	0	1	0.6477	0.6477	0.0000	e	1
optimal	jungle	jungle	1	l	.....e	528	0	0	0	0	1	0.4830	0.4830	0.0000	l	1
optimal	jungle	jungle	2	a	....le	191	0	0	0	0	0	0.3403	0.3403	0.0000	a	1
optimal	jungle	jungle	3	i	....le	126	1	0	0	0	0	0.4206	0.4206	0.0000	i	1
optimal	jungle	jungle	4	u	....le	73	2	0	0	0	1	0.6712	0.6712	0.0000	u	1
optimal	jungle	jungle	5	b	.u..le	43	2	0	0	0	0	0.3721	0.3721	0.0000	b	1
optimal	jungle	jungle	6	r	.u..le	27	3	0	0	0	0	0.3333	0.3333	0.0000	r	1
optimal	jungle	jungle	7	d	.u..le	18	4	0	0	0	0	0.2778	0.2778	0.0000	d	1
optimal	jungle	jungle	8	s	.u..le	13	5	0	0	0	0	0.3846	0.3846	0.0000	s	1
optimal	jungle	jungle	9	g	.u..le	8	6	0	0	0	1	0.5000	0.5000	0.0000	g	1
optimal	jungle	jungle	10	j	.u.gle	1	6	0	0	0	1	1.0000	1.0000	0.0000	j	1
optimal	jungle	jungle	11	n	ju.gle	1	6	0	0	0	1	1.0000	1.0000	0.0000	n	1
optimal	kangaroo	kangaroo	0	e	........	10078	0	0	0	0	0	0.6958	0.6958	0.0000	e	1
optimal	kangaroo	kangaroo	1	i	........	3066	1	0	0	0	0	0.7120	0.7120	0.0000	i	1
optimal	kangaroo	kangaroo	2	a	........	883	2	0	0	0	1	0.7259	0.7259	0.0000	a	1
optimal	kangaroo	kangaroo	3	s	.a..a...	43	2	0	0	0	0	0.6977	0.6977	0.0000	s	1
optimal	kangaroo	kangaroo	4	n	.a..a...	13	3	0	0	0	1	0.7692	0.7692	0.0000	n	1
optimal	kangaroo	kangaroo	5	g	.an.a...	2	3	0	0	0	1	0.5000	0.5000	0.0000	g	1
optimal	kangaroo	kangaroo	6	k	.anga...	1	3	0	0	0	1	1.0000	1.0000	0.0000	k	1
optimal	kangaroo	kangaroo	7	o	kanga...	1	3	0	0	0	1	1.0000	1.0000	0.0000	o	1
optimal	kangaroo	kangaroo	8	r	kanga.oo	1	3	0	0	0	1	1.0000	1.0000	0.0000	r	1
optimal	ladder	ladder	0	e	......	7028	0	0	0	0	1	0.6477	0.6477	0.0000	e	1
optimal	ladder	ladder	1	d	....e.	2005	0	0	0	0	1	0.4963	0.4963	0.0000	d	1
optimal	ladder	ladder	2	r	..dde.	15	0	0	0	0	1	0.6000	0.6000	0.0000	r	1
optimal	ladder	ladder	3	a	..dder	7	0	0	0	0	1	0.5714	0.5714	0.0000	a	1
optimal	ladder	ladder	4	b	.adder	4	0	0	0	0	0	0.2500	0.2500	0.0000	b	1
optimal	ladder	ladder	5	l	.adder	3	1	0	0	0	1	0.3333	0.3333	0.0000	l	1
optimal	mountain	mountain	0	e	........	10078	0	0	0	0	0	0.6958	0.6958	0.0000	e	1
optimal	mountain	mountain	1	i	........	3066	1	0	0	0	1	0.7120	0.7120	0.0000	i	1
optimal	mountain	mountain	2	a	......i.	103	1	0	0	0	1	0.7961	0.7961	0.0000	a	1
optimal	mountain	mountain	3	o	.....ai.	12	1	0	0	0	1	1.0000	1.0000	0.0000	o	1
optimal	mountain	mountain	4	n	.o...ai.	10	1	0	0	0	1	0.7000	0.7000	0.0000	n	1
optimal	mountain	mountain	5	t	.o.n.ain	2	1	0	0	0	1	1.0000	1.0000	0.0000	t	1
optimal	mountain	mountain	6	u	.o.ntain	2	1	0	0	0	1	1.0000	1.0000	0.0000	u	1
optimal	mountain	mountain	7	f	.ountain	2	1	0	0	0	0	0.5000	0.5000	0.0000	f	1
optimal	mountain	mountain	8	m	.ountain	1	2	0	0	0	1	1.0000	1.0000	0.0000	m	1
optimal	notebook	notebook	0	e	........	10078	0	0	0	0	1	0.6958	0.6958	0.0000	e	1
optimal	notebook	notebook	1	r	...e....	322	0	0	0	0	0	0.5963	0.5963	0.0000	r	1
optimal	notebook	notebook	2	i	...e....	130	1	0	0	0	0	0.5923	0.5923	0.0000	i	1
optimal	notebook	notebook	3	a	...e....	53	2	0	0	0	0	0.6604	0.6604	0.0000	a	1
optimal	notebook	notebook	4	o	...e....	18	3	0	0	0	1	0.9444	0.9444	0.0000	o	1
optimal	notebook	notebook	5	b	.o.e.oo.	1	3	0	0	0	1	1.0000	1.0000	0.0000	b	1
optimal	notebook	notebook	6	k	.o.eboo.	1	3	0	0	0	1	1.0000	1.0000	0.0000	k	1
optimal	notebook	notebook	7	n	.o.ebook	1	3	0	0	0	1	1.0000	1.0000	0.0000	n	1
optimal	notebook	notebook	8	t	no.ebook	1	3	0	0	0	1	1.0000	1.0000	0.0000	t	1
optimal	octopus	octopus	0	e	.......	9571	0	0	0	0	0	0.6890	0.6890	0.0000	e	1
optimal	octopus	octopus	1	i	.......	2977	1	0	0	0	0	0.6439	0.6439	0.0000	i	1
optimal	octopus	octopus	2	a	.......	1060	2	0	0	0	0	0.6906	0.6906	0.0000	a	1
optimal	octopus	octopus	3	o	.......	328	3	0	0	0	1	0.8780	0.8780	0.0000	o	1
optimal	octopus	octopus	4	s	o..o...	4	3	0	0	0	1	0.7500	0.7500	0.0000	s	1
optimal	octopus	octopus	5	b	o..o..s	3	3	0	0	0	0	0.3333	0.3333	0.0000	b	1
optimal	octopus	octopus	6	c	o..o..s	2	4	0	0	0	1	0.5000	0.5000	0.0000	c	1
optimal	octopus	octopus	7	p	oc.o..s	1	4	0	0	0	1	1.0000	1.0000	0.0000	p	1
optimal	octopus	octopus	8	t	oc.op.s	1	4	0	0	0	1	1.0000	1.0000	0.0000	t	1
optimal	octopus	octopus	9	u	octop.s	1	4	0	0	0	1	1.0000	1.0000	0.0000	u	1
optimal	penguin	penguin	0	e	.......	9571	0	0	0	0	1	0.6890	0.6890	0.0000	e	1
optimal	penguin	penguin	1	i	.e.....	605	0	0	0	0	1	0.5488	0.5488	0.0000	i	1
optimal	penguin	penguin	2	a	.e...i.	31	0	0	0	0	0	0.7419	0.7419	0.0000	a	1
optimal	penguin	penguin	3	d	.e...i.	8	1	0	0	0	0	0.7500	0.7500	0.0000	d	1
optimal	penguin	penguin	4	u	.e...i.	2	2	0	0	0	1	1.0000	1.0000	0.0000	u	1
optimal	penguin	penguin	5	c	.e..ui.	2	2	0	0	0	0	0.5000	0.5000	0.0000	c	1
optimal	penguin	penguin	6	g	.e..ui.	1	3	0	0	0	1	1.0000	1.0000	0.0000	g	1
optimal	penguin	penguin	7	n	.e.gui.	1	3	0	0	0	1	1.0000	1.0000	0.0000	n	1
optimal	penguin	penguin	8	p	.enguin	1	3	0	0	0	1	1.0000	1.0000	0.0000	p	1
optimal	question	question	0	e	........	10078	0	0	0	0	1	0.6958	0.6958	0.0000	e	1
optimal	question	question	1	i	..e.....	267	0	0	0	0	1	0.6667	0.6667	0.0000	i	1
optimal	question	question	2	n	..e..i..	122	0	0	0	0	1	0.8525	0.8525	0.0000	n	1
optimal	question	question	3	o	..e..i.n	5	0	0	0	0	1	0.8000	0.8000	0.0000	o	1
optimal	question	question	4	a	..e..ion	3	0	0	0	0	0	0.6667	0.6667	0.0000	a	1
optimal	question	question	5	q	..e..ion	1	1	0	0	0	1	1.0000	1.0000	0.0000	q	1
optimal	question	question	6	s	q.e..ion	1	1	0	0	0	1	1.0000	1.0000	0.0000	s	1
optimal	question	question	7	t	q.es.ion	1	1	0	0	0	1	1.0000	1.0000	0.0000	t	1
optimal	question	question	8	u	q.estion	1	1	0	0	0	1	1.0000	1.0000	0.0000	u	1
optimal	volcano	volcano	0	e	.......	9571	0	0	0	0	0	0.6890	0.6890	0.0000	e	1
optimal	volcano	volcano	1	i	.......	2977	1	0	0	0	0	0.6439	0.6439	0.0000	i	1
optimal	volcano	volcano	2	a	.......	1060	2	0	0	0	1	0.6906	0.6906	0.0000	a	1
optimal	volcano	volcano	3	s	....a..	116	2	0	0	0	0	0.6897	0.6897	0.0000	s	1
optimal	volcano	volcano	4	o	....a..	36	3	0	0	0	1	0.7222	0.7222	0.0000	o	1
optimal	volcano	volcano	5	n	.o..a.o	2	3	0	0	0	1	1.0000	1.0000	0.0000	n	1
optimal	volcano	volcano	6	c	.o..ano	1	3	0	0	0	1	1.0000	1.0000	0.0000	c	1
optimal	volcano	volcano	7	l	.o.cano	1	3	0	0	0	1	1.0000	1.0000	0.0000	l	1
optimal	volcano	volcano	8	v	.olcano	1	3	0	0	0	1	1.0000	1.0000	0.0000	v	1
optimal	postcard	postcard	0	e	........	10078	0	0	0	0	0	0.6958	0.6958	0.0000	e	1
optimal	postcard	postcard	1	i	........	3066	1	0	0	0	0	0.7120	0.7120	0.0000	i	1
optimal	postcard	postcard	2	a	........	883	2	0	0	0	1	0.7259	0.7259	0.0000	a	1
optimal	postcard	postcard	3	o	.....a..	89	2	0	0	0	1	0.7191	0.7191	0.0000	o	1
optimal	postcard	postcard	4	r	.o...a..	26	2	0	0	0	1	0.6154	0.6154	0.0000	r	1
optimal	postcard	postcard	5	d	.o...ar.	6	2	0	0	0	1	0.6667	0.6667	0.0000	d	1
optimal	postcard	postcard	6	c	.o...ard	1	2	0	0	0	1	1.0000	1.0000	0.0000	c	1
optimal	postcard	postcard	7	p	.o..card	1	2	0	0	0	1	1.0000	1.0000	0.0000	p	1
optimal	postcard	postcard	8	s	po..card	1	2	0	0	0	1	1.0000	1.0000	0.0000	s	1
optimal	postcard	postcard	9	t	pos.card	1	2	0	0	0	1	1.0000	1.0000	0.0000	t	1
optimal	harvest	harvest	0	e	.......	9571	0	0	0	0	1	0.6890	0.6890	0.0000	e	1
optimal	harvest	harvest	1	s	....e..	987	0	0	0	0	1	0.8369	0.8369	0.0000	s	1
optimal	harvest	harvest	2	t	....es.	115	0	0	0	0	1	1.0000	1.0000	0.0000	t	1
optimal	harvest	harvest	3	i	....est	96	0	0	0	0	0	0.5521	0.5521	0.0000	i	1
optimal	harvest	harvest	4	a	....est	43	1	0	0	0	1	0.5116	0.5116	0.0000	a	1
optimal	harvest	harvest	5	d	.a..est	16	1	0	0	0	0	0.4375	0.4375	0.0000	d	1
optimal	harvest	harvest	6	r	.a..est	9	2	0	0	0	1	0.4444	0.4444	0.0000	r	1
optimal	harvest	harvest	7	g	.ar.est	3	2	0	0	0	0	0.3333	0.3333	0.0000	g	1
optimal	harvest	harvest	8	h	.ar.est	2	3	0	0	0	1	0.5000	0.5000	0.0000	h	1
optimal	harvest	harvest	9	v	har.est	1	3	0	0	0	1	1.0000	1.0000	0.0000	v	1
optimal	compass	compass	0	e	.......	9571	0	0	0	0	0	0.6890	0.6890	0.0000	e	1
optimal	compass	compass	1	i	.......	2977	1	0	0	0	0	0.6439	0.6439	0.0000	i	1
optimal	compass	compass	2	a	.......	1060	2	0	0	0	1	0.6906	0.6906	0.0000	a	1
optimal	compass	compass	3	s	....a..	116	2	0	0	0	1	0.6897	0.6897	0.0000	s	1
optimal	compass	compass	4	c	....ass	2	2	0	0	0	1	1.0000	1.0000	0.0000	c	1
optimal	compass	compass	5	l	c...ass	2	2	0	0	0	0	0.5000	0.5000	0.0000	l	1
optimal	compass	compass	6	m	c...ass	1	3	0	0	0	1	1.0000	1.0000	0.0000	m	1
optimal	compass	compass	7	o	c.m.ass	1	3	0	0	0	1	1.0000	1.0000	0.0000	o	1
optimal	compass	compass	8	p	com.ass	1	3	0	0	0	1	1.0000	1.0000	0.0000	p	1
optimal	lantern	lantern	0	e	.......	9571	0	0	0	0	1	0.6890	0.6890	0.0000	e	1
optimal	lantern	lantern	1	s	....e..	987	0	0	0	0	0	0.8369	0.8369	0.0000	s	1
optimal	lantern	lantern	2	r	....e..	161	1	0	0	0	1	0.5839	0.5839	0.0000	r	1
optimal	lantern	lantern	3	y	....er.	35	1	0	0	0	0	0.6286	0.6286	0.0000	y	1
optimal	lantern	lantern	4	t	....er.	13	2	0	0	0	1	0.6154	0.6154	0.0000	t	1
optimal	lantern	lantern	5	a	...ter.	2	2	0	0	0	1	0.5000	0.5000	0.0000	a	1
optimal	lantern	lantern	6	l	.a.ter.	1	2	0	0	0	1	1.0000	1.0000	0.0000	l	1
optimal	lantern	lantern	7	n	la.ter.	1	2	0	0	0	1	1.0000	1.0000	0.0000	n	1
optimal	awkward	awkward	0	e	.......	9571	0	0	0	0	0	0.6890	0.6890	0.0000	e	1
optimal	awkward	awkward	1	i	.......	2977	1	0	0	0	0	0.6439	0.6439	0.0000	i	1
optimal	awkward	awkward	2	a	.......	1060	2	0	0	0	1	0.6906	0.6906	0.0000	a	1
optimal	awkward	awkward	3	s	a...a..	15	2	0	0	0	0	0.5333	0.5333	0.0000	s	1
optimal	awkward	awkward	4	d	a...a..	7	3	0	0	0	1	0.5714	0.5714	0.0000	d	1
optimal	awkward	awkward	5	r	a...a.d	3	3	0	0	0	1	0.6667	0.6667	0.0000	r	1
optimal	awkward	awkward	6	k	a...ard	1	3	0	0	0	1	1.0000	1.0000	0.0000	k	1
optimal	awkward	awkward	7	w	a.k.ard	1	3	0	0	0	1	1.0000	1.0000	0.0000	w	1
optimal	bagpipes	bagpipes	0	e	........	10078	0	0	0	0	1	0.6958	0.6958	0.0000	e	1
optimal	bagpipes	bagpipes	1	s	......e.	1620	0	0	0	0	1	0.6377	0.6377	0.0000	s	1
optimal	bagpipes	bagpipes	2	i	......es	388	0	0	0	0	1	0.5722	0.5722	0.0000	i	1
optimal	bagpipes	bagpipes	3	c	....i.es	38	0	0	0	0	0	0.6053	0.6053	0.0000	c	1
optimal	bagpipes	bagpipes	4	r	....i.es	15	1	0	0	0	0	0.8000	0.8000	0.0000	r	1
optimal	bagpipes	bagpipes	5	l	....i.es	3	2	0	0	0	0	0.6667	0.6667	0.0000	l	1
optimal	bagpipes	bagpipes	6	a	....i.es	1	3	0	0	0	1	1.0000	1.0000	0.0000	a	1
optimal	bagpipes	bagpipes	7	b	.a..i.es	1	3	0	0	0	1	1.0000	1.0000	0.0000	b	1
optimal	bagpipes	bagpipes	8	g	ba..i.es	1	3	0	0	0	1	1.0000	1.0000	0.0000	g	1
optimal	bagpipes	bagpipes	9	p	bag.i.es	1	3	0	0	0	1	1.0000	1.0000	0.0000	p	1
optimal	croquet	croquet	0	e	.......	9571	0	0	0	0	1	0.6890	0.6890	0.0000	e	1
optimal	croquet	croquet	1	s	.....e.	2375	0	0	0	0	0	0.5251	0.5251	0.0000	s	1
optimal	croquet	croquet	2	d	.....e.	1128	1	0	0	0	0	0.6223	0.6223	0.0000	d	1
optimal	croquet	croquet	3	r	.....e.	426	2	0	0	0	1	0.8756	0.8756	0.0000	r	1
optimal	croquet	croquet	4	t	.r...e.	19	2	0	0	0	1	0.7895	0.7895	0.0000	t	1
optimal	croquet	croquet	5	c	.r...et	7	2	0	0	0	1	0.7143	0.7143	0.0000	c	1
optimal	croquet	croquet	6	u	cr...et	2	2	0	0	0	1	1.0000	1.0000	0.0000	u	1
optimal	croquet	croquet	7	o	cr..uet	1	2	0	0	0	1	1.0000	1.0000	0.0000	o	1
optimal	croquet	croquet	8	q	cro.uet	1	2	0	0	0	1	1.0000	1.0000	0.0000	q	1
optimal	dwarfs	dwarfs	0	e	......	7028	0	0	0	0	0	0.6477	0.6477	0.0000	e	1
optimal	dwarfs	dwarfs	1	s	......	2476	1	0	0	0	1	0.5230	0.5230	0.0000	s	1
optimal	dwarfs	dwarfs	2	a	.....s	614	1	0	0	0	1	0.4967	0.4967	0.0000	a	1
optimal	dwarfs	dwarfs	3	r	..a..s	80	1	0	0	0	1	0.5500	0.5500	0.0000	r	1
optimal	dwarfs	dwarfs	4	d	..ar.s	9	1	0	0	0	1	0.4444	0.4444	0.0000	d	1
optimal	dwarfs	dwarfs	5	f	d.ar.s	1	1	0	0	0	1	1.0000	1.0000	0.0000	f	1
optimal	dwarfs	dwarfs	6	w	d.arfs	1	1	0	0	0	1	1.0000	1.0000	0.0000	w	1
optimal	espionage	espionage	0	e	.........	8995	0	0	0	0	1	0.7360	0.7360	0.0000	e	1
optimal	espionage	espionage	1	a	e.......e	41	0	0	0	0	1	0.7805	0.7805	0.0000	a	1
optimal	espionage	espionage	2	t	e.....a.e	12	0	0	0	0	0	0.8333	0.8333	0.0000	t	1
optimal	espionage	espionage	3	g	e.....a.e	2	1	0	0	0	1	1.0000	1.0000	0.0000	g	1
optimal	espionage	espionage	4	n	e.....age	2	1	0	0	0	1	1.0000	1.0000	0.0000	n	1
optimal	espionage	espionage	5	i	e....nage	1	1	0	0	0	1	1.0000	1.0000	0.0000	i	1
optimal	espionage	espionage	6	o	e..i.nage	1	1	0	0	0	1	1.0000	1.0000	0.0000	o	1
optimal	espionage	espionage	7	p	e..ionage	1	1	0	0	0	1	1.0000	1.0000	0.0000	p	1
optimal	espionage	espionage	8	s	e.pionage	1	1	0	0	0	1	1.0000	1.0000	0.0000	s	1
optimal	flopping	flopping	0	e	........	10078	0	0	0	0	0	0.6958	0.6958	0.0000	e	1
optimal	flopping	flopping	1	i	........	3066	1	0	0	0	1	0.7120	0.7120	0.0000	i	1
optimal	flopping	flopping	2	n	.....i..	935	1	0	0	0	1	0.8299	0.8299	0.0000	n	1
optimal	flopping	flopping	3	g	.....in.	535	1	0	0	0	1	0.9626	0.9626	0.0000	g	1
optimal	flopping	flopping	4	a	.....ing	442	1	0	0	0	0	0.4864	0.4864	0.0000	a	1
optimal	flopping	flopping	5	o	.....ing	227	2	0	0	0	1	0.5771	0.5771	0.0000	o	1
optimal	flopping	flopping	6	l	..o..ing	58	2	0	0	0	1	0.4483	0.4483	0.0000	l	1
optimal	flopping	flopping	7	c	.lo..ing	22	2	0	0	0	0	0.4091	0.4091	0.0000	c	1
optimal	flopping	flopping	8	p	.lo..ing	13	3	0	0	0	1	0.3846	0.3846	0.0000	p	1
optimal	flopping	flopping	9	f	.lopping	2	3	0	0	0	1	0.5000	0.5000	0.0000	f	1
optimal	gazebo	gazebo	0	e	......	7028	0	0	0	0	1	0.6477	0.6477	0.0000	e	1
optimal	gazebo	gazebo	1	s	...e..	445	0	0	0	0	0	0.7213	0.7213	0.0000	s	1
optimal	gazebo	gazebo	2	n	...e..	124	1	0	0	0	0	0.4758	0.4758	0.0000	n	1
optimal	gazebo	gazebo	3	a	...e..	65	2	0	0	0	1	0.5077	0.5077	0.0000	a	1
optimal	gazebo	gazebo	4	y	.a.e..	13	2	0	0	0	0	0.8462	0.8462	0.0000	y	1
optimal	gazebo	gazebo	5	b	.a.e..	2	3	0	0	0	1	0.5000	0.5000	0.0000	b	1
optimal	gazebo	gazebo	6	g	.a.eb.	1	3	0	0	0	1	1.0000	1.0000	0.0000	g	1
optimal	gazebo	gazebo	7	o	ga.eb.	1	3	0	0	0	1	1.0000	1.0000	0.0000	o	1
optimal	gazebo	gazebo	8	z	ga.ebo	1	3	0	0	0	1	1.0000	1.0000	0.0000	z	1
optimal	haiku	haiku	0	s	.....	4431	0	0	0	0	0	0.4906	0.4906	0.0000	s	1
optimal	haiku	haiku	1	e	.....	2257	1	0	0	0	0	0.5228	0.5228	0.0000	e	1
optimal	haiku	haiku	2	a	.....	1077	2	0	0	0	1	0.4596	0.4596	0.0000	a	1
optimal	haiku	haiku	3	y	.a...	165	2	0	0	0	0	0.4485	0.4485	0.0000	y	1
optimal	haiku	haiku	4	t	.a...	91	3	0	0	0	0	0.4286	0.4286	0.0000	t	1
optimal	haiku	haiku	5	o	.a...	52	4	0	0	0	0	0.5192	0.5192	0.0000	o	1
optimal	haiku	haiku	6	i	.a...	25	5	0	0	0	1	0.7200	0.7200	0.0000	i	1
optimal	haiku	haiku	7	c	.ai..	2	5	0	0	0	0	0.5000	0.5000	0.0000	c	1
optimal	haiku	haiku	8	h	.ai..	1	6	0	0	0	1	1.0000	1.0000	0.0000	h	1
optimal	haiku	haiku	9	k	hai..	1	6	0	0	0	1	1.0000	1.0000	0.0000	k	1
optimal	haiku	haiku	10	u	haik.	1	6	0	0	0	1	1.0000	1.0000	0.0000	u	1
optimal	ivory	ivory	0	s	.....	4431	0	0	0	0	0	0.4906	0.4906	0.0000	s	1
optimal	ivory	ivory	1	e	.....	2257	1	0	0	0	0	0.5228	0.5228	0.0000	e	1
optimal	ivory	ivory	2	a	.....	1077	2	0	0	0	0	0.4596	0.4596	0.0000	a	1
optimal	ivory	ivory	3	o	.....	582	3	0	0	0	1	0.4691	0.4691	0.0000	o	1
optimal	ivory	ivory	4	r	..o..	61	3	0	0	0	1	0.6393	0.6393	0.0000	r	1
optimal	ivory	ivory	5	h	..or.	6	3	0	0	0	0	0.5000	0.5000	0.0000	h	1
optimal	ivory	ivory	6	y	..or.	3	4	0	0	0	1	0.6667	0.6667	0.0000	y	1
optimal	ivory	ivory	7	g	..ory	2	4	0	0	0	0	0.5000	0.5000	0.0000	g	1
optimal	ivory	ivory	8	i	..ory	1	5	0	0	0	1	1.0000	1.0000	0.0000	i	1
optimal	ivory	ivory	9	v	i.ory	1	5	0	0	0	1	1.0000	1.0000	0.0000	v	1
optimal	jukebox	jukebox	0	e	.......	9571	0	0	0	0	1	0.6890	0.6890	0.0000	e	1
optimal	jukebox	jukebox	1	s	...e...	241	0	0	0	0	0	0.5685	0.5685	0.0000	s	1
optimal	jukebox	jukebox	2	a	...e...	104	1	0	0	0	0	0.5769	0.5769	0.0000	a	1
optimal	jukebox	jukebox	3	i	...e...	44	2	0	0	0	0	0.5455	0.5455	0.0000	i	1
optimal	jukebox	jukebox	4	u	...e...	20	3	0	0	0	1	0.6500	0.6500	0.0000	u	1
optimal	jukebox	jukebox	5	b	.u.e...	3	3	0	0	0	1	0.6667	0.6667	0.0000	b	1
optimal	jukebox	jukebox	6	j	.u.eb..	1	3	0	0	0	1	1.0000	1.0000	0.0000	j	1
optimal	jukebox	jukebox	7	k	ju.eb..	1	3	0	0	0	1	1.0000	1.0000	0.0000	k	1
optimal	jukebox	jukebox	8	o	jukeb..	1	3	0	0	0	1	1.0000	1.0000	0.0000	o	1
optimal	jukebox	jukebox	9	x	jukebo.	1	3	0	0	0	1	1.0000	1.0000	0.0000	x	1
optimal	kayak	kayak	0	s	.....	4431	0	0	0	0	0	0.4906	0.4906	0.0000	s	1
optimal	kayak	kayak	1	e	.....	2257	1	0	0	0	0	0.5228	0.5228	0.0000	e	1
optimal	kayak	kayak	2	a	.....	1077	2	0	0	0	1	0.4596	0.4596	0.0000	a	1
optimal	kayak	kayak	3	l	.a.a.	18	2	0	0	0	0	0.3889	0.3889	0.0000	l	1
optimal	kayak	kayak	4	r	.a.a.	11	3	0	0	0	0	0.3636	0.3636	0.0000	r	1
optimal	kayak	kayak	5	n	.a.a.	7	4	0	0	0	0	0.4286	0.4286	0.0000	n	1
optimal	kayak	kayak	6	c	.a.a.	4	5	0	0	0	0	0.5000	0.5000	0.0000	c	1
optimal	kayak	kayak	7	d	.a.a.	2	6	0	0	0	0	0.5000	0.5000	0.0000	d	1
optimal	kayak	kayak	8	k	.a.a.	1	7	0	0	0	1	1.0000	1.0000	0.0000	k	1
optimal	kayak	kayak	9	y	ka.ak	1	7	0	0	0	1	1.0000	1.0000	0.0000	y	1
optimal	lymph	lymph	0	s	.....	4431	0	0	0	0	0	0.4906	0.4906	0.0000	s	1
optimal	lymph	lymph	1	e	.....	2257	1	0	0	0	0	0.5228	0.5228	0.0000	e	1
optimal	lymph	lymph	2	a	.....	1077	2	0	0	0	0	0.4596	0.4596	0.0000	a	1
optimal	lymph	lymph	3	o	.....	582	3	0	0	0	0	0.4691	0.4691	0.0000	o	1
optimal	lymph	lymph	4	i	.....	309	4	0	0	0	0	0.6440	0.6440	0.0000	i	1
optimal	lymph	lymph	5	u	.....	110	5	0	0	0	0	0.9182	0.9182	0.0000	u	1
optimal	lymph	lymph	6	y	.....	9	6	0	0	0	1	1.0000	1.0000	0.0000	y	1
optimal	lymph	lymph	7	h	.y...	4	6	0	0	0	1	1.0000	1.0000	0.0000	h	1
optimal	lymph	lymph	8	m	.y..h	4	6	0	0	0	1	0.7500	0.7500	0.0000	m	1
optimal	lymph	lymph	9	p	.ym.h	2	6	0	0	0	1	1.0000	1.0000	0.0000	p	1
optimal	lymph	lymph	10	l	.ymph	2	6	0	0	0	1	0.5000	0.5000	0.0000	l	1
optimal	matrix	matrix	0	e	......	7028	0	0	0	0	0	0.6477	0.6477	0.0000	e	1
optimal	matrix	matrix	1	s	......	2476	1	0	0	0	0	0.5230	0.5230	0.0000	s	1
optimal	matrix	matrix	2	i	......	1181	2	0	0	0	1	0.5318	0.5318	0.0000	i	1
optimal	matrix	matrix	3	a	....i.	92	2	0	0	0	1	0.5109	0.5109	0.0000	a	1
optimal	matrix	matrix	4	n	.a..i.	21	2	0	0	0	0	0.5238	0.5238	0.0000	n	1
optimal	matrix	matrix	5	r	.a..i.	10	3	0	0	0	1	0.6000	0.6000	0.0000	r	1
optimal	matrix	matrix	6	b	.a.ri.	2	3	0	0	0	0	0.5000	0.5000	0.0000	b	1
optimal	matrix	matrix	7	m	.a.ri.	1	4	0	0	0	1	1.0000	1.0000	0.0000	m	1
optimal	matrix	matrix	8	t	ma.ri.	1	4	0	0	0	1	1.0000	1.0000	0.0000	t	1
optimal	matrix	matrix	9	x	matri.	1	4	0	0	0	1	1.0000	1.0000	0.0000	x	1
optimal	zephyr	zephyr	0	e	......	7028	0	0	0	0	1	0.6477	0.6477	0.0000	e	1
optimal	zephyr	zephyr	1	r	.e....	399	0	0	0	0	1	0.4712	0.4712	0.0000	r	1
optimal	zephyr	zephyr	2	o	.e...r	22	0	0	0	0	0	0.7273	0.7273	0.0000	o	1
optimal	zephyr	zephyr	3	a	.e...r	6	1	0	0	0	0	0.6667	0.6667	0.0000	a	1
optimal	zephyr	zephyr	4	b	.e...r	2	2	0	0	0	0	0.5000	0.5000	0.0000	b	1
optimal	zephyr	zephyr	5	h	.e...r	1	3	0	0	0	1	1.0000	1.0000	0.0000	h	1
optimal	zephyr	zephyr	6	p	.e.h.r	1	3	0	0	0	1	1.0000	1.0000	0.0000	p	1
optimal	zephyr	zephyr	7	y	.eph.r	1	3	0	0	0	1	1.0000	1.0000	0.0000	y	1
optimal	zephyr	zephyr	8	z	.ephyr	1	3	0	0	0	1	1.0000	1.0000	0.0000	z	1
optimal	jigsaw	jigsaw	0	e	......	7028	0	0	0	0	0	0.6477	0.6477	0.0000	e	1
optimal	jigsaw	jigsaw	1	s	......	2476	1	0	0	0	1	0.5230	0.5230	0.0000	s	1
optimal	jigsaw	jigsaw	2	a	...s..	43	1	0	0	0	1	0.4884	0.4884	0.0000	a	1
optimal	jigsaw	jigsaw	3	r	...sa.	6	1	0	0	0	0	0.6667	0.6667	0.0000	r	1
optimal	jigsaw	jigsaw	4	i	...sa.	2	2	0	0	0	1	1.0000	1.0000	0.0000	i	1
optimal	jigsaw	jigsaw	5	g	.i.sa.	1	2	0	0	0	1	1.0000	1.0000	0.0000	g	1
optimal	jigsaw	jigsaw	6	j	.igsa.	1	2	0	0	0	1	1.0000	1.0000	0.0000	j	1
optimal	jigsaw	jigsaw	7	w	jigsa.	1	2	0	0	0	1	1.0000	1.0000	0.0000	w	1
optimal	whisky	whisky	0	e	......	7028	0	0	0	0	0	0.6477	0.6477	0.0000	e	1
optimal	whisky	whisky	1	s	......	2476	1	0	0	0	1	0.5230	0.5230	0.0000	s	1
optimal	whisky	whisky	2	a	...s..	43	1	0	0	0	0	0.4884	0.4884	0.0000	a	1
optimal	whisky	whisky	3	i	...s..	22	2	0	0	0	1	0.5909	0.5909	0.0000	i	1
optimal	whisky	whisky	4	r	..is..	7	2	0	0	0	0	0.5714	0.5714	0.0000	r	1
optimal	whisky	whisky	5	n	..is..	3	3	0	0	0	0	0.6667	0.6667	0.0000	n	1
optimal	whisky	whisky	6	h	..is..	1	4	0	0	0	1	1.0000	1.0000	0.0000	h	1
optimal	whisky	whisky	7	k	.his..	1	4	0	0	0	1	1.0000	1.0000	0.0000	k	1
optimal	whisky	whisky	8	w	.hisk.	1	4	0	0	0	1	1.0000	1.0000	0.0000	w	1
optimal	whisky	whisky	9	y	whisk.	1	4	0	0	0	1	1.0000	1.0000	0.0000	y	1
optimal	quibble	quibble	0	e	.......	9571	0	0	0	0	1	0.6890	0.6890	0.0000	e	1
optimal	quibble	quibble	1	a	......e	535	0	0	0	0	0	0.5346	0.5346	0.0000	a	1
optimal	quibble	quibble	2	i	......e	249	1	0	0	0	1	0.5904	0.5904	0.0000	i	1
optimal	quibble	quibble	3	l	..i...e	34	1	0	0	0	1	0.8824	0.8824	0.0000	l	1
optimal	quibble	quibble	4	r	..i..le	27	1	0	0	0	0	0.4815	0.4815	0.0000	r	1
optimal	quibble	quibble	5	s	..i..le	14	2	0	0	0	0	0.5714	0.5714	0.0000	s	1
optimal	quibble	quibble	6	t	..i..le	6	3	0	0	0	0	0.6667	0.6667	0.0000	t	1
optimal	quibble	quibble	7	b	..i..le	2	4	0	0	0	1	0.5000	0.5000	0.0000	b	1
optimal	quibble	quibble	8	q	..ibble	1	4	0	0	0	1	1.0000	1.0000	0.0000	q	1
optimal	quibble	quibble	9	u	q.ibble	1	4	0	0	0	1	1.0000	1.0000	0.0000	u	1
optimal	pyjamas	pyjamas	0	e	.......	9571	0	0	0	0	0	0.6890	0.6890	0.0000	e	1
optimal	pyjamas	pyjamas	1	i	.......	2977	1	0	0	0	0	0.6439	0.6439	0.0000	i	1
optimal	pyjamas	pyjamas	2	a	.......	1060	2	0	0	0	1	0.6906	0.6906	0.0000	a	1
optimal	pyjamas	pyjamas	3	s	...a.a.	4	2	0	0	0	1	0.7500	0.7500	0.0000	s	1
optimal	pyjamas	pyjamas	4	j	...a.as	1	2	0	0	0	1	1.0000	1.0000	0.0000	j	1
optimal	pyjamas	pyjamas	5	m	..ja.as	1	2	0	0	0	1	1.0000	1.0000	0.0000	m	1
optimal	pyjamas	pyjamas	6	p	..jamas	1	2	0	0	0	1	1.0000	1.0000	0.0000	p	1
optimal	pyjamas	pyjamas	7	y	p.jamas	1	2	0	0	0	1	1.0000	1.0000	0.0000	y	1
optimal	jackpot	jackpot	0	e	.......	9571	0	0	0	0	0	0.6890	0.6890	0.0000	e	1
optimal	jackpot	jackpot	1	i	.......	2977	1	0	0	0	0	0.6439	0.6439	0.0000	i	1
optimal	jackpot	jackpot	2	a	.......	1060	2	0	0	0	1	0.6906	0.6906	0.0000	a	1
optimal	jackpot	jackpot	3	o	.a.....	169	2	0	0	0	1	0.8166	0.8166	0.0000	o	1
optimal	jackpot	jackpot	4	h	.a...o.	13	2	0	0	0	0	0.5385	0.5385	0.0000	h	1
optimal	jackpot	jackpot	5	n	.a...o.	6	3	0	0	0	0	0.6667	0.6667	0.0000	n	1
optimal	jackpot	jackpot	6	c	.a...o.	2	4	0	0	0	1	1.0000	1.0000	0.0000	c	1
optimal	jackpot	jackpot	7	k	.ac..o.	2	4	0	0	0	1	1.0000	1.0000	0.0000	k	1
optimal	jackpot	jackpot	8	b	.ack.o.	2	4	0	0	0	0	0.5000	0.5000	0.0000	b	1
optimal	jackpot	jackpot	9	j	.ack.o.	1	5	0	0	0	1	1.0000	1.0000	0.0000	j	1
optimal	jackpot	jackpot	10	p	jack.o.	1	5	0	0	0	1	1.0000	1.0000	0.0000	p	1
optimal	jackpot	jackpot	11	t	jackpo.	1	5	0	0	0	1	1.0000	1.0000	0.0000	t	1
optimal	oxidise	oxidise	0	e	.......	9571	0	0	0	0	1	0.6890	0.6890	0.0000	e	1
optimal	oxidise	oxidise	1	a	......e	535	0	0	0	0	0	0.5346	0.5346	0.0000	a	1
optimal	oxidise	oxidise	2	i	......e	249	1	0	0	0	1	0.5904	0.5904	0.0000	i	1
optimal	oxidise	oxidise	3	s	..i.i.e	6	1	0	0	0	1	0.6667	0.6667	0.0000	s	1
optimal	oxidise	oxidise	4	d	..i.ise	2	1	0	0	0	1	0.5000	0.5000	0.0000	d	1
optimal	oxidise	oxidise	5	o	..idise	1	1	0	0	0	1	1.0000	1.0000	0.0000	o	1
optimal	oxidise	oxidise	6	x	o.idise	1	1	0	0	0	1	1.0000	1.0000	0.0000	x	1
optimal	buzzard	buzzard	0	e	.......	9571	0	0	0	0	0	0.6890	0.6890	0.0000	e	1
optimal	buzzard	buzzard	1	i	.......	2977	1	0	0	0	0	0.6439	0.6439	0.0000	i	1
optimal	buzzard	buzzard	2	a	.......	1060	2	0	0	0	1	0.6906	0.6906	0.0000	a	1
optimal	buzzard	buzzard	3	s	....a..	116	2	0	0	0	0	0.6897	0.6897	0.0000	s	1
optimal	buzzard	buzzard	4	o	....a..	36	3	0	0	0	0	0.7222	0.7222	0.0000	o	1
optimal	buzzard	buzzard	5	r	....a..	10	4	0	0	0	1	0.8000	0.8000	0.0000	r	1
optimal	buzzard	buzzard	6	u	....ar.	3	4	0	0	0	1	1.0000	1.0000	0.0000	u	1
optimal	buzzard	buzzard	7	b	.u..ar.	3	4	0	0	0	1	0.6667	0.6667	0.0000	b	1
optimal	buzzard	buzzard	8	d	bu..ar.	2	4	0	0	0	1	0.5000	0.5000	0.0000	d	1
optimal	buzzard	buzzard	9	z	bu..ard	1	4	0	0	0	1	1.0000	1.0000	0.0000	z	1
optimal	crypt	crypt	0	s	.....	4431	0	0	0	0	0	0.4906	0.4906	0.0000	s	1
optimal	crypt	crypt	1	e	.....	2257	1	0	0	0	0	0.5228	0.5228	0.0000	e	1
optimal	crypt	crypt	2	a	.....	1077	2	0	0	0	0	0.4596	0.4596	0.0000	a	1
optimal	crypt	crypt	3	o	.....	582	3	0	0	0	0	0.4691	0.4691	0.0000	o	1
optimal	crypt	crypt	4	i	.....	309	4	0	0	0	0	0.6440	0.6440	0.0000	i	1
optimal	crypt	crypt	5	u	.....	110	5	0	0	0	0	0.9182	0.9182	0.0000	u	1
optimal	crypt	crypt	6	y	.....	9	6	0	0	0	1	1.0000	1.0000	0.0000	y	1
optimal	crypt	crypt	7	p	..y..	2	6	0	0	0	1	1.0000	1.0000	0.0000	p	1
optimal	crypt	crypt	8	c	..yp.	2	6	0	0	0	1	0.5000	0.5000	0.0000	c	1
optimal	crypt	crypt	9	r	c.yp.	1	6	0	0	0	1	1.0000	1.0000	0.0000	r	1
optimal	crypt	crypt	10	t	cryp.	1	6	0	0	0	1	1.0000	1.0000	0.0000	t	1
optimal	duplex	duplex	0	e	......	7028	0	0	0	0	1	0.6477	0.6477	0.0000	e	1
optimal	duplex	duplex	1	d	....e.	2005	0	0	0	0	1	0.4963	0.4963	0.0000	d	1
optimal	duplex	duplex	2	r	d...e.	59	0	0	0	0	0	0.6780	0.6780	0.0000	r	1
optimal	duplex	duplex	3	s	d...e.	19	1	0	0	0	0	0.6316	0.6316	0.0000	s	1
optimal	duplex	duplex	4	c	d...e.	7	2	0	0	0	0	0.4286	0.4286	0.0000	c	1
optimal	duplex	duplex	5	n	d...e.	4	3	0	0	0	0	0.7500	0.7500	0.0000	n	1
optimal	duplex	duplex	6	l	d...e.	1	4	0	0	0	1	1.0000	1.0000	0.0000	l	1
optimal	duplex	duplex	7	p	d..le.	1	4	0	0	0	1	1.0000	1.0000	0.0000	p	1
optimal	duplex	duplex	8	u	d.ple.	1	4	0	0	0	1	1.0000	1.0000	0.0000	u	1
optimal	duplex	duplex	9	x	duple.	1	4	0	0	0	1	1.0000	1.0000	0.0000	x	1
optimal	foxglove	foxglove	0	e	........	10078	0	0	0	0	1	0.6958	0.6958	0.0000	e	1
optimal	foxglove	foxglove	1	a	.......e	503	0	0	0	0	0	0.6521	0.6521	0.0000	a	1
optimal	foxglove	foxglove	2	i	.......e	175	1	0	0	0	0	0.7143	0.7143	0.0000	i	1
optimal	foxglove	foxglove	3	o	.......e	50	2	0	0	0	1	0.9000	0.9000	0.0000	o	1
optimal	foxglove	foxglove	4	r	.o...o.e	8	2	0	0	0	0	0.6250	0.6250	0.0000	r	1
optimal	foxglove	foxglove	5	p	.o...o.e	3	3	0	0	0	0	0.6667	0.6667	0.0000	p	1
optimal	foxglove	foxglove	6	f	.o...o.e	1	4	0	0	0	1	1.0000	1.0000	0.0000	f	1
optimal	foxglove	foxglove	7	g	fo...o.e	1	4	0	0	0	1	1.0000	1.0000	0.0000	g	1
optimal	foxglove	foxglove	8	l	fo.g.o.e	1	4	0	0	0	1	1.0000	1.0000	0.0000	l	1
optimal	foxglove	foxglove	9	v	fo.glo.e	1	4	0	0	0	1	1.0000	1.0000	0.0000	v	1
optimal	foxglove	foxglove	10	x	fo.glove	1	4	0	0	0	1	1.0000	1.0000	0.0000	x	1
optimal	galvanise	galvanise	0	e	.........	8995	0	0	0	0	1	0.7360	0.7360	0.0000	e	1
optimal	galvanise	galvanise	1	a	........e	457	0	0	0	0	1	0.7221	0.7221	0.0000	a	1
optimal	galvanise	galvanise	2	i	.a..a...e	11	0	0	0	0	1	0.8182	0.8182	0.0000	i	1
optimal	galvanise	galvanise	3	n	.a..a.i.e	9	0	0	0	0	1	0.7778	0.7778	0.0000	n	1
optimal	galvanise	galvanise	4	l	.a..ani.e	2	0	0	0	0	1	1.0000	1.0000	0.0000	l	1
optimal	galvanise	galvanise	5	g	.al.ani.e	1	0	0	0	0	1	1.0000	1.0000	0.0000	g	1
optimal	galvanise	galvanise	6	s	gal.ani.e	1	0	0	0	0	1	1.0000	1.0000	0.0000	s	1
optimal	galvanise	galvanise	7	v	gal.anise	1	0	0	0	0	1	1.0000	1.0000	0.0000	v	1
optimal	hyphen	hyphen	0	e	......	7028	0	0	0	0	1	0.6477	0.6477	0.0000	e	1
optimal	hyphen	hyphen	1	d	....e.	2005	0	0	0	0	0	0.4963	0.4963	0.0000	d	1
optimal	hyphen	hyphen	2	r	....e.	1010	1	0	0	0	0	0.5772	0.5772	0.0000	r	1
optimal	hyphen	hyphen	3	s	....e.	427	2	0	0	0	0	0.7354	0.7354	0.0000	s	1
optimal	hyphen	hyphen	4	t	....e.	113	3	0	0	0	0	0.6106	0.6106	0.0000	t	1
optimal	hyphen	hyphen	5	n	....e.	44	4	0	0	0	1	0.5682	0.5682	0.0000	n	1
optimal	hyphen	hyphen	6	a	....en	15	4	0	0	0	0	0.4667	0.4667	0.0000	a	1
optimal	hyphen	hyphen	7	o	....en	8	5	0	0	0	0	0.5000	0.5000	0.0000	o	1
optimal	hyphen	hyphen	8	i	....en	4	6	0	0	0	0	0.7500	0.7500	0.0000	i	1
optimal	hyphen	hyphen	9	h	....en	1	7	0	0	0	1	1.0000	1.0000	0.0000	h	1
optimal	hyphen	hyphen	10	p	h..hen	1	7	0	0	0	1	1.0000	1.0000	0.0000	p	1
optimal	hyphen	hyphen	11	y	h.phen	1	7	0	0	0	1	1.0000	1.0000	0.0000	y	1
optimal	ivy	ivy	0	a	...	587	0	0	0	0	0	0.2879	0.2879	0.0000	a	1
optimal	ivy	ivy	1	o	...	418	1	0	0	0	0	0.3134	0.3134	0.0000	o	1
optimal	ivy	ivy	2	e	...	287	2	0	0	0	0	0.3868	0.3868	0.0000	e	1
optimal	ivy	ivy	3	i	...	176	3	0	0	0	1	0.4943	0.4943	0.0000	i	1
optimal	ivy	ivy	4	s	i..	13	3	0	0	0	0	0.3846	0.3846	0.0000	s	1
optimal	ivy	ivy	5	k	i..	8	4	0	0	0	0	0.3750	0.3750	0.0000	k	1
optimal	ivy	ivy	6	y	i..	5	5	0	0	0	1	0.4000	0.4000	0.0000	y	1
optimal	ivy	ivy	7	c	i.y	2	5	0	0	0	0	0.5000	0.5000	0.0000	c	1
optimal	ivy	ivy	8	v	i.y	1	6	0	0	0	1	1.0000	1.0000	0.0000	v	1
optimal	jinx	jinx	0	e	....	2295	0	0	0	0	0	0.3630	0.3630	0.0000	e	1
optimal	jinx	jinx	1	s	....	1462	1	0	0	0	0	0.4022	0.4022	0.0000	s	1
optimal	jinx	jinx	2	a	....	874	2	0	0	0	0	0.3936	0.3936	0.0000	a	1
optimal	jinx	jinx	3	o	....	530	3	0	0	0	0	0.4943	0.4943	0.0000	o	1
optimal	jinx	jinx	4	i	....	268	4	0	0	0	1	0.5560	0.5560	0.0000	i	1
optimal	jinx	jinx	5	l	.i..	100	4	0	0	0	0	0.3700	0.3700	0.0000	l	1
optimal	jinx	jinx	6	n	.i..	63	5	0	0	0	1	0.5079	0.5079	0.0000	n	1
optimal	jinx	jinx	7	d	.in.	29	5	0	0	0	0	0.3103	0.3103	0.0000	d	1
optimal	jinx	jinx	8	k	.in.	20	6	0	0	0	0	0.3500	0.3500	0.0000	k	1
optimal	jinx	jinx	9	t	.in.	13	7	0	0	0	0	0.4615	0.4615	0.0000	t	1
optimal	jinx	jinx	10	g	.in.	7	8	0	0	0	0	0.5714	0.5714	0.0000	g	1
optimal	jinx	jinx	11	x	.in.	3	9	0	0	0	1	0.6667	0.6667	0.0000	x	1
optimal	jinx	jinx	12	j	.inx	2	9	0	0	0	1	0.5000	0.5000	0.0000	j	1
optimal	kiosk	kiosk	0	s	.....	4431	0	0	0	0	1	0.4906	0.4906	0.0000	s	1
optimal	kiosk	kiosk	1	e	...s.	145	0	0	0	0	0	0.5103	0.5103	0.0000	e	1
optimal	kiosk	kiosk	2	t	...s.	71	1	0	0	0	0	0.4930	0.4930	0.0000	t	1
optimal	kiosk	kiosk	3	a	...s.	36	2	0	0	0	0	0.5278	0.5278	0.0000	a	1
optimal	kiosk	kiosk	4	i	...s.	17	3	0	0	0	1	0.4706	0.4706	0.0000	i	1
optimal	kiosk	kiosk	5	k	.i.s.	1	3	0	0	0	1	1.0000	1.0000	0.0000	k	1
optimal	kiosk	kiosk	6	o	ki.sk	1	3	0	0	0	1	1.0000	1.0000	0.0000	o	1
optimal	larynx	larynx	0	e	......	7028	0	0	0	0	0	0.6477	0.6477	0.0000	e	1
optimal	larynx	larynx	1	s	......	2476	1	0	0	0	0	0.5230	0.5230	0.0000	s	1
optimal	larynx	larynx	2	i	......	1181	2	0	0	0	0	0.5318	0.5318	0.0000	i	1
optimal	larynx	larynx	3	a	......	553	3	0	0	0	1	0.6184	0.6184	0.0000	a	1
optimal	larynx	larynx	4	o	.a....	111	3	0	0	0	0	0.6577	0.6577	0.0000	o	1
optimal	larynx	larynx	5	y	.a....	38	4	0	0	0	1	0.6053	0.6053	0.0000	y	1
optimal	larynx	larynx	6	l	.a.y..	1	4	0	0	0	1	1.0000	1.0000	0.0000	l	1
optimal	larynx	larynx	7	n	la.y..	1	4	0	0	0	1	1.0000	1.0000	0.0000	n	1
optimal	larynx	larynx	8	r	la.yn.	1	4	0	0	0	1	1.0000	1.0000	0.0000	r	1
optimal	larynx	larynx	9	x	laryn.	1	4	0	0	0	1	1.0000	1.0000	0.0000	x	1
optimal	marquis	marquis	0	e	.......	9571	0	0	0	0	0	0.6890	0.6890	0.0000	e	1
optimal	marquis	marquis	1	i	.......	2977	1	0	0	0	1	0.6439	0.6439	0.0000	i	1
optimal	marquis	marquis	2	a	.....i.	125	1	0	0	0	1	0.6960	0.6960	0.0000	a	1
optimal	marquis	marquis	3	t	.a...i.	23	1	0	0	0	0	0.4348	0.4348	0.0000	t	1
optimal	marquis	marquis	4	n	.a...i.	13	2	0	0	0	0	0.6154	0.6154	0.0000	n	1
optimal	marquis	marquis	5	r	.a...i.	5	3	0	0	0	1	1.0000	1.0000	0.0000	r	1
optimal	marquis	marquis	6	p	.ar..i.	3	3	0	0	0	0	0.6667	0.6667	0.0000	p	1
optimal	marquis	marquis	7	m	.ar..i.	1	4	0	0	0	1	1.0000	1.0000	0.0000	m	1
optimal	marquis	marquis	8	q	mar..i.	1	4	0	0	0	1	1.0000	1.0000	0.0000	q	1
optimal	marquis	marquis	9	s	marq.i.	1	4	0	0	0	1	1.0000	1.0000	0.0000	s	1
optimal	marquis	marquis	10	u	marq.is	1	4	0	0	0	1	1.0000	1.0000	0.0000	u	1
optimal	nymph	nymph	0	s	.....	4431	0	0	0	0	0	0.4906	0.4906	0.0000	s	1
optimal	nymph	nymph	1	e	.....	2257	1	0	0	0	0	0.5228	0.5228	0.0000	e	1
optimal	nymph	nymph	2	a	.....	1077	2	0	0	0	0	0.4596	0.4596	0.0000	a	1
optimal	nymph	nymph	3	o	.....	582	3	0	0	0	0	0.4691	0.4691	0.0000	o	1
optimal	nymph	nymph	4	i	.....	309	4	0	0	0	0	0.6440	0.6440	0.0000	i	1
optimal	nymph	nymph	5	u	.....	110	5	0	0	0	0	0.9182	0.9182	0.0000	u	1
optimal	nymph	nymph	6	y	.....	9	6	0	0	0	1	1.0000	1.0000	0.0000	y	1
optimal	nymph	nymph	7	h	.y...	4	6	0	0	0	1	1.0000	1.0000	0.0000	h	1
optimal	nymph	nymph	8	m	.y..h	4	6	0	0	0	1	0.7500	0.7500	0.0000	m	1
optimal	nymph	nymph	9	p	.ym.h	2	6	0	0	0	1	1.0000	1.0000	0.0000	p	1
optimal	nymph	nymph	10	l	.ymph	2	6	0	0	0	0	0.5000	0.5000	0.0000	l	1
optimal	nymph	nymph	11	n	.ymph	1	7	0	0	0	1	1.0000	1.0000	0.0000	n	1
optimal	onyx	onyx	0	e	....	2295	0	0	0	0	0	0.3630	0.3630	0.0000	e	1
optimal	onyx	onyx	1	s	....	1462	1	0	0	0	0	0.4022	0.4022	0.0000	s	1
optimal	onyx	onyx	2	a	....	874	2	0	0	0	0	0.3936	0.3936	0.0000	a	1
optimal	onyx	onyx	3	o	....	530	3	0	0	0	1	0.4943	0.4943	0.0000	o	1
optimal	onyx	onyx	4	i	o...	9	3	0	0	0	0	0.4444	0.4444	0.0000	i	1
optimal	onyx	onyx	5	y	o...	5	4	0	0	0	1	0.6000	0.6000	0.0000	y	1
optimal	onyx	onyx	6	n	o.y.	1	4	0	0	0	1	1.0000	1.0000	0.0000	n	1
optimal	onyx	onyx	7	x	ony.	1	4	0	0	0	1	1.0000	1.0000	0.0000	x	1
optimal	pixel	pixel	0	s	.....	4431	0	0	0	0	0	0.4906	0.4906	0.0000	s	1
optimal	pixel	pixel	1	e	.....	2257	1	0	0	0	1	0.5228	0.5228	0.0000	e	1
optimal	pixel	pixel	2	d	...e.	473	1	0	0	0	0	0.5581	0.5581	0.0000	d	1
optimal	pixel	pixel	3	r	...e.	209	2	0	0	0	0	0.6316	0.6316	0.0000	r	1
optimal	pixel	pixel	4	l	...e.	77	3	0	0	0	1	0.4675	0.4675	0.0000	l	1
optimal	pixel	pixel	5	a	...el	20	3	0	0	0	0	0.4000	0.4000	0.0000	a	1
optimal	pixel	pixel	6	o	...el	12	4	0	0	0	0	0.6667	0.6667	0.0000	o	1
optimal	pixel	pixel	7	i	...el	4	5	0	0	0	1	0.7500	0.7500	0.0000	i	1
optimal	pixel	pixel	8	p	.i.el	1	5	0	0	0	1	1.0000	1.0000	0.0000	p	1
optimal	pixel	pixel	9	x	pi.el	1	5	0	0	0	1	1.0000	1.0000	0.0000	x	1
optimal	quartz	quartz	0	e	......	7028	0	0	0	0	0	0.6477	0.6477	0.0000	e	1
optimal	quartz	quartz	1	s	......	2476	1	0	0	0	0	0.5230	0.5230	0.0000	s	1
optimal	quartz	quartz	2	i	......	1181	2	0	0	0	0	0.5318	0.5318	0.0000	i	1
optimal	quartz	quartz	3	a	......	553	3	0	0	0	1	0.6184	0.6184	0.0000	a	1
optimal	quartz	quartz	4	y	..a...	34	3	0	0	0	0	0.6765	0.6765	0.0000	y	1
optimal	quartz	quartz	5	n	..a...	11	4	0	0	0	0	0.5455	0.5455	0.0000	n	1
optimal	quartz	quartz	6	t	..a...	5	5	0	0	0	1	0.8000	0.8000	0.0000	t	1
optimal	quartz	quartz	7	q	..a.t.	2	5	0	0	0	1	1.0000	1.0000	0.0000	q	1
optimal	quartz	quartz	8	r	q.a.t.	2	5	0	0	0	1	1.0000	1.0000	0.0000	r	1
optimal	quartz	quartz	9	u	q.art.	2	5	0	0	0	1	1.0000	1.0000	0.0000	u	1
optimal	quartz	quartz	10	o	quart.	2	5	0	0	0	0	0.5000	0.5000	0.0000	o	1
optimal	quartz	quartz	11	z	quart.	1	6	0	0	0	1	1.0000	1.0000	0.0000	z	1
optimal	rhythm	rhythm	0	e	......	7028	0	0	0	0	0	0.6477	0.6477	0.0000	e	1
optimal	rhythm	rhythm	1	s	......	2476	1	0	0	0	0	0.5230	0.5230	0.0000	s	1
optimal	rhythm	rhythm	2	i	......	1181	2	0	0	0	0	0.5318	0.5318	0.0000	i	1
optimal	rhythm	rhythm	3	a	......	553	3	0	0	0	0	0.6184	0.6184	0.0000	a	1
optimal	rhythm	rhythm	4	o	......	211	4	0	0	0	0	0.7725	0.7725	0.0000	o	1
optimal	rhythm	rhythm	5	u	......	48	5	0	0	0	0	0.9792	0.9792	0.0000	u	1
optimal	rhythm	rhythm	6	h	......	1	6	0	0	0	1	1.0000	1.0000	0.0000	h	1
optimal	rhythm	rhythm	7	m	.h..h.	1	6	0	0	0	1	1.0000	1.0000	0.0000	m	1
optimal	rhythm	rhythm	8	r	.h..hm	1	6	0	0	0	1	1.0000	1.0000	0.0000	r	1
optimal	rhythm	rhythm	9	t	rh..hm	1	6	0	0	0	1	1.0000	1.0000	0.0000	t	1
optimal	rhythm	rhythm	10	y	rh.thm	1	6	0	0	0	1	1.0000	1.0000	0.0000	y	1
optimal	sphinx	sphinx	0	e	......	7028	0	0	0	0	0	0.6477	0.6477	0.0000	e	1
optimal	sphinx	sphinx	1	s	......	2476	1	0	0	0	1	0.5230	0.5230	0.0000	s	1
optimal	sphinx	sphinx	2	i	s.....	210	1	0	0	0	1	0.4238	0.4238	0.0000	i	1
optimal	sphinx	sphinx	3	n	s..i..	33	1	0	0	0	1	0.5758	0.5758	0.0000	n	1
optimal	sphinx	sphinx	4	g	s..in.	18	1	0	0	0	0	0.6667	0.6667	0.0000	g	1
optimal	sphinx	sphinx	5	t	s..in.	6	2	0	0	0	0	0.6667	0.6667	0.0000	t	1
optimal	sphinx	sphinx	6	h	s..in.	2	3	0	0	0	1	1.0000	1.0000	0.0000	h	1
optimal	sphinx	sphinx	7	p	s.hin.	1	3	0	0	0	1	1.0000	1.0000	0.0000	p	1
optimal	sphinx	sphinx	8	x	sphin.	1	3	0	0	0	1	1.0000	1.0000	0.0000	x	1
optimal	topaz	topaz	0	s	.....	4431	0	0	0	0	0	0.4906	0.4906	0.0000	s	1
optimal	topaz	topaz	1	e	.....	2257	1	0	0	0	0	0.5228	0.5228	0.0000	e	1
optimal	topaz	topaz	2	a	.....	1077	2	0	0	0	1	0.4596	0.4596	0.0000	a	1
optimal	topaz	topaz	3	l	...a.	69	2	0	0	0	0	0.5362	0.5362	0.0000	l	1
optimal	topaz	topaz	4	r	...a.	32	3	0	0	0	0	0.5000	0.5000	0.0000	r	1
optimal	topaz	topaz	5	n	...a.	16	4	0	0	0	0	0.6250	0.6250	0.0000	n	1
optimal	topaz	topaz	6	d	...a.	6	5	0	0	0	0	0.5000	0.5000	0.0000	d	1
optimal	topaz	topaz	7	b	...a.	3	6	0	0	0	0	0.3333	0.3333	0.0000	b	1
optimal	topaz	topaz	8	i	...a.	2	7	0	0	0	0	0.5000	0.5000	0.0000	i	1
optimal	topaz	topaz	9	o	...a.	1	8	0	0	0	1	1.0000	1.0000	0.0000	o	1
optimal	topaz	topaz	10	p	.o.a.	1	8	0	0	0	1	1.0000	1.0000	0.0000	p	1
optimal	topaz	topaz	11	t	.opa.	1	8	0	0	0	1	1.0000	1.0000	0.0000	t	1
optimal	topaz	topaz	12	z	topa.	1	8	0	0	0	1	1.0000	1.0000	0.0000	z	1
optimal	vortex	vortex	0	e	......	7028	0	0	0	0	1	0.6477	0.6477	0.0000	e	1
optimal	vortex	vortex	1	d	....e.	2005	0	0	0	0	0	0.4963	0.4963	0.0000	d	1
optimal	vortex	vortex	2	r	....e.	1010	1	0	0	0	1	0.5772	0.5772	0.0000	r	1
optimal	vortex	vortex	3	s	..r.e.	56	1	0	0	0	0	0.5714	0.5714	0.0000	s	1
optimal	vortex	vortex	4	a	..r.e.	24	2	0	0	0	0	0.5833	0.5833	0.0000	a	1
optimal	vortex	vortex	5	t	..r.e.	10	3	0	0	0	1	0.6000	0.6000	0.0000	t	1
optimal	vortex	vortex	6	o	..rte.	2	3	0	0	0	1	1.0000	1.0000	0.0000	o	1
optimal	vortex	vortex	7	x	.orte.	2	3	0	0	0	1	1.0000	1.0000	0.0000	x	1
optimal	vortex	vortex	8	c	.ortex	2	3	0	0	0	0	0.5000	0.5000	0.0000	c	1
optimal	vortex	vortex	9	v	.ortex	1	4	0	0	0	1	1.0000	1.0000	0.0000	v	1
optimal	zodiac	zodiac	0	e	......	7028	0	0	0	0	0	0.6477	0.6477	0.0000	e	1
optimal	zodiac	zodiac	1	s	......	2476	1	0	0	0	0	0.5230	0.5230	0.0000	s	1
optimal	zodiac	zodiac	2	i	......	1181	2	0	0	0	1	0.5318	0.5318	0.0000	i	1
optimal	zodiac	zodiac	3	n	...i..	268	2	0	0	0	0	0.7873	0.7873	0.0000	n	1
optimal	zodiac	zodiac	4	a	...i..	57	3	0	0	0	1	0.6842	0.6842	0.0000	a	1
optimal	zodiac	zodiac	5	d	...ia.	4	3	0	0	0	1	0.5000	0.5000	0.0000	d	1
optimal	zodiac	zodiac	6	c	..dia.	1	3	0	0	0	1	1.0000	1.0000	0.0000	c	1
optimal	zodiac	zodiac	7	o	..diac	1	3	0	0	0	1	1.0000	1.0000	0.0000	o	1
optimal	zodiac	zodiac	8	z	.odiac	1	3	0	0	0	1	1.0000	1.0000	0.0000	z	1
frequency	apple	apple	0	e	.....	4431	0	0	0	0	1	0.4715	0.4906	0.0192	s	0
frequency	apple	apple	1	t	....e	402	0	0	0	0	0	0.2040	0.4279	0.2239	a	0
frequency	apple	apple	2	a	....e	320	1	0	0	0	1	0.4344	0.4344	0.0000	a	1
frequency	apple	apple	3	o	a...e	28	1	0	0	0	0	0.2857	0.3929	0.1071	l	0
frequency	apple	apple	4	i	a...e	20	2	0	0	0	0	0.5000	0.5000	0.0000	i	1
frequency	apple	apple	5	n	a...e	10	3	0	0	0	0	0.2000	0.6000	0.4000	l	0
frequency	apple	apple	6	s	a...e	8	4	0	0	0	0	0.2500	0.5000	0.2500	l	0
frequency	apple	apple	7	h	a...e	6	5	0	0	1	0	0.0000	0.6667	0.6667	l	0
frequency	apple	apple	8	r	a...e	6	6	0	0	0	0	0.3333	0.6667	0.3333	l	0
frequency	apple	apple	9	d	a...e	4	7	0	0	0	0	0.2500	1.0000	0.7500	l	0
frequency	apple	apple	10	l	a...e	3	8	0	0	0	1	1.0000	1.0000	0.0000	l	1
frequency	apple	apple	11	c	a..le	3	8	0	0	1	0	0.0000	0.6667	0.6667	m	0
frequency	apple	apple	12	u	a..le	3	9	0	0	1	0	0.0000	0.6667	0.6667	m	0
frequency	happy	happy	0	e	.....	4431	0	0	0	0	0	0.4715	0.4906	0.0192	s	0
frequency	happy	happy	1	t	.....	2342	1	0	0	0	0	0.2874	0.5401	0.2528	s	0
frequency	happy	happy	2	a	.....	1669	2	0	0	0	1	0.4284	0.5374	0.1090	s	0
frequency	happy	happy	3	o	.a...	251	2	0	0	0	0	0.1514	0.5737	0.4223	s	0
frequency	happy	happy	4	i	.a...	213	3	0	0	0	0	0.2582	0.6432	0.3850	s	0
frequency	happy	happy	5	n	.a...	158	4	0	0	0	0	0.2975	0.6709	0.3734	s	0
frequency	happy	happy	6	s	.a...	111	5	0	0	0	0	0.6847	0.6847	0.0000	s	1
frequency	happy	happy	7	h	.a...	35	6	0	0	0	1	0.2286	0.8286	0.6000	y	0
frequency	happy	happy	8	r	ha...	4	6	0	0	0	0	0.7500	1.0000	0.2500	y	0
frequency	happy	happy	9	d	ha...	1	7	0	0	1	0	0.0000	1.0000	1.0000	p	0
frequency	happy	happy	10	l	ha...	1	8	0	0	1	0	0.0000	1.0000	1.0000	p	0
frequency	happy	happy	11	c	ha...	1	9	0	0	1	0	0.0000	1.0000	1.0000	p	0
frequency	banana	banana	0	e	......	7028	0	0	0	0	0	0.6477	0.6477	0.0000	e	1
frequency	banana	banana	1	t	......	2476	1	0	0	0	0	0.3332	0.5230	0.1898	s	0
frequency	banana	banana	2	a	......	1651	2	0	0	0	1	0.5021	0.5118	0.0097	s	0
frequency	banana	banana	3	o	.a.a.a	4	2	0	0	1	0	0.0000	0.5000	0.5000	b	0
frequency	banana	banana	4	i	.a.a.a	4	3	0	0	1	0	0.0000	0.5000	0.5000	b	0
frequency	banana	banana	5	n	.a.a.a	4	4	0	0	0	1	0.5000	0.5000	0.0000	b	1
frequency	banana	banana	6	s	.anana	1	4	0	0	1	0	0.0000	1.0000	1.0000	b	0
frequency	banana	banana	7	h	.anana	1	5	0	0	1	0	0.0000	1.0000	1.0000	b	0
frequency	banana	banana	8	r	.anana	1	6	0	0	1	0	0.0000	1.0000	1.0000	b	0
frequency	banana	banana	9	d	.anana	1	7	0	0	1	0	0.0000	1.0000	1.0000	b	0
frequency	banana	banana	10	l	.anana	1	8	0	0	1	0	0.0000	1.0000	1.0000	b	0
frequency	banana	banana	11	c	.anana	1	9	0	0	1	0	0.0000	1.0000	1.0000	b	0
frequency	letter	letter	0	e	......	7028	0	0	0	0	1	0.6477	0.6477	0.0000	e	1
frequency	letter	letter	1	t	.e..e.	304	0	0	0	0	1	0.2500	0.5592	0.3092	d	0
frequency	letter	letter	2	a	.ette.	9	0	0	0	1	0	0.0000	0.5556	0.5556	r	0
frequency	letter	letter	3	o	.ette.	9	1	0	0	1	0	0.0000	0.5556	0.5556	r	0
frequency	letter	letter	4	i	.ette.	9	2	0	0	1	0	0.0000	0.5556	0.5556	r	0
frequency	letter	letter	5	n	.ette.	9	3	0	0	0	0	0.1111	0.5556	0.4444	r	0
frequency	letter	letter	6	s	.ette.	8	4	0	0	0	0	0.1250	0.6250	0.5000	r	0
frequency	letter	letter	7	h	.ette.	7	5	0	0	1	0	0.0000	0.5714	0.5714	r	0
frequency	letter	letter	8	r	.ette.	7	6	0	0	0	1	0.5714	0.5714	0.0000	r	1
frequency	letter	letter	9	d	.etter	4	6	0	0	1	0	0.0000	0.2500	0.2500	b	0
frequency	letter	letter	10	l	.etter	4	7	0	0	0	1	0.2500	0.2500	0.0000	b	1
frequency	summer	summer	0	e	......	7028	0	0	0	0	1	0.6477	0.6477	0.0000	e	1
frequency	summer	summer	1	t	....e.	2005	0	0	0	0	0	0.2449	0.4963	0.2514	d	0
frequency	summer	summer	2	a	....e.	1514	1	0	0	0	0	0.3818	0.5390	0.1572	d	0
frequency	summer	summer	3	o	....e.	936	2	0	0	0	0	0.4209	0.5342	0.1132	d	0
frequency	summer	summer	4	i	....e.	542	3	0	0	0	0	0.5830	0.5830	0.0000	i	1
frequency	summer	summer	5	n	....e.	226	4	0	0	0	0	0.2124	0.9558	0.7434	u	0
frequency	summer	summer	6	s	....e.	178	5	0	0	0	1	0.4213	0.9663	0.5449	u	0
frequency	summer	summer	7	h	s...e.	16	5	0	0	0	0	0.0625	0.9375	0.8750	u	0
frequency	summer	summer	8	r	s...e.	15	6	0	0	0	1	0.6000	1.0000	0.4000	u	0
frequency	summer	summer	9	d	s...er	4	6	0	0	1	0	0.0000	1.0000	1.0000	u	0
frequency	summer	summer	10	l	s...er	4	7	0	0	1	0	0.0000	1.0000	1.0000	u	0
frequency	summer	summer	11	c	s...er	4	8	0	0	0	0	0.2500	1.0000	0.7500	u	0
frequency	summer	summer	12	u	s...er	3	9	0	0	0	1	1.0000	1.0000	0.0000	u	1
frequency	summer	summer	13	m	su..er	3	9	0	0	0	1	0.3333	0.3333	0.0000	f	1
frequency	yellow	yellow	0	e	......	7028	0	0	0	0	1	0.6477	0.6477	0.0000	e	1
frequency	yellow	yellow	1	t	.e....	399	0	0	0	0	0	0.3609	0.4712	0.1103	r	0
frequency	yellow	yellow	2	a	.e....	255	1	0	0	0	0	0.4235	0.4980	0.0745	r	0
frequency	yellow	yellow	3	o	.e....	147	2	0	0	0	1	0.4694	0.4966	0.0272	r	0
frequency	yellow	yellow	4	i	.e..o.	26	2	0	0	0	0	0.1923	0.5385	0.3462	n	0
frequency	yellow	yellow	5	n	.e..o.	21	3	0	0	0	0	0.4762	0.5238	0.0476	s	0
frequency	yellow	yellow	6	s	.e..o.	11	4	0	0	0	0	0.5455	0.8182	0.2727	l	0
frequency	yellow	yellow	7	h	.e..o.	5	5	0	0	1	0	0.0000	1.0000	1.0000	l	0
frequency	yellow	yellow	8	r	.e..o.	5	6	0	0	1	0	0.0000	1.0000	1.0000	l	0
frequency	yellow	yellow	9	d	.e..o.	5	7	0	0	0	0	0.2000	1.0000	0.8000	l	0
frequency	yellow	yellow	10	l	.e..o.	4	8	0	0	0	1	1.0000	1.0000	0.0000	l	1
frequency	yellow	yellow	11	c	.ello.	4	8	0	0	1	0	0.0000	1.0000	1.0000	w	0
frequency	yellow	yellow	12	u	.ello.	4	9	0	0	1	0	0.0000	1.0000	1.0000	w	0
frequency	people	people	0	e	......	7028	0	0	0	0	1	0.6477	0.6477	0.0000	e	1
frequency	people	people	1	t	.e...e	121	0	0	0	0	0	0.2893	0.4298	0.1405	r	0
frequency	people	people	2	a	.e...e	86	1	0	0	0	0	0.2674	0.4535	0.1860	r	0
frequency	people	people	3	o	.e...e	63	2	0	0	0	1	0.1905	0.4603	0.2698	r	0
frequency	people	people	4	i	.eo..e	1	2	0	0	1	0	0.0000	1.0000	1.0000	l	0
frequency	people	people	5	n	.eo..e	1	3	0	0	1	0	0.0000	1.0000	1.0000	l	0
frequency	people	people	6	s	.eo..e	1	4	0	0	1	0	0.0000	1.0000	1.0000	l	0
frequency	people	people	7	h	.eo..e	1	5	0	0	1	0	0.0000	1.0000	1.0000	l	0
frequency	people	people	8	r	.eo..e	1	6	0	0	1	0	0.0000	1.0000	1.0000	l	0
frequency	people	people	9	d	.eo..e	1	7	0	0	1	0	0.0000	1.0000	1.0000	l	0
frequency	people	people	10	l	.eo..e	1	8	0	0	0	1	1.0000	1.0000	0.0000	l	1
frequency	people	people	11	c	.eo.le	1	8	0	0	1	0	0.0000	1.0000	1.0000	p	0
frequency	people	people	12	u	.eo.le	1	9	0	0	1	0	0.0000	1.0000	1.0000	p	0
frequency	school	school	0	e	......	7028	0	0	0	0	0	0.6477	0.6477	0.0000	e	1
frequency	school	school	1	t	......	2476	1	0	0	0	0	0.3332	0.5230	0.1898	s	0
frequency	school	school	2	a	......	1651	2	0	0	0	0	0.5021	0.5118	0.0097	s	0
frequency	school	school	3	o	......	822	3	0	0	0	1	0.5292	0.5633	0.0341	i	0
frequency	school	school	4	i	...oo.	4	3	0	0	0	0	0.5000	0.5000	0.0000	h	1
frequency	school	school	5	n	...oo.	2	4	0	0	0	0	0.5000	1.0000	0.5000	h	0
frequency	school	school	6	s	...oo.	1	5	0	0	0	1	1.0000	1.0000	0.0000	c	1
frequency	school	school	7	h	s..oo.	1	5	0	0	0	1	1.0000	1.0000	0.0000	c	1
frequency	school	school	8	r	s.hoo.	1	5	0	0	1	0	0.0000	1.0000	1.0000	c	0
frequency	school	school	9	d	s.hoo.	1	6	0	0	1	0	0.0000	1.0000	1.0000	c	0
frequency	school	school	10	l	s.hoo.	1	7	0	0	0	1	1.0000	1.0000	0.0000	c	1
frequency	school	school	11	c	s.hool	1	7	0	0	0	1	1.0000	1.0000	0.0000	c	1
frequency	earth	earth	0	e	.....	4431	0	0	0	0	1	0.4715	0.4906	0.0192	s	0
frequency	earth	earth	1	t	e....	46	0	0	0	0	1	0.4130	0.4130	0.0000	t	1
frequency	earth	earth	2	a	e..t.	5	0	0	0	0	1	0.2000	0.6000	0.4000	i	0
frequency	earth	earth	3	o	ea.t.	1	0	0	0	1	0	0.0000	1.0000	1.0000	h	0
frequency	earth	earth	4	i	ea.t.	1	1	0	0	1	0	0.0000	1.0000	1.0000	h	0
frequency	earth	earth	5	n	ea.t.	1	2	0	0	1	0	0.0000	1.0000	1.0000	h	0
frequency	earth	earth	6	s	ea.t.	1	3	0	0	1	0	0.0000	1.0000	1.0000	h	0
frequency	earth	earth	7	h	ea.t.	1	4	0	0	0	1	1.0000	1.0000	0.0000	h	1
frequency	earth	earth	8	r	ea.th	1	4	0	0	0	1	1.0000	1.0000	0.0000	r	1
frequency	coffee	coffee	0	e	......	7028	0	0	0	0	1	0.6477	0.6477	0.0000	e	1
frequency	coffee	coffee	1	t	....ee	7	0	0	0	0	0	0.5714	0.8571	0.2857	o	0
frequency	coffee	coffee	2	a	....ee	3	1	0	0	0	0	0.3333	0.6667	0.3333	o	0
frequency	coffee	coffee	3	o	....ee	2	2	0	0	0	1	0.5000	0.5000	0.0000	c	1
frequency	coffee	coffee	4	i	.o..ee	1	2	0	0	1	0	0.0000	1.0000	1.0000	c	0
frequency	coffee	coffee	5	n	.o..ee	1	3	0	0	1	0	0.0000	1.0000	1.0000	c	0
frequency	coffee	coffee	6	s	.o..ee	1	4	0	0	1	0	0.0000	1.0000	1.0000	c	0
frequency	coffee	coffee	7	h	.o..ee	1	5	0	0	1	0	0.0000	1.0000	1.0000	c	0
frequency	coffee	coffee	8	r	.o..ee	1	6	0	0	1	0	0.0000	1.0000	1.0000	c	0
frequency	coffee	coffee	9	d	.o..ee	1	7	0	0	1	0	0.0000	1.0000	1.0000	c	0
frequency	coffee	coffee	10	l	.o..ee	1	8	0	0	1	0	0.0000	1.0000	1.0000	c	0
frequency	coffee	coffee	11	c	.o..ee	1	9	0	0	0	1	1.0000	1.0000	0.0000	c	1
frequency	coffee	coffee	12	u	co..ee	1	9	0	0	1	0	0.0000	1.0000	1.0000	f	0
frequency	cookie	cookie	0	e	......	7028	0	0	0	0	1	0.6477	0.6477	0.0000	e	1
frequency	cookie	cookie	1	t	.....e	528	0	0	0	0	0	0.2652	0.4830	0.2178	l	0
frequency	cookie	cookie	2	a	.....e	388	1	0	0	0	0	0.4046	0.5284	0.1237	l	0
frequency	cookie	cookie	3	o	.....e	231	2	0	0	0	1	0.3983	0.5368	0.1385	i	0
frequency	cookie	cookie	4	i	.oo..e	12	2	0	0	0	1	0.5833	0.5833	0.0000	i	1
frequency	cookie	cookie	5	n	.oo.ie	7	2	0	0	0	0	0.1429	0.4286	0.2857	k	0
frequency	cookie	cookie	6	s	.oo.ie	6	3	0	0	1	0	0.0000	0.5000	0.5000	k	0
frequency	cookie	cookie	7	h	.oo.ie	6	4	0	0	0	0	0.1667	0.5000	0.3333	k	0
frequency	cookie	cookie	8	r	.oo.ie	5	5	0	0	0	0	0.2000	0.6000	0.4000	k	0
frequency	cookie	cookie	9	d	.oo.ie	4	6	0	0	1	0	0.0000	0.5000	0.5000	b	0
frequency	cookie	cookie	10	l	.oo.ie	4	7	0	0	0	0	0.2500	0.5000	0.2500	b	0
frequency	cookie	cookie	11	c	.oo.ie	3	8	0	0	0	1	0.3333	0.6667	0.3333	b	0
frequency	cookie	cookie	12	u	coo.ie	1	8	0	0	1	0	0.0000	1.0000	1.0000	k	0
frequency	cookie	cookie	13	m	coo.ie	1	9	0	0	1	0	0.0000	1.0000	1.0000	k	0
frequency	paper	paper	0	e	.....	4431	0	0	0	0	1	0.4715	0.4906	0.0192	s	0
frequency	paper	paper	1	t	...e.	846	0	0	0	0	0	0.1749	0.4409	0.2660	s	0
frequency	paper	paper	2	a	...e.	698	1	0	0	0	1	0.3424	0.4484	0.1060	s	0
frequency	paper	paper	3	o	.a.e.	201	1	0	0	0	0	0.0199	0.4677	0.4478	s	0
frequency	paper	paper	4	i	.a.e.	197	2	0	0	1	0	0.0000	0.4721	0.4721	s	0
frequency	paper	paper	5	n	.a.e.	197	3	0	0	0	0	0.1168	0.4721	0.3553	s	0
frequency	paper	paper	6	s	.a.e.	174	4	0	0	0	0	0.4713	0.4713	0.0000	s	1
frequency	paper	paper	7	h	.a.e.	92	5	0	0	0	0	0.0870	0.6413	0.5543	d	0
frequency	paper	paper	8	r	.a.e.	84	6	0	0	0	1	0.4286	0.6429	0.2143	d	0
frequency	paper	paper	9	d	.a.er	19	6	0	0	0	0	0.0526	0.3158	0.2632	g	0
frequency	paper	paper	10	l	.a.er	18	7	0	0	0	0	0.2778	0.3333	0.0556	g	0
frequency	paper	paper	11	c	.a.er	13	8	0	0	0	0	0.0769	0.3846	0.3077	g	0
frequency	paper	paper	12	u	.a.er	12	9	0	0	1	0	0.0000	0.4167	0.4167	g	0
frequency	puppy	puppy	0	e	.....	4431	0	0	0	0	0	0.4715	0.4906	0.0192	s	0
frequency	puppy	puppy	1	t	.....	2342	1	0	0	0	0	0.2874	0.5401	0.2528	s	0
frequency	puppy	puppy	2	a	.....	1669	2	0	0	0	0	0.4284	0.5374	0.1090	s	0
frequency	puppy	puppy	3	o	.....	954	3	0	0	0	0	0.4623	0.5692	0.1069	s	0
frequency	puppy	puppy	4	i	.....	513	4	0	0	0	0	0.5458	0.5809	0.0351	s	0
frequency	puppy	puppy	5	n	.....	233	5	0	0	0	0	0.2103	0.9356	0.7253	u	0
frequency	puppy	puppy	6	s	.....	184	6	0	0	0	0	0.6467	0.9402	0.2935	u	0
frequency	puppy	puppy	7	h	.....	65	7	0	0	0	0	0.2000	0.9077	0.7077	u	0
frequency	puppy	puppy	8	r	.....	52	8	0	0	0	0	0.2692	0.9423	0.6731	u	0
frequency	puppy	puppy	9	d	.....	38	9	0	0	0	0	0.1842	0.9474	0.7632	u	0
frequency	kitten	kitten	0	e	......	7028	0	0	0	0	1	0.6477	0.6477	0.0000	e	1
frequency	kitten	kitten	1	t	....e.	2005	0	0	0	0	1	0.2449	0.4963	0.2514	d	0
frequency	kitten	kitten	2	a	..tte.	47	0	0	0	0	0	0.3404	0.4894	0.1489	r	0
frequency	kitten	kitten	3	o	..tte.	31	1	0	0	0	0	0.2903	0.5161	0.2258	r	0
frequency	kitten	kitten	4	i	..tte.	22	2	0	0	0	1	0.4545	0.5455	0.0909	u	0
frequency	kitten	kitten	5	n	.itte.	10	2	0	0	0	1	0.3000	0.5000	0.2000	r	0
frequency	kitten	kitten	6	s	.itten	3	2	0	0	1	0	0.0000	0.3333	0.3333	b	0
frequency	kitten	kitten	7	h	.itten	3	3	0	0	1	0	0.0000	0.3333	0.3333	b	0
frequency	kitten	kitten	8	r	.itten	3	4	0	0	1	0	0.0000	0.3333	0.3333	b	0
frequency	kitten	kitten	9	d	.itten	3	5	0	0	1	0	0.0000	0.3333	0.3333	b	0
frequency	kitten	kitten	10	l	.itten	3	6	0	0	1	0	0.0000	0.3333	0.3333	b	0
frequency	kitten	kitten	11	c	.itten	3	7	0	0	1	0	0.0000	0.3333	0.3333	b	0
frequency	kitten	kitten	12	u	.itten	3	8	0	0	1	0	0.0000	0.3333	0.3333	b	0
frequency	kitten	kitten	13	m	.itten	3	9	0	0	0	0	0.3333	0.3333	0.0000	b	1
frequency	butter	butter	0	e	......	7028	0	0	0	0	1	0.6477	0.6477	0.0000	e	1
frequency	butter	butter	1	t	....e.	2005	0	0	0	0	1	0.2449	0.4963	0.2514	d	0
frequency	butter	butter	2	a	..tte.	47	0	0	0	0	0	0.3404	0.4894	0.1489	r	0
frequency	butter	butter	3	o	..tte.	31	1	0	0	0	0	0.2903	0.5161	0.2258	r	0
frequency	butter	butter	4	i	..tte.	22	2	0	0	0	0	0.4545	0.5455	0.0909	u	0
frequency	butter	butter	5	n	..tte.	12	3	0	0	0	0	0.0833	1.0000	0.9167	u	0
frequency	butter	butter	6	s	..tte.	11	4	0	0	0	0	0.0909	1.0000	0.9091	u	0
frequency	butter	butter	7	h	..tte.	10	5	0	0	1	0	0.0000	1.0000	1.0000	u	0
frequency	butter	butter	8	r	..tte.	10	6	0	0	0	1	0.6000	1.0000	0.4000	u	0
frequency	butter	butter	9	d	..tter	5	6	0	0	1	0	0.0000	1.0000	1.0000	u	0
frequency	butter	butter	10	l	..tter	5	7	0	0	1	0	0.0000	1.0000	1.0000	u	0
frequency	butter	butter	11	c	..tter	5	8	0	0	0	0	0.2000	1.0000	0.8000	u	0
frequency	butter	butter	12	u	..tter	4	9	0	0	0	1	1.0000	1.0000	0.0000	u	1
frequency	butter	butter	13	m	.utter	4	9	0	0	0	0	0.2500	0.2500	0.0000	b	1
frequency	pizza	pizza	0	e	.....	4431	0	0	0	0	0	0.4715	0.4906	0.0192	s	0
frequency	pizza	pizza	1	t	.....	2342	1	0	0	0	0	0.2874	0.5401	0.2528	s	0
frequency	pizza	pizza	2	a	.....	1669	2	0	0	0	1	0.4284	0.5374	0.1090	s	0
frequency	pizza	pizza	3	o	....a	32	2	0	0	0	0	0.4062	0.4062	0.0000	o	1
frequency	pizza	pizza	4	i	....a	19	3	0	0	0	1	0.4737	0.4737	0.0000	i	1
frequency	pizza	pizza	5	n	.i..a	7	3	0	0	0	0	0.4286	0.4286	0.0000	n	1
frequency	pizza	pizza	6	s	.i..a	4	4	0	0	0	0	0.2500	0.2500	0.0000	c	1
frequency	pizza	pizza	7	h	.i..a	3	5	0	0	1	0	0.0000	0.3333	0.3333	c	0
frequency	pizza	pizza	8	r	.i..a	3	6	0	0	0	0	0.3333	0.3333	0.0000	c	1
frequency	pizza	pizza	9	d	.i..a	2	7	0	0	1	0	0.0000	0.5000	0.5000	l	0
frequency	pizza	pizza	10	l	.i..a	2	8	0	0	0	0	0.5000	0.5000	0.0000	l	1
frequency	pizza	pizza	11	c	.i..a	1	9	0	0	1	0	0.0000	1.0000	1.0000	p	0
frequency	puzzle	puzzle	0	e	......	7028	0	0	0	0	1	0.6477	0.6477	0.0000	e	1
frequency	puzzle	puzzle	1	t	.....e	528	0	0	0	0	0	0.2652	0.4830	0.2178	l	0
frequency	puzzle	puzzle	2	a	.....e	388	1	0	0	0	0	0.4046	0.5284	0.1237	l	0
frequency	puzzle	puzzle	3	o	.....e	231	2	0	0	0	0	0.3983	0.5368	0.1385	i	0
frequency	puzzle	puzzle	4	i	.....e	139	3	0	0	0	0	0.6619	0.6619	0.0000	i	1
frequency	puzzle	puzzle	5	n	.....e	47	4	0	0	0	0	0.1489	0.9787	0.8298	u	0
frequency	puzzle	puzzle	6	s	.....e	40	5	0	0	0	0	0.2250	0.9750	0.7500	u	0
frequency	puzzle	puzzle	7	h	.....e	31	6	0	0	0	0	0.0968	1.0000	0.9032	u	0
frequency	puzzle	puzzle	8	r	.....e	28	7	0	0	0	0	0.3929	1.0000	0.6071	u	0
frequency	puzzle	puzzle	9	d	.....e	17	8	0	0	0	0	0.2353	1.0000	0.7647	u	0
frequency	puzzle	puzzle	10	l	.....e	13	9	0	0	0	1	0.9231	1.0000	0.0769	u	0
frequency	puzzle	puzzle	11	c	....le	12	9	0	0	0	0	0.0833	1.0000	0.9167	u	0
frequency	steam	steam	0	e	.....	4431	0	0	0	0	1	0.4715	0.4906	0.0192	s	0
frequency	steam	steam	1	t	..e..	176	0	0	0	0	1	0.3409	0.5739	0.2330	s	0
frequency	steam	steam	2	a	.te..	11	0	0	0	0	1	0.3636	0.9091	0.5455	s	0
frequency	steam	steam	3	o	.tea.	4	0	0	0	1	0	0.0000	1.0000	1.0000	s	0
frequency	steam	steam	4	i	.tea.	4	1	0	0	1	0	0.0000	1.0000	1.0000	s	0
frequency	steam	steam	5	n	.tea.	4	2	0	0	1	0	0.0000	1.0000	1.0000	s	0
frequency	steam	steam	6	s	.tea.	4	3	0	0	0	1	1.0000	1.0000	0.0000	s	1
frequency	steam	steam	7	h	stea.	4	3	0	0	1	0	0.0000	0.2500	0.2500	d	0
frequency	steam	steam	8	r	stea.	4	4	0	0	1	0	0.0000	0.2500	0.2500	d	0
frequency	steam	steam	9	d	stea.	4	5	0	0	0	0	0.2500	0.2500	0.0000	d	1
frequency	steam	steam	10	l	stea.	3	6	0	0	0	0	0.3333	0.3333	0.0000	k	1
frequency	steam	steam	11	c	stea.	2	7	0	0	1	0	0.0000	0.5000	0.5000	k	0
frequency	steam	steam	12	u	stea.	2	8	0	0	1	0	0.0000	0.5000	0.5000	k	0
frequency	steam	steam	13	m	stea.	2	9	0	0	0	1	0.5000	0.5000	0.0000	k	1
frequency	butterfly	butterfly	0	e	.........	8995	0	0	0	0	1	0.7360	0.7360	0.0000	e	1
frequency	butterfly	butterfly	1	t	....e....	367	0	0	0	0	1	0.4850	0.7112	0.2262	i	0
frequency	butterfly	butterfly	2	a	..tte....	16	0	0	0	0	0	0.3125	0.8750	0.5625	i	0
frequency	butterfly	butterfly	3	o	..tte....	11	1	0	0	0	0	0.0909	0.9091	0.8182	r	0
frequency	butterfly	butterfly	4	i	..tte....	10	2	0	0	0	0	0.8000	0.9000	0.1000	r	0
frequency	butterfly	butterfly	5	n	..tte....	2	3	0	0	1	0	0.0000	1.0000	1.0000	b	0
frequency	butterfly	butterfly	6	s	..tte....	2	4	0	0	1	0	0.0000	1.0000	1.0000	b	0
frequency	butterfly	butterfly	7	h	..tte....	2	5	0	0	1	0	0.0000	1.0000	1.0000	b	0
frequency	butterfly	butterfly	8	r	..tte....	2	6	0	0	0	1	1.0000	1.0000	0.0000	b	1
frequency	butterfly	butterfly	9	d	..tter...	2	6	0	0	1	0	0.0000	1.0000	1.0000	b	0
frequency	butterfly	butterfly	10	l	..tter...	2	7	0	0	0	1	0.5000	1.0000	0.5000	b	0
frequency	butterfly	butterfly	11	c	..tter.l.	1	7	0	0	1	0	0.0000	1.0000	1.0000	b	0
frequency	butterfly	butterfly	12	u	..tter.l.	1	8	0	0	0	1	1.0000	1.0000	0.0000	b	1
frequency	butterfly	butterfly	13	m	.utter.l.	1	8	0	0	1	0	0.0000	1.0000	1.0000	b	0
frequency	butterfly	butterfly	14	w	.utter.l.	1	9	0	0	1	0	0.0000	1.0000	1.0000	b	0
frequency	strawberry	strawberry	0	e	..........	7205	0	0	0	0	1	0.7602	0.7602	0.0000	e	1
frequency	strawberry	strawberry	1	t	......e...	113	0	0	0	0	1	0.6106	0.7434	0.1327	s	0
frequency	strawberry	strawberry	2	a	.t....e...	3	0	0	0	0	1	0.6667	1.0000	0.3333	r	0
frequency	strawberry	strawberry	3	o	.t.a..e...	1	0	0	0	1	0	0.0000	1.0000	1.0000	b	0
frequency	strawberry	strawberry	4	i	.t.a..e...	1	1	0	0	1	0	0.0000	1.0000	1.0000	b	0
frequency	strawberry	strawberry	5	n	.t.a..e...	1	2	0	0	1	0	0.0000	1.0000	1.0000	b	0
frequency	strawberry	strawberry	6	s	.t.a..e...	1	3	0	0	0	1	1.0000	1.0000	0.0000	b	1
frequency	strawberry	strawberry	7	h	st.a..e...	1	3	0	0	1	0	0.0000	1.0000	1.0000	b	0
frequency	strawberry	strawberry	8	r	st.a..e...	1	4	0	0	0	1	1.0000	1.0000	0.0000	b	1
frequency	strawberry	strawberry	9	d	stra..err.	1	4	0	0	1	0	0.0000	1.0000	1.0000	b	0
frequency	strawberry	strawberry	10	l	stra..err.	1	5	0	0	1	0	0.0000	1.0000	1.0000	b	0
frequency	strawberry	strawberry	11	c	stra..err.	1	6	0	0	1	0	0.0000	1.0000	1.0000	b	0
frequency	strawberry	strawberry	12	u	stra..err.	1	7	0	0	1	0	0.0000	1.0000	1.0000	b	0
frequency	strawberry	strawberry	13	m	stra..err.	1	8	0	0	1	0	0.0000	1.0000	1.0000	b	0
frequency	strawberry	strawberry	14	w	stra..err.	1	9	0	0	0	1	1.0000	1.0000	0.0000	b	1
frequency	strawberry	strawberry	15	f	straw.err.	1	9	0	0	1	0	0.0000	1.0000	1.0000	b	0
frequency	garden	garden	0	e	......	7028	0	0	0	0	1	0.6477	0.6477	0.0000	e	1
frequency	garden	garden	1	t	....e.	2005	0	0	0	0	0	0.2449	0.4963	0.2514	d	0
frequency	garden	garden	2	a	....e.	1514	1	0	0	0	1	0.3818	0.5390	0.1572	d	0
frequency	garden	garden	3	o	.a..e.	363	1	0	0	0	0	0.0110	0.5895	0.5785	d	0
frequency	garden	garden	4	i	.a..e.	359	2	0	0	0	0	0.1504	0.5877	0.4373	d	0
frequency	garden	garden	5	n	.a..e.	305	3	0	0	0	1	0.2295	0.6098	0.3803	d	0
frequency	garden	garden	6	s	.a..en	13	3	0	0	0	0	0.0769	0.6154	0.5385	d	0
frequency	garden	garden	7	h	.a..en	12	4	0	0	0	0	0.1667	0.5833	0.4167	d	0
frequency	garden	garden	8	r	.a..en	10	5	0	0	0	1	0.5000	0.6000	0.1000	d	0
frequency	garden	garden	9	d	.ar.en	3	5	0	0	0	1	1.0000	1.0000	0.0000	d	1
frequency	garden	garden	10	l	.arden	2	5	0	0	1	0	0.0000	0.5000	0.5000	g	0
frequency	garden	garden	11	c	.arden	2	6	0	0	1	0	0.0000	0.5000	0.5000	g	0
frequency	garden	garden	12	u	.arden	2	7	0	0	1	0	0.0000	0.5000	0.5000	g	0
frequency	garden	garden	13	m	.arden	2	8	0	0	1	0	0.0000	0.5000	0.5000	g	0
frequency	garden	garden	14	w	.arden	2	9	0	0	0	0	0.5000	0.5000	0.0000	g	1
frequency	market	market	0	e	......	7028	0	0	0	0	1	0.6477	0.6477	0.0000	e	1
frequency	market	market	1	t	....e.	2005	0	0	0	0	1	0.2449	0.4963	0.2514	d	0
frequency	market	market	2	a	....et	85	0	0	0	0	1	0.3529	0.3765	0.0235	l	0
frequency	market	market	3	o	.a..et	24	0	0	0	1	0	0.0000	0.4167	0.4167	c	0
frequency	market	market	4	i	.a..et	24	1	0	0	1	0	0.0000	0.4167	0.4167	c	0
frequency	market	market	5	n	.a..et	24	2	0	0	0	0	0.1667	0.4167	0.2500	c	0
frequency	market	market	6	s	.a..et	20	3	0	0	0	0	0.2000	0.4500	0.2500	c	0
frequency	market	market	7	h	.a..et	16	4	0	0	0	0	0.1250	0.4375	0.3125	c	0
frequency	market	market	8	r	.a..et	14	5	0	0	0	1	0.3571	0.4286	0.0714	c	0
frequency	market	market	9	d	.ar.et	3	5	0	0	1	0	0.0000	0.3333	0.3333	c	0
frequency	market	market	10	l	.ar.et	3	6	0	0	0	0	0.3333	0.3333	0.0000	c	1
frequency	market	market	11	c	.ar.et	2	7	0	0	0	0	0.5000	0.5000	0.0000	c	1
frequency	market	market	12	u	.ar.et	1	8	0	0	1	0	0.0000	1.0000	1.0000	k	0
frequency	market	market	13	m	.ar.et	1	9	0	0	0	1	1.0000	1.0000	0.0000	k	1
frequency	market	market	14	w	mar.et	1	9	0	0	1	0	0.0000	1.0000	1.0000	k	0
frequency	pocket	pocket	0	e	......	7028	0	0	0	0	1	0.6477	0.6477	0.0000	e	1
frequency	pocket	pocket	1	t	....e.	2005	0	0	0	0	1	0.2449	0.4963	0.2514	d	0
frequency	pocket	pocket	2	a	....et	85	0	0	0	0	0	0.3529	0.3765	0.0235	l	0
frequency	pocket	pocket	3	o	....et	55	1	0	0	0	1	0.3273	0.3636	0.0364	i	0
frequency	pocket	pocket	4	i	.o..et	15	1	0	0	0	0	0.0667	0.4667	0.4000	c	0
frequency	pocket	pocket	5	n	.o..et	14	2	0	0	0	0	0.2857	0.5000	0.2143	c	0
frequency	pocket	pocket	6	s	.o..et	10	3	0	0	0	0	0.3000	0.6000	0.3000	c	0
frequency	pocket	pocket	7	h	.o..et	7	4	0	0	1	0	0.0000	0.5714	0.5714	c	0
frequency	pocket	pocket	8	r	.o..et	7	5	0	0	0	0	0.2857	0.5714	0.2857	c	0
frequency	pocket	pocket	9	d	.o..et	5	6	0	0	0	0	0.2000	0.6000	0.4000	c	0
frequency	pocket	pocket	10	l	.o..et	4	7	0	0	0	0	0.5000	0.5000	0.0000	c	1
frequency	pocket	pocket	11	c	.o..et	2	8	0	0	0	1	0.5000	1.0000	0.5000	p	0
frequency	pocket	pocket	12	u	.oc.et	1	8	0	0	1	0	0.0000	1.0000	1.0000	k	0
frequency	pocket	pocket	13	m	.oc.et	1	9	0	0	1	0	0.0000	1.0000	1.0000	k	0
frequency	rocket	rocket	0	e	......	7028	0	0	0	0	1	0.6477	0.6477	0.0000	e	1
frequency	rocket	rocket	1	t	....e.	2005	0	0	0	0	1	0.2449	0.4963	0.2514	d	0
frequency	rocket	rocket	2	a	....et	85	0	0	0	0	0	0.3529	0.3765	0.0235	l	0
frequency	rocket	rocket	3	o	....et	55	1	0	0	0	1	0.3273	0.3636	0.0364	i	0
frequency	rocket	rocket	4	i	.o..et	15	1	0	0	0	0	0.0667	0.4667	0.4000	c	0
frequency	rocket	rocket	5	n	.o..et	14	2	0	0	0	0	0.2857	0.5000	0.2143	c	0
frequency	rocket	rocket	6	s	.o..et	10	3	0	0	0	0	0.3000	0.6000	0.3000	c	0
frequency	rocket	rocket	7	h	.o..et	7	4	0	0	1	0	0.0000	0.5714	0.5714	c	0
frequency	rocket	rocket	8	r	.o..et	7	5	0	0	0	1	0.2857	0.5714	0.2857	c	0
frequency	rocket	rocket	9	d	ro..et	1	5	0	0	1	0	0.0000	1.0000	1.0000	c	0
frequency	rocket	rocket	10	l	ro..et	1	6	0	0	1	0	0.0000	1.0000	1.0000	c	0
frequency	rocket	rocket	11	c	ro..et	1	7	0	0	0	1	1.0000	1.0000	0.0000	c	1
frequency	rocket	rocket	12	u	roc.et	1	7	0	0	1	0	0.0000	1.0000	1.0000	k	0
frequency	rocket	rocket	13	m	roc.et	1	8	0	0	1	0	0.0000	1.0000	1.0000	k	0
frequency	rocket	rocket	14	w	roc.et	1	9	0	0	1	0	0.0000	1.0000	1.0000	k	0
frequency	guitar	guitar	0	e	......	7028	0	0	0	0	0	0.6477	0.6477	0.0000	e	1
frequency	guitar	guitar	1	t	......	2476	1	0	0	0	1	0.3332	0.5230	0.1898	s	0
frequency	guitar	guitar	2	a	...t..	125	1	0	0	0	1	0.4480	0.5600	0.1120	s	0
frequency	guitar	guitar	3	o	...ta.	15	1	0	0	0	0	0.4667	0.6000	0.1333	s	0
frequency	guitar	guitar	4	i	...ta.	8	2	0	0	0	1	0.2500	0.7500	0.5000	s	0
frequency	guitar	guitar	5	n	..ita.	1	2	0	0	1	0	0.0000	1.0000	1.0000	g	0
frequency	guitar	guitar	6	s	..ita.	1	3	0	0	1	0	0.0000	1.0000	1.0000	g	0
frequency	guitar	guitar	7	h	..ita.	1	4	0	0	1	0	0.0000	1.0000	1.0000	g	0
frequency	guitar	guitar	8	r	..ita.	1	5	0	0	0	1	1.0000	1.0000	0.0000	g	1
frequency	guitar	guitar	9	d	..itar	1	5	0	0	1	0	0.0000	1.0000	1.0000	g	0
frequency	guitar	guitar	10	l	..itar	1	6	0	0	1	0	0.0000	1.0000	1.0000	g	0
frequency	guitar	guitar	11	c	..itar	1	7	0	0	1	0	0.0000	1.0000	1.0000	g	0
frequency	guitar	guitar	12	u	..itar	1	8	0	0	0	1	1.0000	1.0000	0.0000	g	1
frequency	guitar	guitar	13	m	.uitar	1	8	0	0	1	0	0.0000	1.0000	1.0000	g	0
frequency	guitar	guitar	14	w	.uitar	1	9	0	0	1	0	0.0000	1.0000	1.0000	g	0
frequency	jacket	jacket	0	e	......	7028	0	0	0	0	1	0.6477	0.6477	0.0000	e	1
frequency	jacket	jacket	1	t	....e.	2005	0	0	0	0	1	0.2449	0.4963	0.2514	d	0
frequency	jacket	jacket	2	a	....et	85	0	0	0	0	1	0.3529	0.3765	0.0235	l	0
frequency	jacket	jacket	3	o	.a..et	24	0	0	0	1	0	0.0000	0.4167	0.4167	c	0
frequency	jacket	jacket	4	i	.a..et	24	1	0	0	1	0	0.0000	0.4167	0.4167	c	0
frequency	jacket	jacket	5	n	.a..et	24	2	0	0	0	0	0.1667	0.4167	0.2500	c	0
frequency	jacket	jacket	6	s	.a..et	20	3	0	0	0	0	0.2000	0.4500	0.2500	c	0
frequency	jacket	jacket	7	h	.a..et	16	4	0	0	0	0	0.1250	0.4375	0.3125	c	0
frequency	jacket	jacket	8	r	.a..et	14	5	0	0	0	0	0.3571	0.4286	0.0714	c	0
frequency	jacket	jacket	9	d	.a..et	9	6	0	0	0	0	0.1111	0.5556	0.4444	l	0
frequency	jacket	jacket	10	l	.a..et	8	7	0	0	0	0	0.6250	0.6250	0.0000	l	1
frequency	jacket	jacket	11	c	.a..et	3	8	0	0	0	1	1.0000	1.0000	0.0000	c	1
frequency	jacket	jacket	12	u	.ac.et	2	8	0	0	1	0	0.0000	1.0000	1.0000	k	0
frequency	jacket	jacket	13	m	.ac.et	2	9	0	0	1	0	0.0000	1.0000	1.0000	k	0
frequency	pencil	pencil	0	e	......	7028	0	0	0	0	1	0.6477	0.6477	0.0000	e	1
frequency	pencil	pencil	1	t	.e....	399	0	0	0	0	0	0.3609	0.4712	0.1103	r	0
frequency	pencil	pencil	2	a	.e....	255	1	0	0	0	0	0.4235	0.4980	0.0745	r	0
frequency	pencil	pencil	3	o	.e....	147	2	0	0	0	0	0.4694	0.4966	0.0272	r	0
frequency	pencil	pencil	4	i	.e....	78	3	0	0	0	1	0.6923	0.6923	0.0000	i	1
frequency	pencil	pencil	5	n	.e..i.	15	3	0	0	0	1	0.4000	0.5333	0.1333	r	0
frequency	pencil	pencil	6	s	.en.i.	1	3	0	0	1	0	0.0000	1.0000	1.0000	c	0
frequency	pencil	pencil	7	h	.en.i.	1	4	0	0	1	0	0.0000	1.0000	1.0000	c	0
frequency	pencil	pencil	8	r	.en.i.	1	5	0	0	1	0	0.0000	1.0000	1.0000	c	0
frequency	pencil	pencil	9	d	.en.i.	1	6	0	0	1	0	0.0000	1.0000	1.0000	c	0
frequency	pencil	pencil	10	l	.en.i.	1	7	0	0	0	1	1.0000	1.0000	0.0000	c	1
frequency	pencil	pencil	11	c	.en.il	1	7	0	0	0	1	1.0000	1.0000	0.0000	c	1
frequency	pencil	pencil	12	u	.encil	1	7	0	0	1	0	0.0000	1.0000	1.0000	p	0
frequency	pencil	pencil	13	m	.encil	1	8	0	0	1	0	0.0000	1.0000	1.0000	p	0
frequency	pencil	pencil	14	w	.encil	1	9	0	0	1	0	0.0000	1.0000	1.0000	p	0
frequency	rabbit	rabbit	0	e	......	7028	0	0	0	0	0	0.6477	0.6477	0.0000	e	1
frequency	rabbit	rabbit	1	t	......	2476	1	0	0	0	1	0.3332	0.5230	0.1898	s	0
frequency	rabbit	rabbit	2	a	.....t	129	1	0	0	0	1	0.5194	0.5194	0.0000	a	1
frequency	rabbit	rabbit	3	o	.a...t	21	1	0	0	0	0	0.6190	0.6190	0.0000	o	1
frequency	rabbit	rabbit	4	i	.a...t	8	2	0	0	0	1	0.7500	0.7500	0.0000	i	1
frequency	rabbit	rabbit	5	n	.a..it	3	2	0	0	0	0	0.3333	1.0000	0.6667	b	0
frequency	rabbit	rabbit	6	s	.a..it	2	3	0	0	1	0	0.0000	1.0000	1.0000	b	0
frequency	rabbit	rabbit	7	h	.a..it	2	4	0	0	1	0	0.0000	1.0000	1.0000	b	0
frequency	rabbit	rabbit	8	r	.a..it	2	5	0	0	0	1	0.5000	1.0000	0.5000	b	0
frequency	rabbit	rabbit	9	d	ra..it	1	5	0	0	1	0	0.0000	1.0000	1.0000	b	0
frequency	rabbit	rabbit	10	l	ra..it	1	6	0	0	1	0	0.0000	1.0000	1.0000	b	0
frequency	rabbit	rabbit	11	c	ra..it	1	7	0	0	1	0	0.0000	1.0000	1.0000	b	0
frequency	rabbit	rabbit	12	u	ra..it	1	8	0	0	1	0	0.0000	1.0000	1.0000	b	0
frequency	rabbit	rabbit	13	m	ra..it	1	9	0	0	1	0	0.0000	1.0000	1.0000	b	0
frequency	turtle	turtle	0	e	......	7028	0	0	0	0	1	0.6477	0.6477	0.0000	e	1
frequency	turtle	turtle	1	t	.....e	528	0	0	0	0	1	0.2652	0.4830	0.2178	l	0
frequency	turtle	turtle	2	a	t..t.e	2	0	0	0	1	0	0.0000	0.5000	0.5000	i	0
frequency	turtle	turtle	3	o	t..t.e	2	1	0	0	0	0	0.5000	0.5000	0.0000	i	1
frequency	turtle	turtle	4	i	t..t.e	1	2	0	0	1	0	0.0000	1.0000	1.0000	l	0
frequency	turtle	turtle	5	n	t..t.e	1	3	0	0	1	0	0.0000	1.0000	1.0000	l	0
frequency	turtle	turtle	6	s	t..t.e	1	4	0	0	1	0	0.0000	1.0000	1.0000	l	0
frequency	turtle	turtle	7	h	t..t.e	1	5	0	0	1	0	0.0000	1.0000	1.0000	l	0
frequency	turtle	turtle	8	r	t..t.e	1	6	0	0	0	1	1.0000	1.0000	0.0000	l	1
frequency	turtle	turtle	9	d	t.rt.e	1	6	0	0	1	0	0.0000	1.0000	1.0000	l	0
frequency	turtle	turtle	10	l	t.rt.e	1	7	0	0	0	1	1.0000	1.0000	0.0000	l	1
frequency	turtle	turtle	11	c	t.rtle	1	7	0	0	1	0	0.0000	1.0000	1.0000	u	0
frequency	turtle	turtle	12	u	t.rtle	1	8	0	0	0	1	1.0000	1.0000	0.0000	u	1
frequency	monkey	monkey	0	e	......	7028	0	0	0	0	1	0.6477	0.6477	0.0000	e	1
frequency	monkey	monkey	1	t	....e.	2005	0	0	0	0	0	0.2449	0.4963	0.2514	d	0
frequency	monkey	monkey	2	a	....e.	1514	1	0	0	0	0	0.3818	0.5390	0.1572	d	0
frequency	monkey	monkey	3	o	....e.	936	2	0	0	0	1	0.4209	0.5342	0.1132	d	0
frequency	monkey	monkey	4	i	.o..e.	237	2	0	0	0	0	0.1688	0.5823	0.4135	d	0
frequency	monkey	monkey	5	n	.o..e.	197	3	0	0	0	1	0.1878	0.6193	0.4315	d	0
frequency	monkey	monkey	6	s	.on.e.	18	3	0	0	1	0	0.0000	0.6667	0.6667	d	0
frequency	monkey	monkey	7	h	.on.e.	18	4	0	0	0	0	0.0556	0.6667	0.6111	d	0
frequency	monkey	monkey	8	r	.on.e.	17	5	0	0	0	0	0.4118	0.6471	0.2353	d	0
frequency	monkey	monkey	9	d	.on.e.	10	6	0	0	0	0	0.7000	0.7000	0.0000	d	1
frequency	monkey	monkey	10	l	.on.e.	3	7	0	0	1	0	0.0000	0.6667	0.6667	c	0
frequency	monkey	monkey	11	c	.on.e.	3	8	0	0	0	0	0.6667	0.6667	0.0000	c	1
frequency	monkey	monkey	12	u	.on.e.	1	9	0	0	1	0	0.0000	1.0000	1.0000	k	0
frequency	orange	orange	0	e	......	7028	0	0	0	0	1	0.6477	0.6477	0.0000	e	1
frequency	orange	orange	1	t	.....e	528	0	0	0	0	0	0.2652	0.4830	0.2178	l	0
frequency	orange	orange	2	a	.....e	388	1	0	0	0	1	0.4046	0.5284	0.1237	l	0
frequency	orange	orange	3	o	..a..e	31	1	0	0	0	1	0.2581	0.4839	0.2258	l	0
frequency	orange	orange	4	i	o.a..e	3	1	0	0	1	0	0.0000	0.6667	0.6667	r	0
frequency	orange	orange	5	n	o.a..e	3	2	0	0	0	1	0.3333	0.6667	0.3333	r	0
frequency	orange	orange	6	s	o.an.e	1	2	0	0	1	0	0.0000	1.0000	1.0000	g	0
frequency	orange	orange	7	h	o.an.e	1	3	0	0	1	0	0.0000	1.0000	1.0000	g	0
frequency	orange	orange	8	r	o.an.e	1	4	0	0	0	1	1.0000	1.0000	0.0000	g	1
frequency	orange	orange	9	d	oran.e	1	4	0	0	1	0	0.0000	1.0000	1.0000	g	0
frequency	orange	orange	10	l	oran.e	1	5	0	0	1	0	0.0000	1.0000	1.0000	g	0
frequency	orange	orange	11	c	oran.e	1	6	0	0	1	0	0.0000	1.0000	1.0000	g	0
frequency	orange	orange	12	u	oran.e	1	7	0	0	1	0	0.0000	1.0000	1.0000	g	0
frequency	orange	orange	13	m	oran.e	1	8	0	0	1	0	0.0000	1.0000	1.0000	g	0
frequency	orange	orange	14	w	oran.e	1	9	0	0	1	0	0.0000	1.0000	1.0000	g	0
frequency	purple	purple	0	e	......	7028	0	0	0	0	1	0.6477	0.6477	0.0000	e	1
frequency	purple	purple	1	t	.....e	528	0	0	0	0	0	0.2652	0.4830	0.2178	l	0
frequency	purple	purple	2	a	.....e	388	1	0	0	0	0	0.4046	0.5284	0.1237	l	0
frequency	purple	purple	3	o	.....e	231	2	0	0	0	0	0.3983	0.5368	0.1385	i	0
frequency	purple	purple	4	i	.....e	139	3	0	0	0	0	0.6619	0.6619	0.0000	i	1
frequency	purple	purple	5	n	.....e	47	4	0	0	0	0	0.1489	0.9787	0.8298	u	0
frequency	purple	purple	6	s	.....e	40	5	0	0	0	0	0.2250	0.9750	0.7500	u	0
frequency	purple	purple	7	h	.....e	31	6	0	0	0	0	0.0968	1.0000	0.9032	u	0
frequency	purple	purple	8	r	.....e	28	7	0	0	0	1	0.3929	1.0000	0.6071	u	0
frequency	purple	purple	9	d	..r..e	5	7	0	0	0	0	0.2000	1.0000	0.8000	l	0
frequency	purple	purple	10	l	..r..e	4	8	0	0	0	1	1.0000	1.0000	0.0000	l	1
frequency	purple	purple	11	c	..r.le	4	8	0	0	1	0	0.0000	1.0000	1.0000	u	0
frequency	purple	purple	12	u	..r.le	4	9	0	0	0	1	1.0000	1.0000	0.0000	u	1
frequency	purple	purple	13	m	.ur.le	4	9	0	0	1	0	0.0000	0.5000	0.5000	b	0
frequency	silver	silver	0	e	......	7028	0	0	0	0	1	0.6477	0.6477	0.0000	e	1
frequency	silver	silver	1	t	....e.	2005	0	0	0	0	0	0.2449	0.4963	0.2514	d	0
frequency	silver	silver	2	a	....e.	1514	1	0	0	0	0	0.3818	0.5390	0.1572	d	0
frequency	silver	silver	3	o	....e.	936	2	0	0	0	0	0.4209	0.5342	0.1132	d	0
frequency	silver	silver	4	i	....e.	542	3	0	0	0	1	0.5830	0.5830	0.0000	i	1
frequency	silver	silver	5	n	.i..e.	195	3	0	0	0	0	0.3692	0.6051	0.2359	d	0
frequency	silver	silver	6	s	.i..e.	123	4	0	0	0	1	0.3496	0.6341	0.2846	d	0
frequency	silver	silver	7	h	si..e.	8	4	0	0	0	0	0.1250	0.5000	0.3750	d	0
frequency	silver	silver	8	r	si..e.	7	5	0	0	0	1	0.5714	0.5714	0.0000	r	1
frequency	silver	silver	9	d	si..er	4	5	0	0	1	0	0.0000	0.5000	0.5000	m	0
frequency	silver	silver	10	l	si..er	4	6	0	0	0	1	0.2500	0.5000	0.2500	m	0
frequency	silver	silver	11	c	sil.er	1	6	0	0	1	0	0.0000	1.0000	1.0000	v	0
frequency	silver	silver	12	u	sil.er	1	7	0	0	1	0	0.0000	1.0000	1.0000	v	0
frequency	silver	silver	13	m	sil.er	1	8	0	0	1	0	0.0000	1.0000	1.0000	v	0
frequency	silver	silver	14	w	sil.er	1	9	0	0	1	0	0.0000	1.0000	1.0000	v	0
frequency	winter	winter	0	e	......	7028	0	0	0	0	1	0.6477	0.6477	0.0000	e	1
frequency	winter	winter	1	t	....e.	2005	0	0	0	0	1	0.2449	0.4963	0.2514	d	0
frequency	winter	winter	2	a	...te.	175	0	0	0	0	0	0.4400	0.4743	0.0343	r	0
frequency	winter	winter	3	o	...te.	98	1	0	0	0	0	0.4388	0.4796	0.0408	s	0
frequency	winter	winter	4	i	...te.	55	2	0	0	0	1	0.6182	0.6182	0.0000	i	1
frequency	winter	winter	5	n	.i.te.	21	2	0	0	0	1	0.2381	0.6190	0.3810	d	0
frequency	winter	winter	6	s	.inte.	4	2	0	0	1	0	0.0000	0.5000	0.5000	d	0
frequency	winter	winter	7	h	.inte.	4	3	0	0	0	0	0.2500	0.5000	0.2500	d	0
frequency	winter	winter	8	r	.inte.	3	4	0	0	0	1	0.3333	0.3333	0.0000	d	1
frequency	winter	winter	9	d	.inter	1	4	0	0	1	0	0.0000	1.0000	1.0000	w	0
frequency	winter	winter	10	l	.inter	1	5	0	0	1	0	0.0000	1.0000	1.0000	w	0
frequency	winter	winter	11	c	.inter	1	6	0	0	1	0	0.0000	1.0000	1.0000	w	0
frequency	winter	winter	12	u	.inter	1	7	0	0	1	0	0.0000	1.0000	1.0000	w	0
frequency	winter	winter	13	m	.inter	1	8	0	0	1	0	0.0000	1.0000	1.0000	w	0
frequency	winter	winter	14	w	.inter	1	9	0	0	0	1	1.0000	1.0000	0.0000	w	1
frequency	zebra	zebra	0	e	.....	4431	0	0	0	0	1	0.4715	0.4906	0.0192	s	0
frequency	zebra	zebra	1	t	.e...	342	0	0	0	0	0	0.3187	0.5117	0.1930	s	0
frequency	zebra	zebra	2	a	.e...	233	1	0	0	0	1	0.4206	0.5150	0.0944	s	0
frequency	zebra	zebra	3	o	.e..a	7	1	0	0	1	0	0.0000	0.4286	0.4286	m	0
frequency	zebra	zebra	4	i	.e..a	7	2	0	0	0	0	0.2857	0.4286	0.1429	m	0
frequency	zebra	zebra	5	n	.e..a	5	3	0	0	0	0	0.4000	0.4000	0.0000	m	1
frequency	zebra	zebra	6	s	.e..a	3	4	0	0	1	0	0.0000	0.6667	0.6667	m	0
frequency	zebra	zebra	7	h	.e..a	3	5	0	0	1	0	0.0000	0.6667	0.6667	m	0
frequency	zebra	zebra	8	r	.e..a	3	6	0	0	0	1	0.3333	0.6667	0.3333	m	0
frequency	zebra	zebra	9	d	.e.ra	1	6	0	0	1	0	0.0000	1.0000	1.0000	b	0
frequency	zebra	zebra	10	l	.e.ra	1	7	0	0	1	0	0.0000	1.0000	1.0000	b	0
frequency	zebra	zebra	11	c	.e.ra	1	8	0	0	1	0	0.0000	1.0000	1.0000	b	0
frequency	zebra	zebra	12	u	.e.ra	1	9	0	0	1	0	0.0000	1.0000	1.0000	b	0
frequency	bridge	bridge	0	e	......	7028	0	0	0	0	1	0.6477	0.6477	0.0000	e	1
frequency	bridge	bridge	1	t	.....e	528	0	0	0	0	0	0.2652	0.4830	0.2178	l	0
frequency	bridge	bridge	2	a	.....e	388	1	0	0	0	0	0.4046	0.5284	0.1237	l	0
frequency	bridge	bridge	3	o	.....e	231	2	0	0	0	0	0.3983	0.5368	0.1385	i	0
frequency	bridge	bridge	4	i	.....e	139	3	0	0	0	1	0.6619	0.6619	0.0000	i	1
frequency	bridge	bridge	5	n	..i..e	13	3	0	0	0	0	0.3846	0.6154	0.2308	r	0
frequency	bridge	bridge	6	s	..i..e	8	4	0	0	1	0	0.0000	0.6250	0.6250	r	0
frequency	bridge	bridge	7	h	..i..e	8	5	0	0	0	0	0.2500	0.6250	0.3750	r	0
frequency	bridge	bridge	8	r	..i..e	6	6	0	0	0	1	0.8333	0.8333	0.0000	r	1
frequency	bridge	bridge	9	d	.ri..e	5	6	0	0	0	1	0.6000	0.8000	0.2000	g	0
frequency	bridge	bridge	10	l	.rid.e	3	6	0	0	0	0	0.3333	0.6667	0.3333	b	0
frequency	bridge	bridge	11	c	.rid.e	2	7	0	0	1	0	0.0000	1.0000	1.0000	g	0
frequency	bridge	bridge	12	u	.rid.e	2	8	0	0	1	0	0.0000	1.0000	1.0000	g	0
frequency	bridge	bridge	13	m	.rid.e	2	9	0	0	1	0	0.0000	1.0000	1.0000	g	0
frequency	planet	planet	0	e	......	7028	0	0	0	0	1	0.6477	0.6477	0.0000	e	1
frequency	planet	planet	1	t	....e.	2005	0	0	0	0	1	0.2449	0.4963	0.2514	d	0
frequency	planet	planet	2	a	....et	85	0	0	0	0	1	0.3529	0.3765	0.0235	l	0
frequency	planet	planet	3	o	..a.et	3	0	0	0	1	0	0.0000	1.0000	1.0000	l	0
frequency	planet	planet	4	i	..a.et	3	1	0	0	1	0	0.0000	1.0000	1.0000	l	0
frequency	planet	planet	5	n	..a.et	3	2	0	0	0	1	0.3333	1.0000	0.6667	l	0
frequency	planet	planet	6	s	..anet	1	2	0	0	1	0	0.0000	1.0000	1.0000	l	0
frequency	planet	planet	7	h	..anet	1	3	0	0	1	0	0.0000	1.0000	1.0000	l	0
frequency	planet	planet	8	r	..anet	1	4	0	0	1	0	0.0000	1.0000	1.0000	l	0
frequency	planet	planet	9	d	..anet	1	5	0	0	1	0	0.0000	1.0000	1.0000	l	0
frequency	planet	planet	10	l	..anet	1	6	0	0	0	1	1.0000	1.0000	0.0000	l	1
frequency	planet	planet	11	c	.lanet	1	6	0	0	1	0	0.0000	1.0000	1.0000	p	0
frequency	planet	planet	12	u	.lanet	1	7	0	0	1	0	0.0000	1.0000	1.0000	p	0
frequency	planet	planet	13	m	.lanet	1	8	0	0	1	0	0.0000	1.0000	1.0000	p	0
frequency	planet	planet	14	w	.lanet	1	9	0	0	1	0	0.0000	1.0000	1.0000	p	0
frequency	forest	forest	0	e	......	7028	0	0	0	0	1	0.6477	0.6477	0.0000	e	1
frequency	forest	forest	1	t	...e..	445	0	0	0	0	1	0.4067	0.7213	0.3146	s	0
frequency	forest	forest	2	a	...e.t	97	0	0	0	0	0	0.3402	0.6804	0.3402	s	0
frequency	forest	forest	3	o	...e.t	64	1	0	0	0	1	0.2656	0.7031	0.4375	s	0
frequency	forest	forest	4	i	.o.e.t	13	1	0	0	1	0	0.0000	0.5385	0.5385	s	0
frequency	forest	forest	5	n	.o.e.t	13	2	0	0	0	0	0.4615	0.5385	0.0769	s	0
frequency	forest	forest	6	s	.o.e.t	7	3	0	0	0	1	0.8571	0.8571	0.0000	s	1
frequency	forest	forest	7	h	.o.est	5	3	0	0	1	0	0.0000	0.4000	0.4000	l	0
frequency	forest	forest	8	r	.o.est	5	4	0	0	0	1	0.2000	0.4000	0.2000	l	0
frequency	forest	forest	9	d	.orest	1	4	0	0	1	0	0.0000	1.0000	1.0000	f	0
frequency	forest	forest	10	l	.orest	1	5	0	0	1	0	0.0000	1.0000	1.0000	f	0
frequency	forest	forest	11	c	.orest	1	6	0	0	1	0	0.0000	1.0000	1.0000	f	0
frequency	forest	forest	12	u	.orest	1	7	0	0	1	0	0.0000	1.0000	1.0000	f	0
frequency	forest	forest	13	m	.orest	1	8	0	0	1	0	0.0000	1.0000	1.0000	f	0
frequency	forest	forest	14	w	.orest	1	9	0	0	1	0	0.0000	1.0000	1.0000	f	0
frequency	castle	castle	0	e	......	7028	0	0	0	0	1	0.6477	0.6477	0.0000	e	1
frequency	castle	castle	1	t	.....e	528	0	0	0	0	1	0.2652	0.4830	0.2178	l	0
frequency	castle	castle	2	a	...t.e	22	0	0	0	0	1	0.2273	0.5909	0.3636	l	0
frequency	castle	castle	3	o	.a.t.e	3	0	0	0	1	0	0.0000	0.6667	0.6667	l	0
frequency	castle	castle	4	i	.a.t.e	3	1	0	0	0	0	0.3333	0.6667	0.3333	l	0
frequency	castle	castle	5	n	.a.t.e	2	2	0	0	0	0	0.5000	1.0000	0.5000	l	0
frequency	castle	castle	6	s	.a.t.e	1	3	0	0	0	1	1.0000	1.0000	0.0000	c	1
frequency	castle	castle	7	h	.ast.e	1	3	0	0	1	0	0.0000	1.0000	1.0000	c	0
frequency	castle	castle	8	r	.ast.e	1	4	0	0	1	0	0.0000	1.0000	1.0000	c	0
frequency	castle	castle	9	d	.ast.e	1	5	0	0	1	0	0.0000	1.0000	1.0000	c	0
frequency	castle	castle	10	l	.ast.e	1	6	0	0	0	1	1.0000	1.0000	0.0000	c	1
frequency	castle	castle	11	c	.astle	1	6	0	0	0	1	1.0000	1.0000	0.0000	c	1
frequency	river	river	0	e	.....	4431	0	0	0	0	1	0.4715	0.4906	0.0192	s	0
frequency	river	river	1	t	...e.	846	0	0	0	0	0	0.1749	0.4409	0.2660	s	0
frequency	river	river	2	a	...e.	698	1	0	0	0	0	0.3424	0.4484	0.1060	s	0
frequency	river	river	3	o	...e.	459	2	0	0	0	0	0.4118	0.4423	0.0305	s	0
frequency	river	river	4	i	...e.	270	3	0	0	0	1	0.6667	0.6667	0.0000	i	1
frequency	river	river	5	n	.i.e.	143	3	0	0	0	0	0.2238	0.4615	0.2378	s	0
frequency	river	river	6	s	.i.e.	111	4	0	0	0	0	0.4865	0.4865	0.0000	s	1
frequency	river	river	7	h	.i.e.	57	5	0	0	0	0	0.0877	0.6491	0.5614	d	0
frequency	river	river	8	r	.i.e.	52	6	0	0	0	1	0.5385	0.6346	0.0962	d	0
frequency	river	river	9	d	ri.er	4	6	0	0	0	0	0.2500	0.2500	0.0000	d	1
frequency	river	river	10	l	ri.er	3	7	0	0	1	0	0.0000	0.3333	0.3333	f	0
frequency	river	river	11	c	ri.er	3	8	0	0	1	0	0.0000	0.3333	0.3333	f	0
frequency	river	river	12	u	ri.er	3	9	0	0	1	0	0.0000	0.3333	0.3333	f	0
frequency	bicycle	bicycle	0	e	.......	9571	0	0	0	0	1	0.6890	0.6890	0.0000	e	1
frequency	bicycle	bicycle	1	t	......e	535	0	0	0	0	0	0.3607	0.5346	0.1738	a	0
frequency	bicycle	bicycle	2	a	......e	342	1	0	0	0	0	0.5205	0.5205	0.0000	a	1
frequency	bicycle	bicycle	3	o	......e	164	2	0	0	0	0	0.5732	0.6159	0.0427	i	0
frequency	bicycle	bicycle	4	i	......e	70	3	0	0	0	1	0.7714	0.7714	0.0000	i	1
frequency	bicycle	bicycle	5	n	.i....e	6	3	0	0	1	0	0.0000	0.8333	0.8333	u	0
frequency	bicycle	bicycle	6	s	.i....e	6	4	0	0	0	0	0.5000	0.8333	0.3333	u	0
frequency	bicycle	bicycle	7	h	.i....e	3	5	0	0	1	0	0.0000	1.0000	1.0000	l	0
frequency	bicycle	bicycle	8	r	.i....e	3	6	0	0	0	0	0.3333	1.0000	0.6667	l	0
frequency	bicycle	bicycle	9	d	.i....e	2	7	0	0	0	0	0.5000	1.0000	0.5000	l	0
frequency	bicycle	bicycle	10	l	.i....e	1	8	0	0	0	1	1.0000	1.0000	0.0000	b	1
frequency	bicycle	bicycle	11	c	.i...le	1	8	0	0	0	1	1.0000	1.0000	0.0000	b	1
frequency	bicycle	bicycle	12	u	.ic.cle	1	8	0	0	1	0	0.0000	1.0000	1.0000	b	0
frequency	bicycle	bicycle	13	m	.ic.cle	1	9	0	0	1	0	0.0000	1.0000	1.0000	b	0
frequency	camera	camera	0	e	......	7028	0	0	0	0	1	0.6477	0.6477	0.0000	e	1
frequency	camera	camera	1	t	...e..	445	0	0	0	0	0	0.4067	0.7213	0.3146	s	0
frequency	camera	camera	2	a	...e..	264	1	0	0	0	1	0.3409	0.7348	0.3939	s	0
frequency	camera	camera	3	o	.a.e.a	2	1	0	0	1	0	0.0000	0.5000	0.5000	c	0
frequency	camera	camera	4	i	.a.e.a	2	2	0	0	1	0	0.0000	0.5000	0.5000	c	0
frequency	camera	camera	5	n	.a.e.a	2	3	0	0	0	0	0.5000	0.5000	0.0000	c	1
frequency	camera	camera	6	s	.a.e.a	1	4	0	0	1	0	0.0000	1.0000	1.0000	c	0
frequency	camera	camera	7	h	.a.e.a	1	5	0	0	1	0	0.0000	1.0000	1.0000	c	0
frequency	camera	camera	8	r	.a.e.a	1	6	0	0	0	1	1.0000	1.0000	0.0000	c	1
frequency	camera	camera	9	d	.a.era	1	6	0	0	1	0	0.0000	1.0000	1.0000	c	0
frequency	camera	camera	10	l	.a.era	1	7	0	0	1	0	0.0000	1.0000	1.0000	c	0
frequency	camera	camera	11	c	.a.era	1	8	0	0	0	1	1.0000	1.0000	0.0000	c	1
frequency	camera	camera	12	u	ca.era	1	8	0	0	1	0	0.0000	1.0000	1.0000	m	0
frequency	camera	camera	13	m	ca.era	1	9	0	0	0	1	1.0000	1.0000	0.0000	m	1
frequency	diamond	diamond	0	e	.......	9571	0	0	0	0	0	0.6890	0.6890	0.0000	e	1
frequency	diamond	diamond	1	t	.......	2977	1	0	0	0	0	0.3460	0.6439	0.2980	i	0
frequency	diamond	diamond	2	a	.......	1947	2	0	0	0	1	0.5357	0.6682	0.1325	i	0
frequency	diamond	diamond	3	o	..a....	127	2	0	0	0	1	0.3150	0.7402	0.4252	i	0
frequency	diamond	diamond	4	i	..a.o..	14	2	0	0	0	1	0.1429	0.6429	0.5000	s	0
frequency	diamond	diamond	5	n	.ia.o..	1	2	0	0	0	1	1.0000	1.0000	0.0000	d	1
frequency	diamond	diamond	6	s	.ia.on.	1	2	0	0	1	0	0.0000	1.0000	1.0000	d	0
frequency	diamond	diamond	7	h	.ia.on.	1	3	0	0	1	0	0.0000	1.0000	1.0000	d	0
frequency	diamond	diamond	8	r	.ia.on.	1	4	0	0	1	0	0.0000	1.0000	1.0000	d	0
frequency	diamond	diamond	9	d	.ia.on.	1	5	0	0	0	1	1.0000	1.0000	0.0000	d	1
frequency	diamond	diamond	10	l	dia.ond	1	5	0	0	1	0	0.0000	1.0000	1.0000	m	0
frequency	diamond	diamond	11	c	dia.ond	1	6	0	0	1	0	0.0000	1.0000	1.0000	m	0
frequency	diamond	diamond	12	u	dia.ond	1	7	0	0	1	0	0.0000	1.0000	1.0000	m	0
frequency	diamond	diamond	13	m	dia.ond	1	8	0	0	0	1	1.0000	1.0000	0.0000	m	1
frequency	elephant	elephant	0	e	........	10078	0	0	0	0	1	0.6958	0.6958	0.0000	e	1
frequency	elephant	elephant	1	t	e.e.....	30	0	0	0	0	1	0.6667	0.6667	0.0000	t	1
frequency	elephant	elephant	2	a	e.e....t	2	0	0	0	0	1	0.5000	1.0000	0.5000	h	0
frequency	elephant	elephant	3	o	e.e..a.t	1	0	0	0	1	0	0.0000	1.0000	1.0000	h	0
frequency	elephant	elephant	4	i	e.e..a.t	1	1	0	0	1	0	0.0000	1.0000	1.0000	h	0
frequency	elephant	elephant	5	n	e.e..a.t	1	2	0	0	0	1	1.0000	1.0000	0.0000	h	1
frequency	elephant	elephant	6	s	e.e..ant	1	2	0	0	1	0	0.0000	1.0000	1.0000	h	0
frequency	elephant	elephant	7	h	e.e..ant	1	3	0	0	0	1	1.0000	1.0000	0.0000	h	1
frequency	elephant	elephant	8	r	e.e.hant	1	3	0	0	1	0	0.0000	1.0000	1.0000	l	0
frequency	elephant	elephant	9	d	e.e.hant	1	4	0	0	1	0	0.0000	1.0000	1.0000	l	0
frequency	elephant	elephant	10	l	e.e.hant	1	5	0	0	0	1	1.0000	1.0000	0.0000	l	1
frequency	elephant	elephant	11	c	ele.hant	1	5	0	0	1	0	0.0000	1.0000	1.0000	p	0
frequency	elephant	elephant	12	u	ele.hant	1	6	0	0	1	0	0.0000	1.0000	1.0000	p	0
frequency	elephant	elephant	13	m	ele.hant	1	7	0	0	1	0	0.0000	1.0000	1.0000	p	0
frequency	elephant	elephant	14	w	ele.hant	1	8	0	0	1	0	0.0000	1.0000	1.0000	p	0
frequency	elephant	elephant	15	f	ele.hant	1	9	0	0	1	0	0.0000	1.0000	1.0000	p	0
frequency	fishing	fishing	0	e	.......	9571	0	0	0	0	0	0.6890	0.6890	0.0000	e	1
frequency	fishing	fishing	1	t	.......	2977	1	0	0	0	0	0.3460	0.6439	0.2980	i	0
frequency	fishing	fishing	2	a	.......	1947	2	0	0	0	0	0.5357	0.6682	0.1325	i	0
frequency	fishing	fishing	3	o	.......	904	3	0	0	0	0	0.5586	0.7942	0.2356	i	0
frequency	fishing	fishing	4	i	.......	399	4	0	0	0	1	0.9273	0.9273	0.0000	i	1
frequency	fishing	fishing	5	n	.i..i..	109	4	0	0	0	1	0.9083	0.9266	0.0183	g	0
frequency	fishing	fishing	6	s	.i..in.	63	4	0	0	0	1	0.2857	0.9841	0.6984	g	0
frequency	fishing	fishing	7	h	.is.in.	5	4	0	0	0	1	0.6000	1.0000	0.4000	g	0
frequency	fishing	fishing	8	r	.ishin.	3	4	0	0	1	0	0.0000	1.0000	1.0000	g	0
frequency	fishing	fishing	9	d	.ishin.	3	5	0	0	0	0	0.3333	1.0000	0.6667	g	0
frequency	fishing	fishing	10	l	.ishin.	2	6	0	0	1	0	0.0000	1.0000	1.0000	g	0
frequency	fishing	fishing	11	c	.ishin.	2	7	0	0	1	0	0.0000	1.0000	1.0000	g	0
frequency	fishing	fishing	12	u	.ishin.	2	8	0	0	1	0	0.0000	1.0000	1.0000	g	0
frequency	fishing	fishing	13	m	.ishin.	2	9	0	0	1	0	0.0000	1.0000	1.0000	g	0
frequency	giraffe	giraffe	0	e	.......	9571	0	0	0	0	1	0.6890	0.6890	0.0000	e	1
frequency	giraffe	giraffe	1	t	......e	535	0	0	0	0	0	0.3607	0.5346	0.1738	a	0
frequency	giraffe	giraffe	2	a	......e	342	1	0	0	0	1	0.5205	0.5205	0.0000	a	1
frequency	giraffe	giraffe	3	o	...a..e	21	1	0	0	0	0	0.2857	0.7143	0.4286	i	0
frequency	giraffe	giraffe	4	i	...a..e	15	2	0	0	0	1	0.8000	0.8000	0.0000	i	1
frequency	giraffe	giraffe	5	n	.i.a..e	8	2	0	0	0	0	0.2500	0.6250	0.3750	l	0
frequency	giraffe	giraffe	6	s	.i.a..e	6	3	0	0	0	0	0.1667	0.6667	0.5000	b	0
frequency	giraffe	giraffe	7	h	.i.a..e	5	4	0	0	1	0	0.0000	0.6000	0.6000	b	0
frequency	giraffe	giraffe	8	r	.i.a..e	5	5	0	0	0	1	0.6000	0.6000	0.0000	b	1
frequency	giraffe	giraffe	9	d	.ira..e	2	5	0	0	1	0	0.0000	0.5000	0.5000	c	0
frequency	giraffe	giraffe	10	l	.ira..e	2	6	0	0	0	0	0.5000	0.5000	0.0000	c	1
frequency	giraffe	giraffe	11	c	.ira..e	1	7	0	0	1	0	0.0000	1.0000	1.0000	f	0
frequency	giraffe	giraffe	12	u	.ira..e	1	8	0	0	1	0	0.0000	1.0000	1.0000	f	0
frequency	giraffe	giraffe	13	m	.ira..e	1	9	0	0	1	0	0.0000	1.0000	1.0000	f	0
frequency	holiday	holiday	0	e	.......	9571	0	0	0	0	0	0.6890	0.6890	0.0000	e	1
frequency	holiday	holiday	1	t	.......	2977	1	0	0	0	0	0.3460	0.6439	0.2980	i	0
frequency	holiday	holiday	2	a	.......	1947	2	0	0	0	1	0.5357	0.6682	0.1325	i	0
frequency	holiday	holiday	3	o	.....a.	73	2	0	0	0	1	0.5616	0.5616	0.0000	o	1
frequency	holiday	holiday	4	i	.o...a.	17	2	0	0	0	1	0.3529	0.8824	0.5294	l	0
frequency	holiday	holiday	5	n	.o.i.a.	5	2	0	0	0	0	0.4000	1.0000	0.6000	l	0
frequency	holiday	holiday	6	s	.o.i.a.	3	3	0	0	1	0	0.0000	1.0000	1.0000	l	0
frequency	holiday	holiday	7	h	.o.i.a.	3	4	0	0	0	1	0.3333	1.0000	0.6667	l	0
frequency	holiday	holiday	8	r	ho.i.a.	1	4	0	0	1	0	0.0000	1.0000	1.0000	d	0
frequency	holiday	holiday	9	d	ho.i.a.	1	5	0	0	0	1	1.0000	1.0000	0.0000	d	1
frequency	holiday	holiday	10	l	ho.ida.	1	5	0	0	0	1	1.0000	1.0000	0.0000	l	1
frequency	holiday	holiday	11	c	holida.	1	5	0	0	1	0	0.0000	1.0000	1.0000	y	0
frequency	holiday	holiday	12	u	holida.	1	6	0	0	1	0	0.0000	1.0000	1.0000	y	0
frequency	holiday	holiday	13	m	holida.	1	7	0	0	1	0	0.0000	1.0000	1.0000	y	0
frequency	holiday	holiday	14	w	holida.	1	8	0	0	1	0	0.0000	1.0000	1.0000	y	0
frequency	holiday	holiday	15	f	holida.	1	9	0	0	1	0	0.0000	1.0000	1.0000	y	0
frequency	jungle	jungle	0	e	......	7028	0	0	0	0	1	0.6477	0.6477	0.0000	e	1
frequency	jungle	jungle	1	t	.....e	528	0	0	0	0	0	0.2652	0.4830	0.2178	l	0
frequency	jungle	jungle	2	a	.....e	388	1	0	0	0	0	0.4046	0.5284	0.1237	l	0
frequency	jungle	jungle	3	o	.....e	231	2	0	0	0	0	0.3983	0.5368	0.1385	i	0
frequency	jungle	jungle	4	i	.....e	139	3	0	0	0	0	0.6619	0.6619	0.0000	i	1
frequency	jungle	jungle	5	n	.....e	47	4	0	0	0	1	0.1489	0.9787	0.8298	u	0
frequency	jungle	jungle	6	s	..n..e	3	4	0	0	1	0	0.0000	1.0000	1.0000	l	0
frequency	jungle	jungle	7	h	..n..e	3	5	0	0	1	0	0.0000	1.0000	1.0000	l	0
frequency	jungle	jungle	8	r	..n..e	3	6	0	0	1	0	0.0000	1.0000	1.0000	l	0
frequency	jungle	jungle	9	d	..n..e	3	7	0	0	0	0	0.3333	1.0000	0.6667	l	0
frequency	jungle	jungle	10	l	..n..e	2	8	0	0	0	1	1.0000	1.0000	0.0000	g	1
frequency	jungle	jungle	11	c	..n.le	2	8	0	0	1	0	0.0000	1.0000	1.0000	g	0
frequency	jungle	jungle	12	u	..n.le	2	9	0	0	0	1	1.0000	1.0000	0.0000	g	1
frequency	jungle	jungle	13	m	.un.le	2	9	0	0	1	0	0.0000	1.0000	1.0000	g	0
frequency	kangaroo	kangaroo	0	e	........	10078	0	0	0	0	0	0.6958	0.6958	0.0000	e	1
frequency	kangaroo	kangaroo	1	t	........	3066	1	0	0	0	0	0.4269	0.7120	0.2851	i	0
frequency	kangaroo	kangaroo	2	a	........	1757	2	0	0	0	1	0.5692	0.7171	0.1480	i	0
frequency	kangaroo	kangaroo	3	o	.a..a...	44	2	0	0	0	1	0.0909	0.5682	0.4773	r	0
frequency	kangaroo	kangaroo	4	i	.a..a.oo	1	2	0	0	1	0	0.0000	1.0000	1.0000	g	0
frequency	kangaroo	kangaroo	5	n	.a..a.oo	1	3	0	0	0	1	1.0000	1.0000	0.0000	g	1
frequency	kangaroo	kangaroo	6	s	.an.a.oo	1	3	0	0	1	0	0.0000	1.0000	1.0000	g	0
frequency	kangaroo	kangaroo	7	h	.an.a.oo	1	4	0	0	1	0	0.0000	1.0000	1.0000	g	0
frequency	kangaroo	kangaroo	8	r	.an.a.oo	1	5	0	0	0	1	1.0000	1.0000	0.0000	g	1
frequency	kangaroo	kangaroo	9	d	.an.aroo	1	5	0	0	1	0	0.0000	1.0000	1.0000	g	0
frequency	kangaroo	kangaroo	10	l	.an.aroo	1	6	0	0	1	0	0.0000	1.0000	1.0000	g	0
frequency	kangaroo	kangaroo	11	c	.an.aroo	1	7	0	0	1	0	0.0000	1.0000	1.0000	g	0
frequency	kangaroo	kangaroo	12	u	.an.aroo	1	8	0	0	1	0	0.0000	1.0000	1.0000	g	0
frequency	kangaroo	kangaroo	13	m	.an.aroo	1	9	0	0	1	0	0.0000	1.0000	1.0000	g	0
frequency	ladder	ladder	0	e	......	7028	0	0	0	0	1	0.6477	0.6477	0.0000	e	1
frequency	ladder	ladder	1	t	....e.	2005	0	0	0	0	0	0.2449	0.4963	0.2514	d	0
frequency	ladder	ladder	2	a	....e.	1514	1	0	0	0	1	0.3818	0.5390	0.1572	d	0
frequency	ladder	ladder	3	o	.a..e.	363	1	0	0	0	0	0.0110	0.5895	0.5785	d	0
frequency	ladder	ladder	4	i	.a..e.	359	2	0	0	0	0	0.1504	0.5877	0.4373	d	0
frequency	ladder	ladder	5	n	.a..e.	305	3	0	0	0	0	0.2295	0.6098	0.3803	d	0
frequency	ladder	ladder	6	s	.a..e.	235	4	0	0	0	0	0.3787	0.5915	0.2128	d	0
frequency	ladder	ladder	7	h	.a..e.	146	5	0	0	0	0	0.1096	0.7192	0.6096	d	0
frequency	ladder	ladder	8	r	.a..e.	130	6	0	0	0	1	0.5462	0.7308	0.1846	d	0
frequency	ladder	ladder	9	d	.a..er	26	6	0	0	0	1	0.3846	0.3846	0.0000	d	1
frequency	ladder	ladder	10	l	.adder	3	6	0	0	0	1	0.3333	0.3333	0.0000	b	1
frequency	mountain	mountain	0	e	........	10078	0	0	0	0	0	0.6958	0.6958	0.0000	e	1
frequency	mountain	mountain	1	t	........	3066	1	0	0	0	1	0.4269	0.7120	0.2851	i	0
frequency	mountain	mountain	2	a	....t...	241	1	0	0	0	1	0.5602	0.8340	0.2739	i	0
frequency	mountain	mountain	3	o	....ta..	12	1	0	0	0	1	0.5833	0.8333	0.2500	i	0
frequency	mountain	mountain	4	i	.o..ta..	5	1	0	0	0	1	1.0000	1.0000	0.0000	i	1
frequency	mountain	mountain	5	n	.o..tai.	4	1	0	0	0	1	0.7500	0.7500	0.0000	n	1
frequency	mountain	mountain	6	s	.o.ntain	2	1	0	0	1	0	0.0000	1.0000	1.0000	u	0
frequency	mountain	mountain	7	h	.o.ntain	2	2	0	0	1	0	0.0000	1.0000	1.0000	u	0
frequency	mountain	mountain	8	r	.o.ntain	2	3	0	0	1	0	0.0000	1.0000	1.0000	u	0
frequency	mountain	mountain	9	d	.o.ntain	2	4	0	0	1	0	0.0000	1.0000	1.0000	u	0
frequency	mountain	mountain	10	l	.o.ntain	2	5	0	0	1	0	0.0000	1.0000	1.0000	u	0
frequency	mountain	mountain	11	c	.o.ntain	2	6	0	0	1	0	0.0000	1.0000	1.0000	u	0
frequency	mountain	mountain	12	u	.o.ntain	2	7	0	0	0	1	1.0000	1.0000	0.0000	u	1
frequency	mountain	mountain	13	m	.ountain	2	7	0	0	0	1	0.5000	0.5000	0.0000	f	1
frequency	notebook	notebook	0	e	........	10078	0	0	0	0	1	0.6958	0.6958	0.0000	e	1
frequency	notebook	notebook	1	t	...e....	322	0	0	0	0	1	0.3851	0.5963	0.2112	r	0
frequency	notebook	notebook	2	a	..te....	27	0	0	0	0	0	0.8519	0.8519	0.0000	a	1
frequency	notebook	notebook	3	o	..te....	4	1	0	0	0	1	1.0000	1.0000	0.0000	o	1
frequency	notebook	notebook	4	i	.ote.oo.	1	1	0	0	1	0	0.0000	1.0000	1.0000	b	0
frequency	notebook	notebook	5	n	.ote.oo.	1	2	0	0	0	1	1.0000	1.0000	0.0000	b	1
frequency	notebook	notebook	6	s	note.oo.	1	2	0	0	1	0	0.0000	1.0000	1.0000	b	0
frequency	notebook	notebook	7	h	note.oo.	1	3	0	0	1	0	0.0000	1.0000	1.0000	b	0
frequency	notebook	notebook	8	r	note.oo.	1	4	0	0	1	0	0.0000	1.0000	1.0000	b	0
frequency	notebook	notebook	9	d	note.oo.	1	5	0	0	1	0	0.0000	1.0000	1.0000	b	0
frequency	notebook	notebook	10	l	note.oo.	1	6	0	0	1	0	0.0000	1.0000	1.0000	b	0
frequency	notebook	notebook	11	c	note.oo.	1	7	0	0	1	0	0.0000	1.0000	1.0000	b	0
frequency	notebook	notebook	12	u	note.oo.	1	8	0	0	1	0	0.0000	1.0000	1.0000	b	0
frequency	notebook	notebook	13	m	note.oo.	1	9	0	0	1	0	0.0000	1.0000	1.0000	b	0
frequency	octopus	octopus	0	e	.......	9571	0	0	0	0	0	0.6890	0.6890	0.0000	e	1
frequency	octopus	octopus	1	t	.......	2977	1	0	0	0	1	0.3460	0.6439	0.2980	i	0
frequency	octopus	octopus	2	a	..t....	107	1	0	0	0	0	0.5888	0.5888	0.0000	a	1
frequency	octopus	octopus	3	o	..t....	44	2	0	0	0	1	0.6591	0.6591	0.0000	i	1
frequency	octopus	octopus	4	i	o.to...	1	2	0	0	1	0	0.0000	1.0000	1.0000	c	0
frequency	octopus	octopus	5	n	o.to...	1	3	0	0	1	0	0.0000	1.0000	1.0000	c	0
frequency	octopus	octopus	6	s	o.to...	1	4	0	0	0	1	1.0000	1.0000	0.0000	c	1
frequency	octopus	octopus	7	h	o.to..s	1	4	0	0	1	0	0.0000	1.0000	1.0000	c	0
frequency	octopus	octopus	8	r	o.to..s	1	5	0	0	1	0	0.0000	1.0000	1.0000	c	0
frequency	octopus	octopus	9	d	o.to..s	1	6	0	0	1	0	0.0000	1.0000	1.0000	c	0
frequency	octopus	octopus	10	l	o.to..s	1	7	0	0	1	0	0.0000	1.0000	1.0000	c	0
frequency	octopus	octopus	11	c	o.to..s	1	8	0	0	0	1	1.0000	1.0000	0.0000	c	1
frequency	octopus	octopus	12	u	octo..s	1	8	0	0	0	1	1.0000	1.0000	0.0000	p	1
frequency	octopus	octopus	13	m	octo.us	1	8	0	0	1	0	0.0000	1.0000	1.0000	p	0
frequency	octopus	octopus	14	w	octo.us	1	9	0	0	1	0	0.0000	1.0000	1.0000	p	0
frequency	penguin	penguin	0	e	.......	9571	0	0	0	0	1	0.6890	0.6890	0.0000	e	1
frequency	penguin	penguin	1	t	.e.....	605	0	0	0	0	0	0.4017	0.5488	0.1471	i	0
frequency	penguin	penguin	2	a	.e.....	362	1	0	0	0	0	0.4282	0.5856	0.1575	i	0
frequency	penguin	penguin	3	o	.e.....	207	2	0	0	0	0	0.4589	0.6425	0.1836	i	0
frequency	penguin	penguin	4	i	.e.....	112	3	0	0	0	1	0.9107	0.9107	0.0000	i	1
frequency	penguin	penguin	5	n	.e...i.	2	3	0	0	0	1	1.0000	1.0000	0.0000	n	1
frequency	penguin	penguin	6	s	.en..in	1	3	0	0	1	0	0.0000	1.0000	1.0000	g	0
frequency	penguin	penguin	7	h	.en..in	1	4	0	0	1	0	0.0000	1.0000	1.0000	g	0
frequency	penguin	penguin	8	r	.en..in	1	5	0	0	1	0	0.0000	1.0000	1.0000	g	0
frequency	penguin	penguin	9	d	.en..in	1	6	0	0	1	0	0.0000	1.0000	1.0000	g	0
frequency	penguin	penguin	10	l	.en..in	1	7	0	0	1	0	0.0000	1.0000	1.0000	g	0
frequency	penguin	penguin	11	c	.en..in	1	8	0	0	1	0	0.0000	1.0000	1.0000	g	0
frequency	penguin	penguin	12	u	.en..in	1	9	0	0	0	1	1.0000	1.0000	0.0000	g	1
frequency	penguin	penguin	13	m	.en.uin	1	9	0	0	1	0	0.0000	1.0000	1.0000	g	0
frequency	question	question	0	e	........	10078	0	0	0	0	1	0.6958	0.6958	0.0000	e	1
frequency	question	question	1	t	..e.....	267	0	0	0	0	1	0.3970	0.6667	0.2697	i	0
frequency	question	question	2	a	..e.t...	26	0	0	0	0	0	0.4615	0.6923	0.2308	i	0
frequency	question	question	3	o	..e.t...	14	1	0	0	0	1	0.2143	0.7143	0.5000	s	0
frequency	question	question	4	i	..e.t.o.	1	1	0	0	0	1	1.0000	1.0000	0.0000	i	1
frequency	question	question	5	n	..e.tio.	1	1	0	0	0	1	1.0000	1.0000	0.0000	n	1
frequency	question	question	6	s	..e.tion	1	1	0	0	0	1	1.0000	1.0000	0.0000	q	1
frequency	question	question	7	h	..estion	1	1	0	0	1	0	0.0000	1.0000	1.0000	q	0
frequency	question	question	8	r	..estion	1	2	0	0	1	0	0.0000	1.0000	1.0000	q	0
frequency	question	question	9	d	..estion	1	3	0	0	1	0	0.0000	1.0000	1.0000	q	0
frequency	question	question	10	l	..estion	1	4	0	0	1	0	0.0000	1.0000	1.0000	q	0
frequency	question	question	11	c	..estion	1	5	0	0	1	0	0.0000	1.0000	1.0000	q	0
frequency	question	question	12	u	..estion	1	6	0	0	0	1	1.0000	1.0000	0.0000	q	1
frequency	question	question	13	m	.uestion	1	6	0	0	1	0	0.0000	1.0000	1.0000	q	0
frequency	question	question	14	w	.uestion	1	7	0	0	1	0	0.0000	1.0000	1.0000	q	0
frequency	question	question	15	f	.uestion	1	8	0	0	1	0	0.0000	1.0000	1.0000	q	0
frequency	question	question	16	g	.uestion	1	9	0	0	1	0	0.0000	1.0000	1.0000	q	0
frequency	volcano	volcano	0	e	.......	9571	0	0	0	0	0	0.6890	0.6890	0.0000	e	1
frequency	volcano	volcano	1	t	.......	2977	1	0	0	0	0	0.3460	0.6439	0.2980	i	0
frequency	volcano	volcano	2	a	.......	1947	2	0	0	0	1	0.5357	0.6682	0.1325	i	0
frequency	volcano	volcano	3	o	....a..	123	2	0	0	0	1	0.3821	0.6829	0.3008	s	0
frequency	volcano	volcano	4	i	.o..a.o	2	2	0	0	1	0	0.0000	1.0000	1.0000	n	0
frequency	volcano	volcano	5	n	.o..a.o	2	3	0	0	0	1	1.0000	1.0000	0.0000	n	1
frequency	volcano	volcano	6	s	.o..ano	2	3	0	0	0	0	0.5000	0.5000	0.0000	c	1
frequency	volcano	volcano	7	h	.o..ano	1	4	0	0	1	0	0.0000	1.0000	1.0000	c	0
frequency	volcano	volcano	8	r	.o..ano	1	5	0	0	1	0	0.0000	1.0000	1.0000	c	0
frequency	volcano	volcano	9	d	.o..ano	1	6	0	0	1	0	0.0000	1.0000	1.0000	c	0
frequency	volcano	volcano	10	l	.o..ano	1	7	0	0	0	1	1.0000	1.0000	0.0000	c	1
frequency	volcano	volcano	11	c	.ol.ano	1	7	0	0	0	1	1.0000	1.0000	0.0000	c	1
frequency	volcano	volcano	12	u	.olcano	1	7	0	0	1	0	0.0000	1.0000	1.0000	v	0
frequency	volcano	volcano	13	m	.olcano	1	8	0	0	1	0	0.0000	1.0000	1.0000	v	0
frequency	volcano	volcano	14	w	.olcano	1	9	0	0	1	0	0.0000	1.0000	1.0000	v	0
frequency	postcard	postcard	0	e	........	10078	0	0	0	0	0	0.6958	0.6958	0.0000	e	1
frequency	postcard	postcard	1	t	........	3066	1	0	0	0	1	0.4269	0.7120	0.2851	i	0
frequency	postcard	postcard	2	a	...t....	170	1	0	0	0	1	0.6353	0.6765	0.0412	i	0
frequency	postcard	postcard	3	o	...t.a..	16	1	0	0	0	1	0.6875	0.6875	0.0000	o	1
frequency	postcard	postcard	4	i	.o.t.a..	8	1	0	0	0	0	0.2500	0.7500	0.5000	r	0
frequency	postcard	postcard	5	n	.o.t.a..	6	2	0	0	0	0	0.1667	0.8333	0.6667	r	0
frequency	postcard	postcard	6	s	.o.t.a..	5	3	0	0	0	1	0.8000	0.8000	0.0000	r	1
frequency	postcard	postcard	7	h	.ost.a..	2	3	0	0	1	0	0.0000	1.0000	1.0000	p	0
frequency	postcard	postcard	8	r	.ost.a..	2	4	0	0	0	1	1.0000	1.0000	0.0000	p	1
frequency	postcard	postcard	9	d	.ost.ar.	2	4	0	0	0	1	0.5000	1.0000	0.5000	p	0
frequency	postcard	postcard	10	l	.ost.ard	1	4	0	0	1	0	0.0000	1.0000	1.0000	c	0
frequency	postcard	postcard	11	c	.ost.ard	1	5	0	0	0	1	1.0000	1.0000	0.0000	c	1
frequency	postcard	postcard	12	u	.ostcard	1	5	0	0	1	0	0.0000	1.0000	1.0000	p	0
frequency	postcard	postcard	13	m	.ostcard	1	6	0	0	1	0	0.0000	1.0000	1.0000	p	0
frequency	postcard	postcard	14	w	.ostcard	1	7	0	0	1	0	0.0000	1.0000	1.0000	p	0
frequency	postcard	postcard	15	f	.ostcard	1	8	0	0	1	0	0.0000	1.0000	1.0000	p	0
frequency	postcard	postcard	16	g	.ostcard	1	9	0	0	1	0	0.0000	1.0000	1.0000	p	0
frequency	harvest	harvest	0	e	.......	9571	0	0	0	0	1	0.6890	0.6890	0.0000	e	1
frequency	harvest	harvest	1	t	....e..	987	0	0	0	0	1	0.4894	0.8369	0.3475	s	0
frequency	harvest	harvest	2	a	....e.t	162	0	0	0	0	1	0.3642	0.7963	0.4321	s	0
frequency	harvest	harvest	3	o	.a..e.t	41	0	0	0	1	0	0.0000	0.9024	0.9024	s	0
frequency	harvest	harvest	4	i	.a..e.t	41	1	0	0	0	0	0.4390	0.9024	0.4634	s	0
frequency	harvest	harvest	5	n	.a..e.t	23	2	0	0	0	0	0.3478	0.8696	0.5217	s	0
frequency	harvest	harvest	6	s	.a..e.t	15	3	0	0	0	1	1.0000	1.0000	0.0000	s	1
frequency	harvest	harvest	7	h	.a..est	12	3	0	0	0	1	0.1667	0.5000	0.3333	d	0
frequency	harvest	harvest	8	r	ha..est	2	3	0	0	0	1	1.0000	1.0000	0.0000	r	1
frequency	harvest	harvest	9	d	har.est	2	3	0	0	0	0	0.5000	0.5000	0.0000	d	1
frequency	harvest	harvest	10	l	har.est	1	4	0	0	1	0	0.0000	1.0000	1.0000	v	0
frequency	harvest	harvest	11	c	har.est	1	5	0	0	1	0	0.0000	1.0000	1.0000	v	0
frequency	harvest	harvest	12	u	har.est	1	6	0	0	1	0	0.0000	1.0000	1.0000	v	0
frequency	harvest	harvest	13	m	har.est	1	7	0	0	1	0	0.0000	1.0000	1.0000	v	0
frequency	harvest	harvest	14	w	har.est	1	8	0	0	1	0	0.0000	1.0000	1.0000	v	0
frequency	harvest	harvest	15	f	har.est	1	9	0	0	1	0	0.0000	1.0000	1.0000	v	0
frequency	compass	compass	0	e	.......	9571	0	0	0	0	0	0.6890	0.6890	0.0000	e	1
frequency	compass	compass	1	t	.......	2977	1	0	0	0	0	0.3460	0.6439	0.2980	i	0
frequency	compass	compass	2	a	.......	1947	2	0	0	0	1	0.5357	0.6682	0.1325	i	0
frequency	compass	compass	3	o	....a..	123	2	0	0	0	1	0.3821	0.6829	0.3008	s	0
frequency	compass	compass	4	i	.o..a..	26	2	0	0	0	0	0.1923	0.6538	0.4615	s	0
frequency	compass	compass	5	n	.o..a..	21	3	0	0	0	0	0.3333	0.6667	0.3333	s	0
frequency	compass	compass	6	s	.o..a..	14	4	0	0	0	1	0.8571	0.8571	0.0000	s	1
frequency	compass	compass	7	h	.o..ass	1	4	0	0	1	0	0.0000	1.0000	1.0000	c	0
frequency	compass	compass	8	r	.o..ass	1	5	0	0	1	0	0.0000	1.0000	1.0000	c	0
frequency	compass	compass	9	d	.o..ass	1	6	0	0	1	0	0.0000	1.0000	1.0000	c	0
frequency	compass	compass	10	l	.o..ass	1	7	0	0	1	0	0.0000	1.0000	1.0000	c	0
frequency	compass	compass	11	c	.o..ass	1	8	0	0	0	1	1.0000	1.0000	0.0000	c	1
frequency	compass	compass	12	u	co..ass	1	8	0	0	1	0	0.0000	1.0000	1.0000	m	0
frequency	compass	compass	13	m	co..ass	1	9	0	0	0	1	1.0000	1.0000	0.0000	m	1
frequency	compass	compass	14	w	com.ass	1	9	0	0	1	0	0.0000	1.0000	1.0000	p	0
frequency	lantern	lantern	0	e	.......	9571	0	0	0	0	1	0.6890	0.6890	0.0000	e	1
frequency	lantern	lantern	1	t	....e..	987	0	0	0	0	1	0.4894	0.8369	0.3475	s	0
frequency	lantern	lantern	2	a	...te..	72	0	0	0	0	1	0.4722	0.8472	0.3750	s	0
frequency	lantern	lantern	3	o	.a.te..	23	0	0	0	1	0	0.0000	0.9130	0.9130	s	0
frequency	lantern	lantern	4	i	.a.te..	23	1	0	0	0	0	0.0870	0.9130	0.8261	s	0
frequency	lantern	lantern	5	n	.a.te..	21	2	0	0	0	1	0.3810	0.9048	0.5238	s	0
frequency	lantern	lantern	6	s	.ante.n	1	2	0	0	1	0	0.0000	1.0000	1.0000	l	0
frequency	lantern	lantern	7	h	.ante.n	1	3	0	0	1	0	0.0000	1.0000	1.0000	l	0
frequency	lantern	lantern	8	r	.ante.n	1	4	0	0	0	1	1.0000	1.0000	0.0000	l	1
frequency	lantern	lantern	9	d	.antern	1	4	0	0	1	0	0.0000	1.0000	1.0000	l	0
frequency	lantern	lantern	10	l	.antern	1	5	0	0	0	1	1.0000	1.0000	0.0000	l	1
frequency	awkward	awkward	0	e	.......	9571	0	0	0	0	0	0.6890	0.6890	0.0000	e	1
frequency	awkward	awkward	1	t	.......	2977	1	0	0	0	0	0.3460	0.6439	0.2980	i	0
frequency	awkward	awkward	2	a	.......	1947	2	0	0	0	1	0.5357	0.6682	0.1325	i	0
frequency	awkward	awkward	3	o	a...a..	17	2	0	0	0	0	0.2353	0.5294	0.2941	s	0
frequency	awkward	awkward	4	i	a...a..	13	3	0	0	0	0	0.3846	0.5385	0.1538	r	0
frequency	awkward	awkward	5	n	a...a..	8	4	0	0	0	0	0.5000	0.6250	0.1250	s	0
frequency	awkward	awkward	6	s	a...a..	4	5	0	0	0	0	0.5000	0.7500	0.2500	r	0
frequency	awkward	awkward	7	h	a...a..	2	6	0	0	1	0	0.0000	1.0000	1.0000	d	0
frequency	awkward	awkward	8	r	a...a..	2	7	0	0	0	1	0.5000	1.0000	0.5000	d	0
frequency	awkward	awkward	9	d	a...ar.	1	7	0	0	0	1	1.0000	1.0000	0.0000	d	1
frequency	awkward	awkward	10	l	a...ard	1	7	0	0	1	0	0.0000	1.0000	1.0000	k	0
frequency	awkward	awkward	11	c	a...ard	1	8	0	0	1	0	0.0000	1.0000	1.0000	k	0
frequency	awkward	awkward	12	u	a...ard	1	9	0	0	1	0	0.0000	1.0000	1.0000	k	0
frequency	bagpipes	bagpipes	0	e	........	10078	0	0	0	0	1	0.6958	0.6958	0.0000	e	1
frequency	bagpipes	bagpipes	1	t	......e.	1620	0	0	0	0	0	0.3765	0.6377	0.2611	s	0
frequency	bagpipes	bagpipes	2	a	......e.	1010	1	0	0	0	1	0.4317	0.6426	0.2109	s	0
frequency	bagpipes	bagpipes	3	o	.a....e.	113	1	0	0	0	0	0.4248	0.6283	0.2035	s	0
frequency	bagpipes	bagpipes	4	i	.a....e.	65	2	0	0	0	1	0.7385	0.7692	0.0308	s	0
frequency	bagpipes	bagpipes	5	n	.a..i.e.	18	2	0	0	0	0	0.5000	0.8333	0.3333	s	0
frequency	bagpipes	bagpipes	6	s	.a..i.e.	9	3	0	0	0	1	0.8889	0.8889	0.0000	s	1
frequency	bagpipes	bagpipes	7	h	.a..i.es	4	3	0	0	1	0	0.0000	0.7500	0.7500	p	0
frequency	bagpipes	bagpipes	8	r	.a..i.es	4	4	0	0	0	0	0.7500	0.7500	0.0000	p	1
frequency	bagpipes	bagpipes	9	d	.a..i.es	1	5	0	0	1	0	0.0000	1.0000	1.0000	b	0
frequency	bagpipes	bagpipes	10	l	.a..i.es	1	6	0	0	1	0	0.0000	1.0000	1.0000	b	0
frequency	bagpipes	bagpipes	11	c	.a..i.es	1	7	0	0	1	0	0.0000	1.0000	1.0000	b	0
frequency	bagpipes	bagpipes	12	u	.a..i.es	1	8	0	0	1	0	0.0000	1.0000	1.0000	b	0
frequency	bagpipes	bagpipes	13	m	.a..i.es	1	9	0	0	1	0	0.0000	1.0000	1.0000	b	0
frequency	croquet	croquet	0	e	.......	9571	0	0	0	0	1	0.6890	0.6890	0.0000	e	1
frequency	croquet	croquet	1	t	.....e.	2375	0	0	0	0	1	0.3107	0.5251	0.2143	s	0
frequency	croquet	croquet	2	a	.....et	39	0	0	0	0	0	0.4103	0.5897	0.1795	r	0
frequency	croquet	croquet	3	o	.....et	23	1	0	0	0	1	0.4783	0.6087	0.1304	r	0
frequency	croquet	croquet	4	i	..o..et	5	1	0	0	1	0	0.0000	1.0000	1.0000	r	0
frequency	croquet	croquet	5	n	..o..et	5	2	0	0	1	0	0.0000	1.0000	1.0000	r	0
frequency	croquet	croquet	6	s	..o..et	5	3	0	0	1	0	0.0000	1.0000	1.0000	r	0
frequency	croquet	croquet	7	h	..o..et	5	4	0	0	0	0	0.4000	1.0000	0.6000	r	0
frequency	croquet	croquet	8	r	..o..et	3	5	0	0	0	1	1.0000	1.0000	0.0000	r	1
frequency	croquet	croquet	9	d	.ro..et	3	5	0	0	0	0	0.3333	0.3333	0.0000	c	1
frequency	croquet	croquet	10	l	.ro..et	2	6	0	0	1	0	0.0000	0.5000	0.5000	c	0
frequency	croquet	croquet	11	c	.ro..et	2	7	0	0	0	1	0.5000	0.5000	0.0000	c	1
frequency	croquet	croquet	12	u	cro..et	1	7	0	0	0	1	1.0000	1.0000	0.0000	q	1
frequency	croquet	croquet	13	m	cro.uet	1	7	0	0	1	0	0.0000	1.0000	1.0000	q	0
frequency	croquet	croquet	14	w	cro.uet	1	8	0	0	1	0	0.0000	1.0000	1.0000	q	0
frequency	croquet	croquet	15	f	cro.uet	1	9	0	0	1	0	0.0000	1.0000	1.0000	q	0
frequency	dwarfs	dwarfs	0	e	......	7028	0	0	0	0	0	0.6477	0.6477	0.0000	e	1
frequency	dwarfs	dwarfs	1	t	......	2476	1	0	0	0	0	0.3332	0.5230	0.1898	s	0
frequency	dwarfs	dwarfs	2	a	......	1651	2	0	0	0	1	0.5021	0.5118	0.0097	s	0
frequency	dwarfs	dwarfs	3	o	..a...	142	2	0	0	0	0	0.1127	0.7746	0.6620	s	0
frequency	dwarfs	dwarfs	4	i	..a...	126	3	0	0	0	0	0.1905	0.8016	0.6111	s	0
frequency	dwarfs	dwarfs	5	n	..a...	102	4	0	0	0	0	0.3627	0.8137	0.4510	s	0
frequency	dwarfs	dwarfs	6	s	..a...	65	5	0	0	0	1	0.8462	0.8462	0.0000	s	1
frequency	dwarfs	dwarfs	7	h	..a..s	23	5	0	0	0	0	0.2609	0.6087	0.3478	c	0
frequency	dwarfs	dwarfs	8	r	..a..s	17	6	0	0	0	1	0.5882	0.5882	0.0000	r	1
frequency	dwarfs	dwarfs	9	d	..ar.s	3	6	0	0	0	1	0.6667	0.6667	0.0000	d	1
frequency	dwarfs	dwarfs	10	l	d.ar.s	1	6	0	0	1	0	0.0000	1.0000	1.0000	f	0
frequency	dwarfs	dwarfs	11	c	d.ar.s	1	7	0	0	1	0	0.0000	1.0000	1.0000	f	0
frequency	dwarfs	dwarfs	12	u	d.ar.s	1	8	0	0	1	0	0.0000	1.0000	1.0000	f	0
frequency	dwarfs	dwarfs	13	m	d.ar.s	1	9	0	0	1	0	0.0000	1.0000	1.0000	f	0
frequency	espionage	espionage	0	e	.........	8995	0	0	0	0	1	0.7360	0.7360	0.0000	e	1
frequency	espionage	espionage	1	t	e.......e	41	0	0	0	0	0	0.6341	0.7805	0.1463	a	0
frequency	espionage	espionage	2	a	e.......e	15	1	0	0	0	1	0.6000	0.6667	0.0667	n	0
frequency	espionage	espionage	3	o	e.....a.e	2	1	0	0	0	1	1.0000	1.0000	0.0000	g	1
frequency	espionage	espionage	4	i	e...o.a.e	1	1	0	0	0	1	1.0000	1.0000	0.0000	g	1
frequency	espionage	espionage	5	n	e..io.a.e	1	1	0	0	0	1	1.0000	1.0000	0.0000	g	1
frequency	espionage	espionage	6	s	e..iona.e	1	1	0	0	0	1	1.0000	1.0000	0.0000	g	1
frequency	espionage	espionage	7	h	es.iona.e	1	1	0	0	1	0	0.0000	1.0000	1.0000	g	0
frequency	espionage	espionage	8	r	es.iona.e	1	2	0	0	1	0	0.0000	1.0000	1.0000	g	0
frequency	espionage	espionage	9	d	es.iona.e	1	3	0	0	1	0	0.0000	1.0000	1.0000	g	0
frequency	espionage	espionage	10	l	es.iona.e	1	4	0	0	1	0	0.0000	1.0000	1.0000	g	0
frequency	espionage	espionage	11	c	es.iona.e	1	5	0	0	1	0	0.0000	1.0000	1.0000	g	0
frequency	espionage	espionage	12	u	es.iona.e	1	6	0	0	1	0	0.0000	1.0000	1.0000	g	0
frequency	espionage	espionage	13	m	es.iona.e	1	7	0	0	1	0	0.0000	1.0000	1.0000	g	0
frequency	espionage	espionage	14	w	es.iona.e	1	8	0	0	1	0	0.0000	1.0000	1.0000	g	0
frequency	espionage	espionage	15	f	es.iona.e	1	9	0	0	1	0	0.0000	1.0000	1.0000	g	0
frequency	flopping	flopping	0	e	........	10078	0	0	0	0	0	0.6958	0.6958	0.0000	e	1
frequency	flopping	flopping	1	t	........	3066	1	0	0	0	0	0.4269	0.7120	0.2851	i	0
frequency	flopping	flopping	2	a	........	1757	2	0	0	0	0	0.5692	0.7171	0.1480	i	0
frequency	flopping	flopping	3	o	........	757	3	0	0	0	1	0.5746	0.8322	0.2576	i	0
frequency	flopping	flopping	4	i	..o.....	78	3	0	0	0	1	0.9359	0.9359	0.0000	i	1
frequency	flopping	flopping	5	n	..o..i..	67	3	0	0	0	1	0.8806	0.8806	0.0000	g	1
frequency	flopping	flopping	6	s	..o..in.	45	3	0	0	0	0	0.4000	1.0000	0.6000	g	0
frequency	flopping	flopping	7	h	..o..in.	27	4	0	0	0	0	0.1481	1.0000	0.8519	g	0
frequency	flopping	flopping	8	r	..o..in.	23	5	0	0	0	0	0.4348	1.0000	0.5652	g	0
frequency	flopping	flopping	9	d	..o..in.	13	6	0	0	0	0	0.1538	1.0000	0.8462	g	0
frequency	flopping	flopping	10	l	..o..in.	11	7	0	0	0	1	1.0000	1.0000	0.0000	g	1
frequency	flopping	flopping	11	c	.lo..in.	11	7	0	0	0	0	0.5455	1.0000	0.4545	g	0
frequency	flopping	flopping	12	u	.lo..in.	5	8	0	0	1	0	0.0000	1.0000	1.0000	g	0
frequency	flopping	flopping	13	m	.lo..in.	5	9	0	0	1	0	0.0000	1.0000	1.0000	g	0
frequency	gazebo	gazebo	0	e	......	7028	0	0	0	0	1	0.6477	0.6477	0.0000	e	1
frequency	gazebo	gazebo	1	t	...e..	445	0	0	0	0	0	0.4067	0.7213	0.3146	s	0
frequency	gazebo	gazebo	2	a	...e..	264	1	0	0	0	1	0.3409	0.7348	0.3939	s	0
frequency	gazebo	gazebo	3	o	.a.e..	49	1	0	0	0	1	0.0408	0.7755	0.7347	s	0
frequency	gazebo	gazebo	4	i	.a.e.o	1	1	0	0	1	0	0.0000	1.0000	1.0000	b	0
frequency	gazebo	gazebo	5	n	.a.e.o	1	2	0	0	1	0	0.0000	1.0000	1.0000	b	0
frequency	gazebo	gazebo	6	s	.a.e.o	1	3	0	0	1	0	0.0000	1.0000	1.0000	b	0
frequency	gazebo	gazebo	7	h	.a.e.o	1	4	0	0	1	0	0.0000	1.0000	1.0000	b	0
frequency	gazebo	gazebo	8	r	.a.e.o	1	5	0	0	1	0	0.0000	1.0000	1.0000	b	0
frequency	gazebo	gazebo	9	d	.a.e.o	1	6	0	0	1	0	0.0000	1.0000	1.0000	b	0
frequency	gazebo	gazebo	10	l	.a.e.o	1	7	0	0	1	0	0.0000	1.0000	1.0000	b	0
frequency	gazebo	gazebo	11	c	.a.e.o	1	8	0	0	1	0	0.0000	1.0000	1.0000	b	0
frequency	gazebo	gazebo	12	u	.a.e.o	1	9	0	0	1	0	0.0000	1.0000	1.0000	b	0
frequency	haiku	haiku	0	e	.....	4431	0	0	0	0	0	0.4715	0.4906	0.0192	s	0
frequency	haiku	haiku	1	t	.....	2342	1	0	0	0	0	0.2874	0.5401	0.2528	s	0
frequency	haiku	haiku	2	a	.....	1669	2	0	0	0	1	0.4284	0.5374	0.1090	s	0
frequency	haiku	haiku	3	o	.a...	251	2	0	0	0	0	0.1514	0.5737	0.4223	s	0
frequency	haiku	haiku	4	i	.a...	213	3	0	0	0	1	0.2582	0.6432	0.3850	s	0
frequency	haiku	haiku	5	n	.ai..	31	3	0	0	0	0	0.2258	0.7419	0.5161	s	0
frequency	haiku	haiku	6	s	.ai..	24	4	0	0	0	0	0.7500	0.7500	0.0000	s	1
frequency	haiku	haiku	7	h	.ai..	6	5	0	0	0	1	0.3333	0.8333	0.5000	y	0
frequency	haiku	haiku	8	r	hai..	2	5	0	0	0	0	0.5000	0.5000	0.0000	k	1
frequency	haiku	haiku	9	d	hai..	1	6	0	0	1	0	0.0000	1.0000	1.0000	k	0
frequency	haiku	haiku	10	l	hai..	1	7	0	0	1	0	0.0000	1.0000	1.0000	k	0
frequency	haiku	haiku	11	c	hai..	1	8	0	0	1	0	0.0000	1.0000	1.0000	k	0
frequency	haiku	haiku	12	u	hai..	1	9	0	0	0	1	1.0000	1.0000	0.0000	k	1
frequency	haiku	haiku	13	m	hai.u	1	9	0	0	1	0	0.0000	1.0000	1.0000	k	0
frequency	ivory	ivory	0	e	.....	4431	0	0	0	0	0	0.4715	0.4906	0.0192	s	0
frequency	ivory	ivory	1	t	.....	2342	1	0	0	0	0	0.2874	0.5401	0.2528	s	0
frequency	ivory	ivory	2	a	.....	1669	2	0	0	0	0	0.4284	0.5374	0.1090	s	0
frequency	ivory	ivory	3	o	.....	954	3	0	0	0	1	0.4623	0.5692	0.1069	s	0
frequency	ivory	ivory	4	i	..o..	113	3	0	0	0	1	0.1150	0.6106	0.4956	s	0
frequency	ivory	ivory	5	n	i.o..	5	3	0	0	0	0	0.6000	0.6000	0.0000	n	1
frequency	ivory	ivory	6	s	i.o..	2	4	0	0	0	0	0.5000	0.5000	0.0000	d	1
frequency	ivory	ivory	7	h	i.o..	1	5	0	0	1	0	0.0000	1.0000	1.0000	r	0
frequency	ivory	ivory	8	r	i.o..	1	6	0	0	0	1	1.0000	1.0000	0.0000	r	1
frequency	ivory	ivory	9	d	i.or.	1	6	0	0	1	0	0.0000	1.0000	1.0000	v	0
frequency	ivory	ivory	10	l	i.or.	1	7	0	0	1	0	0.0000	1.0000	1.0000	v	0
frequency	ivory	ivory	11	c	i.or.	1	8	0	0	1	0	0.0000	1.0000	1.0000	v	0
frequency	ivory	ivory	12	u	i.or.	1	9	0	0	1	0	0.0000	1.0000	1.0000	v	0
frequency	jukebox	jukebox	0	e	.......	9571	0	0	0	0	1	0.6890	0.6890	0.0000	e	1
frequency	jukebox	jukebox	1	t	...e...	241	0	0	0	0	0	0.4398	0.5685	0.1286	s	0
frequency	jukebox	jukebox	2	a	...e...	135	1	0	0	0	0	0.5852	0.5852	0.0000	a	1
frequency	jukebox	jukebox	3	o	...e...	56	2	0	0	0	1	0.5536	0.5536	0.0000	o	1
frequency	jukebox	jukebox	4	i	...e.o.	3	2	0	0	0	0	0.3333	0.6667	0.3333	k	0
frequency	jukebox	jukebox	5	n	...e.o.	2	3	0	0	1	0	0.0000	1.0000	1.0000	k	0
frequency	jukebox	jukebox	6	s	...e.o.	2	4	0	0	1	0	0.0000	1.0000	1.0000	k	0
frequency	jukebox	jukebox	7	h	...e.o.	2	5	0	0	1	0	0.0000	1.0000	1.0000	k	0
frequency	jukebox	jukebox	8	r	...e.o.	2	6	0	0	1	0	0.0000	1.0000	1.0000	k	0
frequency	jukebox	jukebox	9	d	...e.o.	2	7	0	0	0	0	0.5000	1.0000	0.5000	k	0
frequency	jukebox	jukebox	10	l	...e.o.	1	8	0	0	1	0	0.0000	1.0000	1.0000	b	0
frequency	jukebox	jukebox	11	c	...e.o.	1	9	0	0	1	0	0.0000	1.0000	1.0000	b	0
frequency	kayak	kayak	0	e	.....	4431	0	0	0	0	0	0.4715	0.4906	0.0192	s	0
frequency	kayak	kayak	1	t	.....	2342	1	0	0	0	0	0.2874	0.5401	0.2528	s	0
frequency	kayak	kayak	2	a	.....	1669	2	0	0	0	1	0.4284	0.5374	0.1090	s	0
frequency	kayak	kayak	3	o	.a.a.	23	2	0	0	0	0	0.0435	0.4348	0.3913	l	0
frequency	kayak	kayak	4	i	.a.a.	22	3	0	0	0	0	0.0455	0.4545	0.4091	l	0
frequency	kayak	kayak	5	n	.a.a.	21	4	0	0	0	0	0.2857	0.4762	0.1905	l	0
frequency	kayak	kayak	6	s	.a.a.	15	5	0	0	0	0	0.5333	0.5333	0.0000	s	1
frequency	kayak	kayak	7	h	.a.a.	7	6	0	0	0	0	0.1429	0.2857	0.1429	c	0
frequency	kayak	kayak	8	r	.a.a.	6	7	0	0	0	0	0.1667	0.3333	0.1667	c	0
frequency	kayak	kayak	9	d	.a.a.	5	8	0	0	0	0	0.2000	0.4000	0.2000	c	0
frequency	kayak	kayak	10	l	.a.a.	4	9	0	0	0	0	0.5000	0.5000	0.0000	c	1
frequency	lymph	lymph	0	e	.....	4431	0	0	0	0	0	0.4715	0.4906	0.0192	s	0
frequency	lymph	lymph	1	t	.....	2342	1	0	0	0	0	0.2874	0.5401	0.2528	s	0
frequency	lymph	lymph	2	a	.....	1669	2	0	0	0	0	0.4284	0.5374	0.1090	s	0
frequency	lymph	lymph	3	o	.....	954	3	0	0	0	0	0.4623	0.5692	0.1069	s	0
frequency	lymph	lymph	4	i	.....	513	4	0	0	0	0	0.5458	0.5809	0.0351	s	0
frequency	lymph	lymph	5	n	.....	233	5	0	0	0	0	0.2103	0.9356	0.7253	u	0
frequency	lymph	lymph	6	s	.....	184	6	0	0	0	0	0.6467	0.9402	0.2935	u	0
frequency	lymph	lymph	7	h	.....	65	7	0	0	0	1	0.2000	0.9077	0.7077	u	0
frequency	lymph	lymph	8	r	....h	6	7	0	0	0	0	0.3333	0.8333	0.5000	l	0
frequency	lymph	lymph	9	d	....h	4	8	0	0	1	0	0.0000	1.0000	1.0000	l	0
frequency	lymph	lymph	10	l	....h	4	9	0	0	0	1	1.0000	1.0000	0.0000	l	1
frequency	lymph	lymph	11	c	l...h	1	9	0	0	1	0	0.0000	1.0000	1.0000	m	0
frequency	matrix	matrix	0	e	......	7028	0	0	0	0	0	0.6477	0.6477	0.0000	e	1
frequency	matrix	matrix	1	t	......	2476	1	0	0	0	1	0.3332	0.5230	0.1898	s	0
frequency	matrix	matrix	2	a	..t...	121	1	0	0	0	1	0.5620	0.5950	0.0331	i	0
frequency	matrix	matrix	3	o	.at...	33	1	0	0	0	0	0.4545	0.6364	0.1818	i	0
frequency	matrix	matrix	4	i	.at...	18	2	0	0	0	1	0.8333	0.8333	0.0000	i	1
frequency	matrix	matrix	5	n	.at.i.	3	2	0	0	0	0	0.6667	0.6667	0.0000	c	1
frequency	matrix	matrix	6	s	.at.i.	1	3	0	0	1	0	0.0000	1.0000	1.0000	m	0
frequency	matrix	matrix	7	h	.at.i.	1	4	0	0	1	0	0.0000	1.0000	1.0000	m	0
frequency	matrix	matrix	8	r	.at.i.	1	5	0	0	0	1	1.0000	1.0000	0.0000	m	1
frequency	matrix	matrix	9	d	.atri.	1	5	0	0	1	0	0.0000	1.0000	1.0000	m	0
frequency	matrix	matrix	10	l	.atri.	1	6	0	0	1	0	0.0000	1.0000	1.0000	m	0
frequency	matrix	matrix	11	c	.atri.	1	7	0	0	1	0	0.0000	1.0000	1.0000	m	0
frequency	matrix	matrix	12	u	.atri.	1	8	0	0	1	0	0.0000	1.0000	1.0000	m	0
frequency	matrix	matrix	13	m	.atri.	1	9	0	0	0	1	1.0000	1.0000	0.0000	m	1
frequency	matrix	matrix	14	w	matri.	1	9	0	0	1	0	0.0000	1.0000	1.0000	x	0
frequency	zephyr	zephyr	0	e	......	7028	0	0	0	0	1	0.6477	0.6477	0.0000	e	1
frequency	zephyr	zephyr	1	t	.e....	399	0	0	0	0	0	0.3609	0.4712	0.1103	r	0
frequency	zephyr	zephyr	2	a	.e....	255	1	0	0	0	0	0.4235	0.4980	0.0745	r	0
frequency	zephyr	zephyr	3	o	.e....	147	2	0	0	0	0	0.4694	0.4966	0.0272	r	0
frequency	zephyr	zephyr	4	i	.e....	78	3	0	0	0	0	0.6923	0.6923	0.0000	i	1
frequency	zephyr	zephyr	5	n	.e....	24	4	0	0	0	0	0.3333	0.7500	0.4167	u	0
frequency	zephyr	zephyr	6	s	.e....	16	5	0	0	0	0	0.5625	0.6875	0.1250	r	0
frequency	zephyr	zephyr	7	h	.e....	7	6	0	0	0	1	0.1429	0.5714	0.4286	b	0
frequency	zephyr	zephyr	8	r	.e.h..	1	6	0	0	0	1	1.0000	1.0000	0.0000	p	1
frequency	zephyr	zephyr	9	d	.e.h.r	1	6	0	0	1	0	0.0000	1.0000	1.0000	p	0
frequency	zephyr	zephyr	10	l	.e.h.r	1	7	0	0	1	0	0.0000	1.0000	1.0000	p	0
frequency	zephyr	zephyr	11	c	.e.h.r	1	8	0	0	1	0	0.0000	1.0000	1.0000	p	0
frequency	zephyr	zephyr	12	u	.e.h.r	1	9	0	0	1	0	0.0000	1.0000	1.0000	p	0
frequency	jigsaw	jigsaw	0	e	......	7028	0	0	0	0	0	0.6477	0.6477	0.0000	e	1
frequency	jigsaw	jigsaw	1	t	......	2476	1	0	0	0	0	0.3332	0.5230	0.1898	s	0
frequency	jigsaw	jigsaw	2	a	......	1651	2	0	0	0	1	0.5021	0.5118	0.0097	s	0
frequency	jigsaw	jigsaw	3	o	....a.	110	2	0	0	0	0	0.4000	0.4636	0.0636	l	0
frequency	jigsaw	jigsaw	4	i	....a.	66	3	0	0	0	1	0.5152	0.5152	0.0000	i	1
frequency	jigsaw	jigsaw	5	n	.i..a.	24	3	0	0	0	0	0.2083	0.6250	0.4167	s	0
frequency	jigsaw	jigsaw	6	s	.i..a.	19	4	0	0	0	1	0.6316	0.6316	0.0000	s	1
frequency	jigsaw	jigsaw	7	h	.i.sa.	2	4	0	0	1	0	0.0000	1.0000	1.0000	w	0
frequency	jigsaw	jigsaw	8	r	.i.sa.	2	5	0	0	0	0	0.5000	1.0000	0.5000	w	0
frequency	jigsaw	jigsaw	9	d	.i.sa.	1	6	0	0	1	0	0.0000	1.0000	1.0000	g	0
frequency	jigsaw	jigsaw	10	l	.i.sa.	1	7	0	0	1	0	0.0000	1.0000	1.0000	g	0
frequency	jigsaw	jigsaw	11	c	.i.sa.	1	8	0	0	1	0	0.0000	1.0000	1.0000	g	0
frequency	jigsaw	jigsaw	12	u	.i.sa.	1	9	0	0	1	0	0.0000	1.0000	1.0000	g	0
frequency	whisky	whisky	0	e	......	7028	0	0	0	0	0	0.6477	0.6477	0.0000	e	1
frequency	whisky	whisky	1	t	......	2476	1	0	0	0	0	0.3332	0.5230	0.1898	s	0
frequency	whisky	whisky	2	a	......	1651	2	0	0	0	0	0.5021	0.5118	0.0097	s	0
frequency	whisky	whisky	3	o	......	822	3	0	0	0	0	0.5292	0.5633	0.0341	i	0
frequency	whisky	whisky	4	i	......	387	4	0	0	0	1	0.7261	0.7261	0.0000	i	1
frequency	whisky	whisky	5	n	..i...	83	4	0	0	0	0	0.2771	0.8675	0.5904	s	0
frequency	whisky	whisky	6	s	..i...	60	5	0	0	0	1	0.8833	0.8833	0.0000	s	1
frequency	whisky	whisky	7	h	..is..	4	5	0	0	0	1	0.2500	1.0000	0.7500	y	0
frequency	whisky	whisky	8	r	.his..	1	5	0	0	1	0	0.0000	1.0000	1.0000	k	0
frequency	whisky	whisky	9	d	.his..	1	6	0	0	1	0	0.0000	1.0000	1.0000	k	0
frequency	whisky	whisky	10	l	.his..	1	7	0	0	1	0	0.0000	1.0000	1.0000	k	0
frequency	whisky	whisky	11	c	.his..	1	8	0	0	1	0	0.0000	1.0000	1.0000	k	0
frequency	whisky	whisky	12	u	.his..	1	9	0	0	1	0	0.0000	1.0000	1.0000	k	0
frequency	quibble	quibble	0	e	.......	9571	0	0	0	0	1	0.6890	0.6890	0.0000	e	1
frequency	quibble	quibble	1	t	......e	535	0	0	0	0	0	0.3607	0.5346	0.1738	a	0
frequency	quibble	quibble	2	a	......e	342	1	0	0	0	0	0.5205	0.5205	0.0000	a	1
frequency	quibble	quibble	3	o	......e	164	2	0	0	0	0	0.5732	0.6159	0.0427	i	0
frequency	quibble	quibble	4	i	......e	70	3	0	0	0	1	0.7714	0.7714	0.0000	i	1
frequency	quibble	quibble	5	n	..i...e	16	3	0	0	0	0	0.4375	1.0000	0.5625	l	0
frequency	quibble	quibble	6	s	..i...e	9	4	0	0	0	0	0.1111	1.0000	0.8889	l	0
frequency	quibble	quibble	7	h	..i...e	8	5	0	0	1	0	0.0000	1.0000	1.0000	l	0
frequency	quibble	quibble	8	r	..i...e	8	6	0	0	0	0	0.8750	1.0000	0.1250	l	0
frequency	quibble	quibble	9	d	..i...e	1	7	0	0	1	0	0.0000	1.0000	1.0000	b	0
frequency	quibble	quibble	10	l	..i...e	1	8	0	0	0	1	1.0000	1.0000	0.0000	b	1
frequency	quibble	quibble	11	c	..i..le	1	8	0	0	1	0	0.0000	1.0000	1.0000	b	0
frequency	quibble	quibble	12	u	..i..le	1	9	0	0	0	1	1.0000	1.0000	0.0000	b	1
frequency	quibble	quibble	13	m	.ui..le	1	9	0	0	1	0	0.0000	1.0000	1.0000	b	0
frequency	pyjamas	pyjamas	0	e	.......	9571	0	0	0	0	0	0.6890	0.6890	0.0000	e	1
frequency	pyjamas	pyjamas	1	t	.......	2977	1	0	0	0	0	0.3460	0.6439	0.2980	i	0
frequency	pyjamas	pyjamas	2	a	.......	1947	2	0	0	0	1	0.5357	0.6682	0.1325	i	0
frequency	pyjamas	pyjamas	3	o	...a.a.	6	2	0	0	1	0	0.0000	0.8333	0.8333	s	0
frequency	pyjamas	pyjamas	4	i	...a.a.	6	3	0	0	0	0	0.5000	0.8333	0.3333	s	0
frequency	pyjamas	pyjamas	5	n	...a.a.	3	4	0	0	0	0	0.3333	0.6667	0.3333	p	0
frequency	pyjamas	pyjamas	6	s	...a.a.	2	5	0	0	0	1	1.0000	1.0000	0.0000	p	1
frequency	pyjamas	pyjamas	7	h	...a.as	1	5	0	0	1	0	0.0000	1.0000	1.0000	j	0
frequency	pyjamas	pyjamas	8	r	...a.as	1	6	0	0	1	0	0.0000	1.0000	1.0000	j	0
frequency	pyjamas	pyjamas	9	d	...a.as	1	7	0	0	1	0	0.0000	1.0000	1.0000	j	0
frequency	pyjamas	pyjamas	10	l	...a.as	1	8	0	0	1	0	0.0000	1.0000	1.0000	j	0
frequency	pyjamas	pyjamas	11	c	...a.as	1	9	0	0	1	0	0.0000	1.0000	1.0000	j	0
frequency	jackpot	jackpot	0	e	.......	9571	0	0	0	0	0	0.6890	0.6890	0.0000	e	1
frequency	jackpot	jackpot	1	t	.......	2977	1	0	0	0	1	0.3460	0.6439	0.2980	i	0
frequency	jackpot	jackpot	2	a	......t	152	1	0	0	0	1	0.5855	0.5855	0.0000	a	1
frequency	jackpot	jackpot	3	o	.a....t	25	1	0	0	0	1	0.4400	0.5200	0.0800	i	0
frequency	jackpot	jackpot	4	i	.a...ot	2	1	0	0	1	0	0.0000	0.5000	0.5000	c	0
frequency	jackpot	jackpot	5	n	.a...ot	2	2	0	0	0	0	0.5000	0.5000	0.0000	c	1
frequency	jackpot	jackpot	6	s	.a...ot	1	3	0	0	1	0	0.0000	1.0000	1.0000	c	0
frequency	jackpot	jackpot	7	h	.a...ot	1	4	0	0	1	0	0.0000	1.0000	1.0000	c	0
frequency	jackpot	jackpot	8	r	.a...ot	1	5	0	0	1	0	0.0000	1.0000	1.0000	c	0
frequency	jackpot	jackpot	9	d	.a...ot	1	6	0	0	1	0	0.0000	1.0000	1.0000	c	0
frequency	jackpot	jackpot	10	l	.a...ot	1	7	0	0	1	0	0.0000	1.0000	1.0000	c	0
frequency	jackpot	jackpot	11	c	.a...ot	1	8	0	0	0	1	1.0000	1.0000	0.0000	c	1
frequency	jackpot	jackpot	12	u	.ac..ot	1	8	0	0	1	0	0.0000	1.0000	1.0000	j	0
frequency	jackpot	jackpot	13	m	.ac..ot	1	9	0	0	1	0	0.0000	1.0000	1.0000	j	0
frequency	oxidise	oxidise	0	e	.......	9571	0	0	0	0	1	0.6890	0.6890	0.0000	e	1
frequency	oxidise	oxidise	1	t	......e	535	0	0	0	0	0	0.3607	0.5346	0.1738	a	0
frequency	oxidise	oxidise	2	a	......e	342	1	0	0	0	0	0.5205	0.5205	0.0000	a	1
frequency	oxidise	oxidise	3	o	......e	164	2	0	0	0	1	0.5732	0.6159	0.0427	i	0
frequency	oxidise	oxidise	4	i	o.....e	6	2	0	0	0	1	0.6667	0.6667	0.0000	i	1
frequency	oxidise	oxidise	5	n	o.i.i.e	2	2	0	0	1	0	0.0000	0.5000	0.5000	c	0
frequency	oxidise	oxidise	6	s	o.i.i.e	2	3	0	0	0	1	0.5000	0.5000	0.0000	c	1
frequency	oxidise	oxidise	7	h	o.i.ise	1	3	0	0	1	0	0.0000	1.0000	1.0000	d	0
frequency	oxidise	oxidise	8	r	o.i.ise	1	4	0	0	1	0	0.0000	1.0000	1.0000	d	0
frequency	oxidise	oxidise	9	d	o.i.ise	1	5	0	0	0	1	1.0000	1.0000	0.0000	d	1
frequency	oxidise	oxidise	10	l	o.idise	1	5	0	0	1	0	0.0000	1.0000	1.0000	x	0
frequency	oxidise	oxidise	11	c	o.idise	1	6	0	0	1	0	0.0000	1.0000	1.0000	x	0
frequency	oxidise	oxidise	12	u	o.idise	1	7	0	0	1	0	0.0000	1.0000	1.0000	x	0
frequency	oxidise	oxidise	13	m	o.idise	1	8	0	0	1	0	0.0000	1.0000	1.0000	x	0
frequency	oxidise	oxidise	14	w	o.idise	1	9	0	0	1	0	0.0000	1.0000	1.0000	x	0
frequency	buzzard	buzzard	0	e	.......	9571	0	0	0	0	0	0.6890	0.6890	0.0000	e	1
frequency	buzzard	buzzard	1	t	.......	2977	1	0	0	0	0	0.3460	0.6439	0.2980	i	0
frequency	buzzard	buzzard	2	a	.......	1947	2	0	0	0	1	0.5357	0.6682	0.1325	i	0
frequency	buzzard	buzzard	3	o	....a..	123	2	0	0	0	0	0.3821	0.6829	0.3008	s	0
frequency	buzzard	buzzard	4	i	....a..	76	3	0	0	0	0	0.5789	0.7105	0.1316	s	0
frequency	buzzard	buzzard	5	n	....a..	32	4	0	0	0	0	0.2500	0.7812	0.5312	s	0
frequency	buzzard	buzzard	6	s	....a..	24	5	0	0	0	0	0.7083	0.7083	0.0000	s	1
frequency	buzzard	buzzard	7	h	....a..	7	6	0	0	0	0	0.1429	0.8571	0.7143	r	0
frequency	buzzard	buzzard	8	r	....a..	6	7	0	0	0	1	0.8333	0.8333	0.0000	r	1
frequency	buzzard	buzzard	9	d	....ar.	3	7	0	0	0	1	0.6667	1.0000	0.3333	u	0
frequency	buzzard	buzzard	10	l	....ard	1	7	0	0	1	0	0.0000	1.0000	1.0000	b	0
frequency	buzzard	buzzard	11	c	....ard	1	8	0	0	1	0	0.0000	1.0000	1.0000	b	0
frequency	buzzard	buzzard	12	u	....ard	1	9	0	0	0	1	1.0000	1.0000	0.0000	b	1
frequency	buzzard	buzzard	13	m	.u..ard	1	9	0	0	1	0	0.0000	1.0000	1.0000	b	0
frequency	crypt	crypt	0	e	.....	4431	0	0	0	0	0	0.4715	0.4906	0.0192	s	0
frequency	crypt	crypt	1	t	.....	2342	1	0	0	0	1	0.2874	0.5401	0.2528	s	0
frequency	crypt	crypt	2	a	....t	157	1	0	0	0	0	0.4204	0.4204	0.0000	a	1
frequency	crypt	crypt	3	o	....t	91	2	0	0	0	0	0.4835	0.5714	0.0879	i	0
frequency	crypt	crypt	4	i	....t	47	3	0	0	0	0	0.7660	0.7660	0.0000	i	1
frequency	crypt	crypt	5	n	....t	11	4	0	0	0	0	0.5455	0.9091	0.3636	u	0
frequency	crypt	crypt	6	s	....t	5	5	0	0	0	0	0.6000	1.0000	0.4000	r	0
frequency	crypt	crypt	7	h	....t	2	6	0	0	1	0	0.0000	1.0000	1.0000	r	0
frequency	crypt	crypt	8	r	....t	2	7	0	0	0	1	1.0000	1.0000	0.0000	r	1
frequency	crypt	crypt	9	d	.r..t	1	7	0	0	1	0	0.0000	1.0000	1.0000	c	0
frequency	crypt	crypt	10	l	.r..t	1	8	0	0	1	0	0.0000	1.0000	1.0000	c	0
frequency	crypt	crypt	11	c	.r..t	1	9	0	0	0	1	1.0000	1.0000	0.0000	c	1
frequency	crypt	crypt	12	u	cr..t	1	9	0	0	1	0	0.0000	1.0000	1.0000	p	0
frequency	duplex	duplex	0	e	......	7028	0	0	0	0	1	0.6477	0.6477	0.0000	e	1
frequency	duplex	duplex	1	t	....e.	2005	0	0	0	0	0	0.2449	0.4963	0.2514	d	0
frequency	duplex	duplex	2	a	....e.	1514	1	0	0	0	0	0.3818	0.5390	0.1572	d	0
frequency	duplex	duplex	3	o	....e.	936	2	0	0	0	0	0.4209	0.5342	0.1132	d	0
frequency	duplex	duplex	4	i	....e.	542	3	0	0	0	0	0.5830	0.5830	0.0000	i	1
frequency	duplex	duplex	5	n	....e.	226	4	0	0	0	0	0.2124	0.9558	0.7434	u	0
frequency	duplex	duplex	6	s	....e.	178	5	0	0	0	0	0.4213	0.9663	0.5449	u	0
frequency	duplex	duplex	7	h	....e.	103	6	0	0	0	0	0.0777	0.9709	0.8932	u	0
frequency	duplex	duplex	8	r	....e.	95	7	0	0	0	0	0.4632	0.9789	0.5158	u	0
frequency	duplex	duplex	9	d	....e.	51	8	0	0	0	1	0.9608	0.9608	0.0000	d	1
frequency	duplex	duplex	10	l	d...e.	1	8	0	0	0	1	1.0000	1.0000	0.0000	l	1
frequency	duplex	duplex	11	c	d..le.	1	8	0	0	1	0	0.0000	1.0000	1.0000	p	0
frequency	duplex	duplex	12	u	d..le.	1	9	0	0	0	1	1.0000	1.0000	0.0000	p	1
frequency	duplex	duplex	13	m	du.le.	1	9	0	0	1	0	0.0000	1.0000	1.0000	p	0
frequency	foxglove	foxglove	0	e	........	10078	0	0	0	0	1	0.6958	0.6958	0.0000	e	1
frequency	foxglove	foxglove	1	t	.......e	503	0	0	0	0	0	0.4533	0.6521	0.1988	a	0
frequency	foxglove	foxglove	2	a	.......e	275	1	0	0	0	0	0.6182	0.6291	0.0109	i	0
frequency	foxglove	foxglove	3	o	.......e	105	2	0	0	0	1	0.6286	0.7429	0.1143	i	0
frequency	foxglove	foxglove	4	i	.o...o.e	5	2	0	0	1	0	0.0000	0.8000	0.8000	f	0
frequency	foxglove	foxglove	5	n	.o...o.e	5	3	0	0	1	0	0.0000	0.8000	0.8000	f	0
frequency	foxglove	foxglove	6	s	.o...o.e	5	4	0	0	0	0	0.4000	0.8000	0.4000	f	0
frequency	foxglove	foxglove	7	h	.o...o.e	3	5	0	0	0	0	0.3333	1.0000	0.6667	l	0
frequency	foxglove	foxglove	8	r	.o...o.e	2	6	0	0	0	0	0.5000	1.0000	0.5000	f	0
frequency	foxglove	foxglove	9	d	.o...o.e	1	7	0	0	1	0	0.0000	1.0000	1.0000	f	0
frequency	foxglove	foxglove	10	l	.o...o.e	1	8	0	0	0	1	1.0000	1.0000	0.0000	f	1
frequency	foxglove	foxglove	11	c	.o..lo.e	1	8	0	0	1	0	0.0000	1.0000	1.0000	f	0
frequency	foxglove	foxglove	12	u	.o..lo.e	1	9	0	0	1	0	0.0000	1.0000	1.0000	f	0
frequency	galvanise	galvanise	0	e	.........	8995	0	0	0	0	1	0.7360	0.7360	0.0000	e	1
frequency	galvanise	galvanise	1	t	........e	457	0	0	0	0	0	0.5602	0.7221	0.1619	a	0
frequency	galvanise	galvanise	2	a	........e	201	1	0	0	0	1	0.6468	0.6468	0.0000	a	1
frequency	galvanise	galvanise	3	o	.a..a...e	6	1	0	0	1	0	0.0000	1.0000	1.0000	n	0
frequency	galvanise	galvanise	4	i	.a..a...e	6	2	0	0	0	1	0.6667	1.0000	0.3333	n	0
frequency	galvanise	galvanise	5	n	.a..a.i.e	4	2	0	0	0	1	1.0000	1.0000	0.0000	n	1
frequency	galvanise	galvanise	6	s	.a..ani.e	2	2	0	0	0	1	0.5000	1.0000	0.5000	l	0
frequency	galvanise	galvanise	7	h	.a..anise	1	2	0	0	1	0	0.0000	1.0000	1.0000	g	0
frequency	galvanise	galvanise	8	r	.a..anise	1	3	0	0	1	0	0.0000	1.0000	1.0000	g	0
frequency	galvanise	galvanise	9	d	.a..anise	1	4	0	0	1	0	0.0000	1.0000	1.0000	g	0
frequency	galvanise	galvanise	10	l	.a..anise	1	5	0	0	0	1	1.0000	1.0000	0.0000	g	1
frequency	galvanise	galvanise	11	c	.al.anise	1	5	0	0	1	0	0.0000	1.0000	1.0000	g	0
frequency	galvanise	galvanise	12	u	.al.anise	1	6	0	0	1	0	0.0000	1.0000	1.0000	g	0
frequency	galvanise	galvanise	13	m	.al.anise	1	7	0	0	1	0	0.0000	1.0000	1.0000	g	0
frequency	galvanise	galvanise	14	w	.al.anise	1	8	0	0	1	0	0.0000	1.0000	1.0000	g	0
frequency	galvanise	galvanise	15	f	.al.anise	1	9	0	0	1	0	0.0000	1.0000	1.0000	g	0
frequency	hyphen	hyphen	0	e	......	7028	0	0	0	0	1	0.6477	0.6477	0.0000	e	1
frequency	hyphen	hyphen	1	t	....e.	2005	0	0	0	0	0	0.2449	0.4963	0.2514	d	0
frequency	hyphen	hyphen	2	a	....e.	1514	1	0	0	0	0	0.3818	0.5390	0.1572	d	0
frequency	hyphen	hyphen	3	o	....e.	936	2	0	0	0	0	0.4209	0.5342	0.1132	d	0
frequency	hyphen	hyphen	4	i	....e.	542	3	0	0	0	0	0.5830	0.5830	0.0000	i	1
frequency	hyphen	hyphen	5	n	....e.	226	4	0	0	0	1	0.2124	0.9558	0.7434	u	0
frequency	hyphen	hyphen	6	s	....en	4	4	0	0	0	0	0.5000	0.7500	0.2500	u	0
frequency	hyphen	hyphen	7	h	....en	2	5	0	0	0	1	0.5000	0.5000	0.0000	b	1
frequency	hyphen	hyphen	8	r	h..hen	1	5	0	0	1	0	0.0000	1.0000	1.0000	p	0
frequency	hyphen	hyphen	9	d	h..hen	1	6	0	0	1	0	0.0000	1.0000	1.0000	p	0
frequency	hyphen	hyphen	10	l	h..hen	1	7	0	0	1	0	0.0000	1.0000	1.0000	p	0
frequency	hyphen	hyphen	11	c	h..hen	1	8	0	0	1	0	0.0000	1.0000	1.0000	p	0
frequency	hyphen	hyphen	12	u	h..hen	1	9	0	0	1	0	0.0000	1.0000	1.0000	p	0
frequency	ivy	ivy	0	e	...	587	0	0	0	0	0	0.2402	0.2879	0.0477	a	0
frequency	ivy	ivy	1	t	...	446	1	0	0	0	0	0.1794	0.3386	0.1592	a	0
frequency	ivy	ivy	2	a	...	366	2	0	0	0	0	0.3470	0.3470	0.0000	a	1
frequency	ivy	ivy	3	o	...	239	3	0	0	0	0	0.3933	0.3933	0.0000	o	1
frequency	ivy	ivy	4	i	...	145	4	0	0	0	1	0.4966	0.4966	0.0000	i	1
frequency	ivy	ivy	5	n	i..	12	4	0	0	0	0	0.2500	0.3333	0.0833	s	0
frequency	ivy	ivy	6	s	i..	9	5	0	0	0	0	0.3333	0.3333	0.0000	s	1
frequency	ivy	ivy	7	h	i..	6	6	0	0	1	0	0.0000	0.3333	0.3333	k	0
frequency	ivy	ivy	8	r	i..	6	7	0	0	0	0	0.1667	0.3333	0.1667	k	0
frequency	ivy	ivy	9	d	i..	5	8	0	0	1	0	0.0000	0.4000	0.4000	l	0
frequency	ivy	ivy	10	l	i..	5	9	0	0	0	0	0.4000	0.4000	0.0000	l	1
frequency	jinx	jinx	0	e	....	2295	0	0	0	0	0	0.3630	0.3630	0.0000	e	1
frequency	jinx	jinx	1	t	....	1462	1	0	0	0	0	0.2305	0.4022	0.1717	s	0
frequency	jinx	jinx	2	a	....	1125	2	0	0	0	0	0.3902	0.4062	0.0160	s	0
frequency	jinx	jinx	3	o	....	686	3	0	0	0	0	0.4592	0.4592	0.0000	o	1
frequency	jinx	jinx	4	i	....	371	4	0	0	0	1	0.4987	0.4987	0.0000	i	1
frequency	jinx	jinx	5	n	.i..	129	4	0	0	0	1	0.3101	0.4574	0.1473	s	0
frequency	jinx	jinx	6	s	.in.	32	4	0	0	0	0	0.2812	0.3125	0.0312	k	0
frequency	jinx	jinx	7	h	.in.	23	5	0	0	0	0	0.0435	0.3913	0.3478	k	0
frequency	jinx	jinx	8	r	.in.	22	6	0	0	0	0	0.1364	0.4091	0.2727	k	0
frequency	jinx	jinx	9	d	.in.	19	7	0	0	0	0	0.3158	0.4211	0.1053	k	0
frequency	jinx	jinx	10	l	.in.	13	8	0	0	0	0	0.0769	0.5385	0.4615	k	0
frequency	jinx	jinx	11	c	.in.	12	9	0	0	0	0	0.0833	0.5000	0.4167	k	0
frequency	kiosk	kiosk	0	e	.....	4431	0	0	0	0	0	0.4715	0.4906	0.0192	s	0
frequency	kiosk	kiosk	1	t	.....	2342	1	0	0	0	0	0.2874	0.5401	0.2528	s	0
frequency	kiosk	kiosk	2	a	.....	1669	2	0	0	0	0	0.4284	0.5374	0.1090	s	0
frequency	kiosk	kiosk	3	o	.....	954	3	0	0	0	1	0.4623	0.5692	0.1069	s	0
frequency	kiosk	kiosk	4	i	..o..	113	3	0	0	0	1	0.1150	0.6106	0.4956	s	0
frequency	kiosk	kiosk	5	n	.io..	4	3	0	0	0	0	0.2500	1.0000	0.7500	s	0
frequency	kiosk	kiosk	6	s	.io..	3	4	0	0	0	1	1.0000	1.0000	0.0000	s	1
frequency	kiosk	kiosk	7	h	.ios.	1	4	0	0	1	0	0.0000	1.0000	1.0000	k	0
frequency	kiosk	kiosk	8	r	.ios.	1	5	0	0	1	0	0.0000	1.0000	1.0000	k	0
frequency	kiosk	kiosk	9	d	.ios.	1	6	0	0	1	0	0.0000	1.0000	1.0000	k	0
frequency	kiosk	kiosk	10	l	.ios.	1	7	0	0	1	0	0.0000	1.0000	1.0000	k	0
frequency	kiosk	kiosk	11	c	.ios.	1	8	0	0	1	0	0.0000	1.0000	1.0000	k	0
frequency	kiosk	kiosk	12	u	.ios.	1	9	0	0	1	0	0.0000	1.0000	1.0000	k	0
frequency	larynx	larynx	0	e	......	7028	0	0	0	0	0	0.6477	0.6477	0.0000	e	1
frequency	larynx	larynx	1	t	......	2476	1	0	0	0	0	0.3332	0.5230	0.1898	s	0
frequency	larynx	larynx	2	a	......	1651	2	0	0	0	1	0.5021	0.5118	0.0097	s	0
frequency	larynx	larynx	3	o	.a....	242	2	0	0	0	0	0.3719	0.5372	0.1653	i	0
frequency	larynx	larynx	4	i	.a....	152	3	0	0	0	0	0.7895	0.7895	0.0000	i	1
frequency	larynx	larynx	5	n	.a....	32	4	0	0	0	1	0.2188	0.6250	0.4062	l	0
frequency	larynx	larynx	6	s	.a..n.	1	4	0	0	1	0	0.0000	1.0000	1.0000	l	0
frequency	larynx	larynx	7	h	.a..n.	1	5	0	0	1	0	0.0000	1.0000	1.0000	l	0
frequency	larynx	larynx	8	r	.a..n.	1	6	0	0	0	1	1.0000	1.0000	0.0000	l	1
frequency	larynx	larynx	9	d	.ar.n.	1	6	0	0	1	0	0.0000	1.0000	1.0000	l	0
frequency	larynx	larynx	10	l	.ar.n.	1	7	0	0	0	1	1.0000	1.0000	0.0000	l	1
frequency	larynx	larynx	11	c	lar.n.	1	7	0	0	1	0	0.0000	1.0000	1.0000	x	0
frequency	larynx	larynx	12	u	lar.n.	1	8	0	0	1	0	0.0000	1.0000	1.0000	x	0
frequency	larynx	larynx	13	m	lar.n.	1	9	0	0	1	0	0.0000	1.0000	1.0000	x	0
frequency	marquis	marquis	0	e	.......	9571	0	0	0	0	0	0.6890	0.6890	0.0000	e	1
frequency	marquis	marquis	1	t	.......	2977	1	0	0	0	0	0.3460	0.6439	0.2980	i	0
frequency	marquis	marquis	2	a	.......	1947	2	0	0	0	1	0.5357	0.6682	0.1325	i	0
frequency	marquis	marquis	3	o	.a.....	365	2	0	0	0	0	0.2959	0.7178	0.4219	i	0
frequency	marquis	marquis	4	i	.a.....	257	3	0	0	0	1	0.9339	0.9339	0.0000	i	1
frequency	marquis	marquis	5	n	.a...i.	8	3	0	0	0	0	0.6250	0.6250	0.0000	n	1
frequency	marquis	marquis	6	s	.a...i.	3	4	0	0	0	1	0.6667	1.0000	0.3333	r	0
frequency	marquis	marquis	7	h	.a...is	1	4	0	0	1	0	0.0000	1.0000	1.0000	m	0
frequency	marquis	marquis	8	r	.a...is	1	5	0	0	0	1	1.0000	1.0000	0.0000	m	1
frequency	marquis	marquis	9	d	.ar..is	1	5	0	0	1	0	0.0000	1.0000	1.0000	m	0
frequency	marquis	marquis	10	l	.ar..is	1	6	0	0	1	0	0.0000	1.0000	1.0000	m	0
frequency	marquis	marquis	11	c	.ar..is	1	7	0	0	1	0	0.0000	1.0000	1.0000	m	0
frequency	marquis	marquis	12	u	.ar..is	1	8	0	0	0	1	1.0000	1.0000	0.0000	m	1
frequency	marquis	marquis	13	m	.ar.uis	1	8	0	0	0	1	1.0000	1.0000	0.0000	m	1
frequency	marquis	marquis	14	w	mar.uis	1	8	0	0	1	0	0.0000	1.0000	1.0000	q	0
frequency	marquis	marquis	15	f	mar.uis	1	9	0	0	1	0	0.0000	1.0000	1.0000	q	0
frequency	nymph	nymph	0	e	.....	4431	0	0	0	0	0	0.4715	0.4906	0.0192	s	0
frequency	nymph	nymph	1	t	.....	2342	1	0	0	0	0	0.2874	0.5401	0.2528	s	0
frequency	nymph	nymph	2	a	.....	1669	2	0	0	0	0	0.4284	0.5374	0.1090	s	0
frequency	nymph	nymph	3	o	.....	954	3	0	0	0	0	0.4623	0.5692	0.1069	s	0
frequency	nymph	nymph	4	i	.....	513	4	0	0	0	0	0.5458	0.5809	0.0351	s	0
frequency	nymph	nymph	5	n	.....	233	5	0	0	0	1	0.2103	0.9356	0.7253	u	0
frequency	nymph	nymph	6	s	n....	3	5	0	0	0	0	0.6667	0.6667	0.0000	m	1
frequency	nymph	nymph	7	h	n....	1	6	0	0	0	1	1.0000	1.0000	0.0000	h	1
frequency	nymph	nymph	8	r	n...h	1	6	0	0	1	0	0.0000	1.0000	1.0000	m	0
frequency	nymph	nymph	9	d	n...h	1	7	0	0	1	0	0.0000	1.0000	1.0000	m	0
frequency	nymph	nymph	10	l	n...h	1	8	0	0	1	0	0.0000	1.0000	1.0000	m	0
frequency	nymph	nymph	11	c	n...h	1	9	0	0	1	0	0.0000	1.0000	1.0000	m	0
frequency	onyx	onyx	0	e	....	2295	0	0	0	0	0	0.3630	0.3630	0.0000	e	1
frequency	onyx	onyx	1	t	....	1462	1	0	0	0	0	0.2305	0.4022	0.1717	s	0
frequency	onyx	onyx	2	a	....	1125	2	0	0	0	0	0.3902	0.4062	0.0160	s	0
frequency	onyx	onyx	3	o	....	686	3	0	0	0	1	0.4592	0.4592	0.0000	o	1
frequency	onyx	onyx	4	i	o...	18	3	0	0	0	0	0.1667	0.6111	0.4444	s	0
frequency	onyx	onyx	5	n	o...	15	4	0	0	0	1	0.2667	0.6667	0.4000	s	0
frequency	onyx	onyx	6	s	on..	3	4	0	0	0	0	0.3333	0.6667	0.3333	y	0
frequency	onyx	onyx	7	h	on..	2	5	0	0	1	0	0.0000	1.0000	1.0000	y	0
frequency	onyx	onyx	8	r	on..	2	6	0	0	1	0	0.0000	1.0000	1.0000	y	0
frequency	onyx	onyx	9	d	on..	2	7	0	0	1	0	0.0000	1.0000	1.0000	y	0
frequency	onyx	onyx	10	l	on..	2	8	0	0	0	0	0.5000	1.0000	0.5000	y	0
frequency	onyx	onyx	11	c	on..	1	9	0	0	1	0	0.0000	1.0000	1.0000	x	0
frequency	pixel	pixel	0	e	.....	4431	0	0	0	0	1	0.4715	0.4906	0.0192	s	0
frequency	pixel	pixel	1	t	...e.	846	0	0	0	0	0	0.1749	0.4409	0.2660	s	0
frequency	pixel	pixel	2	a	...e.	698	1	0	0	0	0	0.3424	0.4484	0.1060	s	0
frequency	pixel	pixel	3	o	...e.	459	2	0	0	0	0	0.4118	0.4423	0.0305	s	0
frequency	pixel	pixel	4	i	...e.	270	3	0	0	0	1	0.6667	0.6667	0.0000	i	1
frequency	pixel	pixel	5	n	.i.e.	143	3	0	0	0	0	0.2238	0.4615	0.2378	s	0
frequency	pixel	pixel	6	s	.i.e.	111	4	0	0	0	0	0.4865	0.4865	0.0000	s	1
frequency	pixel	pixel	7	h	.i.e.	57	5	0	0	0	0	0.0877	0.6491	0.5614	d	0
frequency	pixel	pixel	8	r	.i.e.	52	6	0	0	0	0	0.5385	0.6346	0.0962	d	0
frequency	pixel	pixel	9	d	.i.e.	24	7	0	0	0	0	0.8750	0.8750	0.0000	d	1
frequency	pixel	pixel	10	l	.i.e.	3	8	0	0	0	1	0.6667	0.6667	0.0000	b	1
frequency	pixel	pixel	11	c	.i.el	1	8	0	0	1	0	0.0000	1.0000	1.0000	p	0
frequency	pixel	pixel	12	u	.i.el	1	9	0	0	1	0	0.0000	1.0000	1.0000	p	0
frequency	quartz	quartz	0	e	......	7028	0	0	0	0	0	0.6477	0.6477	0.0000	e	1
frequency	quartz	quartz	1	t	......	2476	1	0	0	0	1	0.3332	0.5230	0.1898	s	0
frequency	quartz	quartz	2	a	....t.	185	1	0	0	0	1	0.4108	0.7946	0.3838	s	0
frequency	quartz	quartz	3	o	..a.t.	25	1	0	0	0	0	0.1600	0.8400	0.6800	s	0
frequency	quartz	quartz	4	i	..a.t.	21	2	0	0	0	0	0.1429	0.8571	0.7143	s	0
frequency	quartz	quartz	5	n	..a.t.	18	3	0	0	0	0	0.3889	0.8889	0.5000	s	0
frequency	quartz	quartz	6	s	..a.t.	11	4	0	0	0	0	0.8182	0.8182	0.0000	r	1
frequency	quartz	quartz	7	h	..a.t.	2	5	0	0	1	0	0.0000	1.0000	1.0000	r	0
frequency	quartz	quartz	8	r	..a.t.	2	6	0	0	0	1	1.0000	1.0000	0.0000	r	1
frequency	quartz	quartz	9	d	..art.	1	6	0	0	1	0	0.0000	1.0000	1.0000	q	0
frequency	quartz	quartz	10	l	..art.	1	7	0	0	1	0	0.0000	1.0000	1.0000	q	0
frequency	quartz	quartz	11	c	..art.	1	8	0	0	1	0	0.0000	1.0000	1.0000	q	0
frequency	quartz	quartz	12	u	..art.	1	9	0	0	0	1	1.0000	1.0000	0.0000	q	1
frequency	quartz	quartz	13	m	.uart.	1	9	0	0	1	0	0.0000	1.0000	1.0000	q	0
frequency	rhythm	rhythm	0	e	......	7028	0	0	0	0	0	0.6477	0.6477	0.0000	e	1
frequency	rhythm	rhythm	1	t	......	2476	1	0	0	0	1	0.3332	0.5230	0.1898	s	0
frequency	rhythm	rhythm	2	a	...t..	125	1	0	0	0	0	0.4480	0.5600	0.1120	s	0
frequency	rhythm	rhythm	3	o	...t..	69	2	0	0	0	0	0.4783	0.6522	0.1739	s	0
frequency	rhythm	rhythm	4	i	...t..	36	3	0	0	0	0	0.7222	0.7222	0.0000	i	1
frequency	rhythm	rhythm	5	n	...t..	10	4	0	0	1	0	0.0000	0.9000	0.9000	u	0
frequency	rhythm	rhythm	6	s	...t..	10	5	0	0	0	0	0.5000	0.9000	0.4000	u	0
frequency	rhythm	rhythm	7	h	...t..	5	6	0	0	0	1	0.6000	0.8000	0.2000	u	0
frequency	rhythm	rhythm	8	r	.h.th.	1	6	0	0	0	1	1.0000	1.0000	0.0000	m	1
frequency	rhythm	rhythm	9	d	rh.th.	1	6	0	0	1	0	0.0000	1.0000	1.0000	m	0
frequency	rhythm	rhythm	10	l	rh.th.	1	7	0	0	1	0	0.0000	1.0000	1.0000	m	0
frequency	rhythm	rhythm	11	c	rh.th.	1	8	0	0	1	0	0.0000	1.0000	1.0000	m	0
frequency	rhythm	rhythm	12	u	rh.th.	1	9	0	0	1	0	0.0000	1.0000	1.0000	m	0
frequency	sphinx	sphinx	0	e	......	7028	0	0	0	0	0	0.6477	0.6477	0.0000	e	1
frequency	sphinx	sphinx	1	t	......	2476	1	0	0	0	0	0.3332	0.5230	0.1898	s	0
frequency	sphinx	sphinx	2	a	......	1651	2	0	0	0	0	0.5021	0.5118	0.0097	s	0
frequency	sphinx	sphinx	3	o	......	822	3	0	0	0	0	0.5292	0.5633	0.0341	i	0
frequency	sphinx	sphinx	4	i	......	387	4	0	0	0	1	0.7261	0.7261	0.0000	i	1
frequency	sphinx	sphinx	5	n	...i..	70	4	0	0	0	1	0.7000	0.7000	0.0000	n	1
frequency	sphinx	sphinx	6	s	...in.	38	4	0	0	0	1	0.2895	0.8947	0.6053	g	0
frequency	sphinx	sphinx	7	h	s..in.	7	4	0	0	0	1	0.4286	0.7143	0.2857	g	0
frequency	sphinx	sphinx	8	r	s.hin.	1	4	0	0	1	0	0.0000	1.0000	1.0000	p	0
frequency	sphinx	sphinx	9	d	s.hin.	1	5	0	0	1	0	0.0000	1.0000	1.0000	p	0
frequency	sphinx	sphinx	10	l	s.hin.	1	6	0	0	1	0	0.0000	1.0000	1.0000	p	0
frequency	sphinx	sphinx	11	c	s.hin.	1	7	0	0	1	0	0.0000	1.0000	1.0000	p	0
frequency	sphinx	sphinx	12	u	s.hin.	1	8	0	0	1	0	0.0000	1.0000	1.0000	p	0
frequency	sphinx	sphinx	13	m	s.hin.	1	9	0	0	1	0	0.0000	1.0000	1.0000	p	0
frequency	topaz	topaz	0	e	.....	4431	0	0	0	0	0	0.4715	0.4906	0.0192	s	0
frequency	topaz	topaz	1	t	.....	2342	1	0	0	0	1	0.2874	0.5401	0.2528	s	0
frequency	topaz	topaz	2	a	t....	124	1	0	0	0	1	0.4113	0.4355	0.0242	s	0
frequency	topaz	topaz	3	o	t..a.	9	1	0	0	0	1	0.4444	0.4444	0.0000	o	1
frequency	topaz	topaz	4	i	to.a.	4	1	0	0	1	0	0.0000	0.2500	0.2500	d	0
frequency	topaz	topaz	5	n	to.a.	4	2	0	0	0	0	0.2500	0.2500	0.0000	d	1
frequency	topaz	topaz	6	s	to.a.	3	3	0	0	0	0	0.3333	0.3333	0.0000	d	1
frequency	topaz	topaz	7	h	to.a.	2	4	0	0	1	0	0.0000	0.5000	0.5000	d	0
frequency	topaz	topaz	8	r	to.a.	2	5	0	0	1	0	0.0000	0.5000	0.5000	d	0
frequency	topaz	topaz	9	d	to.a.	2	6	0	0	0	0	0.5000	0.5000	0.0000	d	1
frequency	topaz	topaz	10	l	to.a.	1	7	0	0	1	0	0.0000	1.0000	1.0000	p	0
frequency	topaz	topaz	11	c	to.a.	1	8	0	0	1	0	0.0000	1.0000	1.0000	p	0
frequency	topaz	topaz	12	u	to.a.	1	9	0	0	1	0	0.0000	1.0000	1.0000	p	0
frequency	vortex	vortex	0	e	......	7028	0	0	0	0	1	0.6477	0.6477	0.0000	e	1
frequency	vortex	vortex	1	t	....e.	2005	0	0	0	0	1	0.2449	0.4963	0.2514	d	0
frequency	vortex	vortex	2	a	...te.	175	0	0	0	0	0	0.4400	0.4743	0.0343	r	0
frequency	vortex	vortex	3	o	...te.	98	1	0	0	0	1	0.4388	0.4796	0.0408	s	0
frequency	vortex	vortex	4	i	.o.te.	27	1	0	0	0	0	0.0370	0.5926	0.5556	r	0
frequency	vortex	vortex	5	n	.o.te.	26	2	0	0	0	0	0.1154	0.5769	0.4615	r	0
frequency	vortex	vortex	6	s	.o.te.	23	3	0	0	0	0	0.5217	0.6522	0.1304	r	0
frequency	vortex	vortex	7	h	.o.te.	11	4	0	0	1	0	0.0000	0.6364	0.6364	r	0
frequency	vortex	vortex	8	r	.o.te.	11	5	0	0	0	1	0.6364	0.6364	0.0000	r	1
frequency	vortex	vortex	9	d	.orte.	3	5	0	0	0	0	0.3333	0.6667	0.3333	x	0
frequency	vortex	vortex	10	l	.orte.	2	6	0	0	1	0	0.0000	1.0000	1.0000	x	0
frequency	vortex	vortex	11	c	.orte.	2	7	0	0	0	0	0.5000	1.0000	0.5000	x	0
frequency	vortex	vortex	12	u	.orte.	1	8	0	0	1	0	0.0000	1.0000	1.0000	v	0
frequency	vortex	vortex	13	m	.orte.	1	9	0	0	1	0	0.0000	1.0000	1.0000	v	0
frequency	zodiac	zodiac	0	e	......	7028	0	0	0	0	0	0.6477	0.6477	0.0000	e	1
frequency	zodiac	zodiac	1	t	......	2476	1	0	0	0	0	0.3332	0.5230	0.1898	s	0
frequency	zodiac	zodiac	2	a	......	1651	2	0	0	0	1	0.5021	0.5118	0.0097	s	0
frequency	zodiac	zodiac	3	o	....a.	110	2	0	0	0	1	0.4000	0.4636	0.0636	l	0
frequency	zodiac	zodiac	4	i	.o..a.	25	2	0	0	0	1	0.1600	0.4800	0.3200	c	0
frequency	zodiac	zodiac	5	n	.o.ia.	3	2	0	0	1	0	0.0000	0.6667	0.6667	c	0
frequency	zodiac	zodiac	6	s	.o.ia.	3	3	0	0	0	0	0.3333	0.6667	0.3333	c	0
frequency	zodiac	zodiac	7	h	.o.ia.	2	4	0	0	1	0	0.0000	0.5000	0.5000	c	0
frequency	zodiac	zodiac	8	r	.o.ia.	2	5	0	0	1	0	0.0000	0.5000	0.5000	c	0
frequency	zodiac	zodiac	9	d	.o.ia.	2	6	0	0	0	1	0.5000	0.5000	0.0000	c	1
frequency	zodiac	zodiac	10	l	.odia.	1	6	0	0	1	0	0.0000	1.0000	1.0000	c	0
frequency	zodiac	zodiac	11	c	.odia.	1	7	0	0	0	1	1.0000	1.0000	0.0000	c	1
frequency	zodiac	zodiac	12	u	.odiac	1	7	0	0	1	0	0.0000	1.0000	1.0000	z	0
frequency	zodiac	zodiac	13	m	.odiac	1	8	0	0	1	0	0.0000	1.0000	1.0000	z	0
frequency	zodiac	zodiac	14	w	.odiac	1	9	0	0	1	0	0.0000	1.0000	1.0000	z	0
sloppy	apple	apple	0	e	.....	4431	0	0	0	0	1	0.4715	0.4906	0.0192	s	0
sloppy	apple	apple	1	t	....e	402	0	0	0	0	0	0.2040	0.4279	0.2239	a	0
sloppy	apple	apple	2	a	....e	320	1	0	0	0	1	0.4344	0.4344	0.0000	a	1
sloppy	apple	apple	3	o	a...e	28	1	0	0	0	0	0.2857	0.3929	0.1071	l	0
sloppy	apple	apple	4	i	a...e	20	2	0	0	0	0	0.5000	0.5000	0.0000	i	1
sloppy	apple	apple	5	n	a...e	10	3	0	0	0	0	0.2000	0.6000	0.4000	l	0
sloppy	apple	apple	6	s	a...e	8	4	0	0	0	0	0.2500	0.5000	0.2500	l	0
sloppy	apple	apple	7	h	a...e	6	5	0	0	1	0	0.0000	0.6667	0.6667	l	0
sloppy	apple	apple	8	f	a...e	6	6	0	0	1	0	0.0000	0.6667	0.6667	l	0
sloppy	apple	apple	9	x	a...e	6	7	0	0	1	0	0.0000	0.6667	0.6667	l	0
sloppy	apple	apple	10	j	a...e	6	8	0	0	1	0	0.0000	0.6667	0.6667	l	0
sloppy	apple	apple	11	o	a...e	6	9	0	1	0	0	0.0000	0.6667	0.0000	l	0
sloppy	apple	apple	12	r	a...e	6	9	0	0	0	0	0.3333	0.6667	0.3333	l	0
sloppy	happy	happy	0	e	.....	4431	0	0	0	0	0	0.4715	0.4906	0.0192	s	0
sloppy	happy	happy	1	t	.....	2342	1	0	0	0	0	0.2874	0.5401	0.2528	s	0
sloppy	happy	happy	2	a	.....	1669	2	0	0	0	1	0.4284	0.5374	0.1090	s	0
sloppy	happy	happy	3	q	.a...	251	2	0	0	1	0	0.0000	0.5737	0.5737	s	0
sloppy	happy	happy	4	o	.a...	251	3	0	0	0	0	0.1514	0.5737	0.4223	s	0
sloppy	happy	happy	5	i	.a...	213	4	0	0	0	0	0.2582	0.6432	0.3850	s	0
sloppy	happy	happy	6	n	.a...	158	5	0	0	0	0	0.2975	0.6709	0.3734	s	0
sloppy	happy	happy	7	s	.a...	111	6	0	0	0	0	0.6847	0.6847	0.0000	s	1
sloppy	happy	happy	8	h	.a...	35	7	0	0	0	1	0.2286	0.8286	0.6000	y	0
sloppy	happy	happy	9	r	ha...	4	7	0	0	0	0	0.7500	1.0000	0.2500	y	0
sloppy	happy	happy	10	d	ha...	1	8	0	0	1	0	0.0000	1.0000	1.0000	p	0
sloppy	happy	happy	11	l	ha...	1	9	0	0	1	0	0.0000	1.0000	1.0000	p	0
sloppy	banana	banana	0	e	......	7028	0	0	0	0	0	0.6477	0.6477	0.0000	e	1
sloppy	banana	banana	1	t	......	2476	1	0	0	0	0	0.3332	0.5230	0.1898	s	0
sloppy	banana	banana	2	a	......	1651	2	0	0	0	1	0.5021	0.5118	0.0097	s	0
sloppy	banana	banana	3	t	.a.a.a	4	2	0	1	0	0	0.0000	0.5000	0.0000	b	0
sloppy	banana	banana	4	o	.a.a.a	4	2	0	0	1	0	0.0000	0.5000	0.5000	b	0
sloppy	banana	banana	5	i	.a.a.a	4	3	0	0	1	0	0.0000	0.5000	0.5000	b	0
sloppy	banana	banana	6	j	.a.a.a	4	4	0	0	1	0	0.0000	0.5000	0.5000	b	0
sloppy	banana	banana	7	h	.a.a.a	4	5	0	0	1	0	0.0000	0.5000	0.5000	b	0
sloppy	banana	banana	8	n	.a.a.a	4	6	0	0	0	1	0.5000	0.5000	0.0000	b	1
sloppy	banana	banana	9	s	.anana	1	6	0	0	1	0	0.0000	1.0000	1.0000	b	0
sloppy	banana	banana	10	r	.anana	1	7	0	0	1	0	0.0000	1.0000	1.0000	b	0
sloppy	banana	banana	11	d	.anana	1	8	0	0	1	0	0.0000	1.0000	1.0000	b	0
sloppy	banana	banana	12	l	.anana	1	9	0	0	1	0	0.0000	1.0000	1.0000	b	0
sloppy	letter	letter	0	e	......	7028	0	0	0	0	1	0.6477	0.6477	0.0000	e	1
sloppy	letter	letter	1	t	.e..e.	304	0	0	0	0	1	0.2500	0.5592	0.3092	d	0
sloppy	letter	letter	2	a	.ette.	9	0	0	0	1	0	0.0000	0.5556	0.5556	r	0
sloppy	letter	letter	3	t	.ette.	9	1	0	1	0	0	0.0000	0.5556	0.0000	r	0
sloppy	letter	letter	4	o	.ette.	9	1	0	0	1	0	0.0000	0.5556	0.5556	r	0
sloppy	letter	letter	5	i	.ette.	9	2	0	0	1	0	0.0000	0.5556	0.5556	r	0
sloppy	letter	letter	6	i	.ette.	9	3	0	1	0	0	0.0000	0.5556	0.0000	r	0
sloppy	letter	letter	7	n	.ette.	9	3	0	0	0	0	0.1111	0.5556	0.4444	r	0
sloppy	letter	letter	8	s	.ette.	8	4	0	0	0	0	0.1250	0.6250	0.5000	r	0
sloppy	letter	letter	9	h	.ette.	7	5	0	0	1	0	0.0000	0.5714	0.5714	r	0
sloppy	letter	letter	10	c	.ette.	7	6	0	0	1	0	0.0000	0.5714	0.5714	r	0
sloppy	letter	letter	11	r	.ette.	7	7	0	0	0	1	0.5714	0.5714	0.0000	r	1
sloppy	letter	letter	12	j	.etter	4	7	0	0	1	0	0.0000	0.2500	0.2500	b	0
sloppy	letter	letter	13	d	.etter	4	8	0	0	1	0	0.0000	0.2500	0.2500	b	0
sloppy	letter	letter	14	l	.etter	4	9	0	0	0	1	0.2500	0.2500	0.0000	b	1
sloppy	summer	summer	0	e	......	7028	0	0	0	0	1	0.6477	0.6477	0.0000	e	1
sloppy	summer	summer	1	t	....e.	2005	0	0	0	0	0	0.2449	0.4963	0.2514	d	0
sloppy	summer	summer	2	a	....e.	1514	1	0	0	0	0	0.3818	0.5390	0.1572	d	0
sloppy	summer	summer	3	o	....e.	936	2	0	0	0	0	0.4209	0.5342	0.1132	d	0
sloppy	summer	summer	4	i	....e.	542	3	0	0	0	0	0.5830	0.5830	0.0000	i	1
sloppy	summer	summer	5	i	....e.	226	4	0	1	0	0	0.0000	0.9558	0.0000	u	0
sloppy	summer	summer	6	a	....e.	226	4	0	1	0	0	0.0000	0.9558	0.0000	u	0
sloppy	summer	summer	7	n	....e.	226	4	0	0	0	0	0.2124	0.9558	0.7434	u	0
sloppy	summer	summer	8	s	....e.	178	5	0	0	0	1	0.4213	0.9663	0.5449	u	0
sloppy	summer	summer	9	h	s...e.	16	5	0	0	0	0	0.0625	0.9375	0.8750	u	0
sloppy	summer	summer	10	r	s...e.	15	6	0	0	0	1	0.6000	1.0000	0.4000	u	0
sloppy	summer	summer	11	d	s...er	4	6	0	0	1	0	0.0000	1.0000	1.0000	u	0
sloppy	summer	summer	12	l	s...er	4	7	0	0	1	0	0.0000	1.0000	1.0000	u	0
sloppy	summer	summer	13	c	s...er	4	8	0	0	0	0	0.2500	1.0000	0.7500	u	0
sloppy	summer	summer	14	u	s...er	3	9	0	0	0	1	1.0000	1.0000	0.0000	u	1
sloppy	summer	summer	15	m	su..er	3	9	0	0	0	1	0.3333	0.3333	0.0000	f	1
sloppy	yellow	yellow	0	e	......	7028	0	0	0	0	1	0.6477	0.6477	0.0000	e	1
sloppy	yellow	yellow	1	t	.e....	399	0	0	0	0	0	0.3609	0.4712	0.1103	r	0
sloppy	yellow	yellow	2	a	.e....	255	1	0	0	0	0	0.4235	0.4980	0.0745	r	0
sloppy	yellow	yellow	3	o	.e....	147	2	0	0	0	1	0.4694	0.4966	0.0272	r	0
sloppy	yellow	yellow	4	z	.e..o.	26	2	0	0	1	0	0.0000	0.5385	0.5385	n	0
sloppy	yellow	yellow	5	o	.e..o.	26	3	0	1	0	0	0.0000	0.5385	0.0000	n	0
sloppy	yellow	yellow	6	i	.e..o.	26	3	0	0	0	0	0.1923	0.5385	0.3462	n	0
sloppy	yellow	yellow	7	n	.e..o.	21	4	0	0	0	0	0.4762	0.5238	0.0476	s	0
sloppy	yellow	yellow	8	s	.e..o.	11	5	0	0	0	0	0.5455	0.8182	0.2727	l	0
sloppy	yellow	yellow	9	h	.e..o.	5	6	0	0	1	0	0.0000	1.0000	1.0000	l	0
sloppy	yellow	yellow	10	g	.e..o.	5	7	0	0	1	0	0.0000	1.0000	1.0000	l	0
sloppy	yellow	yellow	11	r	.e..o.	5	8	0	0	1	0	0.0000	1.0000	1.0000	l	0
sloppy	yellow	yellow	12	d	.e..o.	5	9	0	0	0	0	0.2000	1.0000	0.8000	l	0
sloppy	people	people	0	e	......	7028	0	0	0	0	1	0.6477	0.6477	0.0000	e	1
sloppy	people	people	1	t	.e...e	121	0	0	0	0	0	0.2893	0.4298	0.1405	r	0
sloppy	people	people	2	t	.e...e	86	1	0	1	0	0	0.0000	0.4535	0.0000	r	0
sloppy	people	people	3	a	.e...e	86	1	0	0	0	0	0.2674	0.4535	0.1860	r	0
sloppy	people	people	4	t	.e...e	63	2	0	1	0	0	0.0000	0.4603	0.0000	r	0
sloppy	people	people	5	o	.e...e	63	2	0	0	0	1	0.1905	0.4603	0.2698	r	0
sloppy	people	people	6	i	.eo..e	1	2	0	0	1	0	0.0000	1.0000	1.0000	l	0
sloppy	people	people	7	n	.eo..e	1	3	0	0	1	0	0.0000	1.0000	1.0000	l	0
sloppy	people	people	8	s	.eo..e	1	4	0	0	1	0	0.0000	1.0000	1.0000	l	0
sloppy	people	people	9	s	.eo..e	1	5	0	1	0	0	0.0000	1.0000	0.0000	l	0
sloppy	people	people	10	h	.eo..e	1	5	0	0	1	0	0.0000	1.0000	1.0000	l	0
sloppy	people	people	11	r	.eo..e	1	6	0	0	1	0	0.0000	1.0000	1.0000	l	0
sloppy	people	people	12	d	.eo..e	1	7	0	0	1	0	0.0000	1.0000	1.0000	l	0
sloppy	people	people	13	q	.eo..e	1	8	0	0	1	0	0.0000	1.0000	1.0000	l	0
sloppy	people	people	14	l	.eo..e	1	9	0	0	0	1	1.0000	1.0000	0.0000	l	1
sloppy	people	people	15	j	.eo.le	1	9	0	0	1	0	0.0000	1.0000	1.0000	p	0
sloppy	school	school	0	e	......	7028	0	0	0	0	0	0.6477	0.6477	0.0000	e	1
sloppy	school	school	1	t	......	2476	1	0	0	0	0	0.3332	0.5230	0.1898	s	0
sloppy	school	school	2	e	......	1651	2	0	1	0	0	0.0000	0.5118	0.0000	s	0
sloppy	school	school	3	a	......	1651	2	0	0	0	0	0.5021	0.5118	0.0097	s	0
sloppy	school	school	4	o	......	822	3	0	0	0	1	0.5292	0.5633	0.0341	i	0
sloppy	school	school	5	i	...oo.	4	3	0	0	0	0	0.5000	0.5000	0.0000	h	1
sloppy	school	school	6	n	...oo.	2	4	0	0	0	0	0.5000	1.0000	0.5000	h	0
sloppy	school	school	7	s	...oo.	1	5	0	0	0	1	1.0000	1.0000	0.0000	c	1
sloppy	school	school	8	t	s..oo.	1	5	0	1	0	0	0.0000	1.0000	0.0000	c	0
sloppy	school	school	9	h	s..oo.	1	5	0	0	0	1	1.0000	1.0000	0.0000	c	1
sloppy	school	school	10	r	s.hoo.	1	5	0	0	1	0	0.0000	1.0000	1.0000	c	0
sloppy	school	school	11	d	s.hoo.	1	6	0	0	1	0	0.0000	1.0000	1.0000	c	0
sloppy	school	school	12	a	s.hoo.	1	7	0	1	0	0	0.0000	1.0000	0.0000	c	0
sloppy	school	school	13	w	s.hoo.	1	7	0	0	1	0	0.0000	1.0000	1.0000	c	0
sloppy	school	school	14	x	s.hoo.	1	8	0	0	1	0	0.0000	1.0000	1.0000	c	0
sloppy	school	school	15	t	s.hoo.	1	9	0	1	0	0	0.0000	1.0000	0.0000	c	0
sloppy	school	school	16	d	s.hoo.	1	9	0	1	0	0	0.0000	1.0000	0.0000	c	0
sloppy	school	school	17	l	s.hoo.	1	9	0	0	0	1	1.0000	1.0000	0.0000	c	1
sloppy	school	school	18	c	s.hool	1	9	0	0	0	1	1.0000	1.0000	0.0000	c	1
sloppy	earth	earth	0	e	.....	4431	0	0	0	0	1	0.4715	0.4906	0.0192	s	0
sloppy	earth	earth	1	t	e....	46	0	0	0	0	1	0.4130	0.4130	0.0000	t	1
sloppy	earth	earth	2	a	e..t.	5	0	0	0	0	1	0.2000	0.6000	0.4000	i	0
sloppy	earth	earth	3	o	ea.t.	1	0	0	0	1	0	0.0000	1.0000	1.0000	h	0
sloppy	earth	earth	4	i	ea.t.	1	1	0	0	1	0	0.0000	1.0000	1.0000	h	0
sloppy	earth	earth	5	q	ea.t.	1	2	0	0	1	0	0.0000	1.0000	1.0000	h	0
sloppy	earth	earth	6	n	ea.t.	1	3	0	0	1	0	0.0000	1.0000	1.0000	h	0
sloppy	earth	earth	7	t	ea.t.	1	4	0	1	0	0	0.0000	1.0000	0.0000	h	0
sloppy	earth	earth	8	s	ea.t.	1	4	0	0	1	0	0.0000	1.0000	1.0000	h	0
sloppy	earth	earth	9	q	ea.t.	1	5	0	1	0	0	0.0000	1.0000	0.0000	h	0
sloppy	earth	earth	10	h	ea.t.	1	5	0	0	0	1	1.0000	1.0000	0.0000	h	1
sloppy	earth	earth	11	r	ea.th	1	5	0	0	0	1	1.0000	1.0000	0.0000	r	1
sloppy	coffee	coffee	0	e	......	7028	0	0	0	0	1	0.6477	0.6477	0.0000	e	1
sloppy	coffee	coffee	1	z	....ee	7	0	0	0	1	0	0.0000	0.8571	0.8571	o	0
sloppy	coffee	coffee	2	t	....ee	7	1	0	0	0	0	0.5714	0.8571	0.2857	o	0
sloppy	coffee	coffee	3	n	....ee	3	2	0	0	1	0	0.0000	0.6667	0.6667	o	0
sloppy	coffee	coffee	4	h	....ee	3	3	0	0	1	0	0.0000	0.6667	0.6667	o	0
sloppy	coffee	coffee	5	a	....ee	3	4	0	0	0	0	0.3333	0.6667	0.3333	o	0
sloppy	coffee	coffee	6	o	....ee	2	5	0	0	0	1	0.5000	0.5000	0.0000	c	1
sloppy	coffee	coffee	7	b	.o..ee	1	5	0	0	1	0	0.0000	1.0000	1.0000	c	0
sloppy	coffee	coffee	8	i	.o..ee	1	6	0	0	1	0	0.0000	1.0000	1.0000	c	0
sloppy	coffee	coffee	9	s	.o..ee	1	7	0	0	1	0	0.0000	1.0000	1.0000	c	0
sloppy	coffee	coffee	10	r	.o..ee	1	8	0	0	1	0	0.0000	1.0000	1.0000	c	0
sloppy	coffee	coffee	11	d	.o..ee	1	9	0	0	1	0	0.0000	1.0000	1.0000	c	0
sloppy	cookie	cookie	0	e	......	7028	0	0	0	0	1	0.6477	0.6477	0.0000	e	1
sloppy	cookie	cookie	1	t	.....e	528	0	0	0	0	0	0.2652	0.4830	0.2178	l	0
sloppy	cookie	cookie	2	a	.....e	388	1	0	0	0	0	0.4046	0.5284	0.1237	l	0
sloppy	cookie	cookie	3	t	.....e	231	2	0	1	0	0	0.0000	0.5368	0.0000	i	0
sloppy	cookie	cookie	4	o	.....e	231	2	0	0	0	1	0.3983	0.5368	0.1385	i	0
sloppy	cookie	cookie	5	i	.oo..e	12	2	0	0	0	1	0.5833	0.5833	0.0000	i	1
sloppy	cookie	cookie	6	n	.oo.ie	7	2	0	0	0	0	0.1429	0.4286	0.2857	k	0
sloppy	cookie	cookie	7	s	.oo.ie	6	3	0	0	1	0	0.0000	0.5000	0.5000	k	0
sloppy	cookie	cookie	8	h	.oo.ie	6	4	0	0	0	0	0.1667	0.5000	0.3333	k	0
sloppy	cookie	cookie	9	r	.oo.ie	5	5	0	0	0	0	0.2000	0.6000	0.4000	k	0
sloppy	cookie	cookie	10	d	.oo.ie	4	6	0	0	1	0	0.0000	0.5000	0.5000	b	0
sloppy	cookie	cookie	11	p	.oo.ie	4	7	0	0	1	0	0.0000	0.5000	0.5000	b	0
sloppy	cookie	cookie	12	l	.oo.ie	4	8	0	0	0	0	0.2500	0.5000	0.2500	b	0
sloppy	cookie	cookie	13	y	.oo.ie	3	9	0	0	1	0	0.0000	0.6667	0.6667	b	0
sloppy	paper	paper	0	e	.....	4431	0	0	0	0	1	0.4715	0.4906	0.0192	s	0
sloppy	paper	paper	1	e	...e.	846	0	0	1	0	0	0.0000	0.4409	0.0000	s	0
sloppy	paper	paper	2	t	...e.	846	0	0	0	0	0	0.1749	0.4409	0.2660	s	0
sloppy	paper	paper	3	a	...e.	698	1	0	0	0	1	0.3424	0.4484	0.1060	s	0
sloppy	paper	paper	4	t	.a.e.	201	1	0	1	0	0	0.0000	0.4677	0.0000	s	0
sloppy	paper	paper	5	o	.a.e.	201	1	0	0	0	0	0.0199	0.4677	0.4478	s	0
sloppy	paper	paper	6	i	.a.e.	197	2	0	0	1	0	0.0000	0.4721	0.4721	s	0
sloppy	paper	paper	7	u	.a.e.	197	3	0	0	1	0	0.0000	0.4721	0.4721	s	0
sloppy	paper	paper	8	a	.a.e.	197	4	0	1	0	0	0.0000	0.4721	0.0000	s	0
sloppy	paper	paper	9	n	.a.e.	197	4	0	0	0	0	0.1168	0.4721	0.3553	s	0
sloppy	paper	paper	10	s	.a.e.	174	5	0	0	0	0	0.4713	0.4713	0.0000	s	1
sloppy	paper	paper	11	h	.a.e.	92	6	0	0	0	0	0.0870	0.6413	0.5543	d	0
sloppy	paper	paper	12	r	.a.e.	84	7	0	0	0	1	0.4286	0.6429	0.2143	d	0
sloppy	paper	paper	13	d	.a.er	19	7	0	0	0	0	0.0526	0.3158	0.2632	g	0
sloppy	paper	paper	14	l	.a.er	18	8	0	0	0	0	0.2778	0.3333	0.0556	g	0
sloppy	paper	paper	15	c	.a.er	13	9	0	0	0	0	0.0769	0.3846	0.3077	g	0
sloppy	puppy	puppy	0	e	.....	4431	0	0	0	0	0	0.4715	0.4906	0.0192	s	0
sloppy	puppy	puppy	1	e	.....	2342	1	0	1	0	0	0.0000	0.5401	0.0000	s	0
sloppy	puppy	puppy	2	t	.....	2342	1	0	0	0	0	0.2874	0.5401	0.2528	s	0
sloppy	puppy	puppy	3	a	.....	1669	2	0	0	0	0	0.4284	0.5374	0.1090	s	0
sloppy	puppy	puppy	4	o	.....	954	3	0	0	0	0	0.4623	0.5692	0.1069	s	0
sloppy	puppy	puppy	5	i	.....	513	4	0	0	0	0	0.5458	0.5809	0.0351	s	0
sloppy	puppy	puppy	6	n	.....	233	5	0	0	0	0	0.2103	0.9356	0.7253	u	0
sloppy	puppy	puppy	7	s	.....	184	6	0	0	0	0	0.6467	0.9402	0.2935	u	0
sloppy	puppy	puppy	8	h	.....	65	7	0	0	0	0	0.2000	0.9077	0.7077	u	0
sloppy	puppy	puppy	9	x	.....	52	8	0	0	1	0	0.0000	0.9423	0.9423	u	0
sloppy	puppy	puppy	10	r	.....	52	9	0	0	0	0	0.2692	0.9423	0.6731	u	0
sloppy	kitten	kitten	0	e	......	7028	0	0	0	0	1	0.6477	0.6477	0.0000	e	1
sloppy	kitten	kitten	1	e	....e.	2005	0	0	1	0	0	0.0000	0.4963	0.0000	d	0
sloppy	kitten	kitten	2	t	....e.	2005	0	0	0	0	1	0.2449	0.4963	0.2514	d	0
sloppy	kitten	kitten	3	z	..tte.	47	0	0	0	1	0	0.0000	0.4894	0.4894	r	0
sloppy	kitten	kitten	4	a	..tte.	47	1	0	0	0	0	0.3404	0.4894	0.1489	r	0
sloppy	kitten	kitten	5	o	..tte.	31	2	0	0	0	0	0.2903	0.5161	0.2258	r	0
sloppy	kitten	kitten	6	i	..tte.	22	3	0	0	0	1	0.4545	0.5455	0.0909	u	0
sloppy	kitten	kitten	7	n	.itte.	10	3	0	0	0	1	0.3000	0.5000	0.2000	r	0
sloppy	kitten	kitten	8	s	.itten	3	3	0	0	1	0	0.0000	0.3333	0.3333	b	0
sloppy	kitten	kitten	9	h	.itten	3	4	0	0	1	0	0.0000	0.3333	0.3333	b	0
sloppy	kitten	kitten	10	n	.itten	3	5	0	1	0	0	0.0000	0.3333	0.0000	b	0
sloppy	kitten	kitten	11	r	.itten	3	5	0	0	1	0	0.0000	0.3333	0.3333	b	0
sloppy	kitten	kitten	12	d	.itten	3	6	0	0	1	0	0.0000	0.3333	0.3333	b	0
sloppy	kitten	kitten	13	x	.itten	3	7	0	0	1	0	0.0000	0.3333	0.3333	b	0
sloppy	kitten	kitten	14	l	.itten	3	8	0	0	1	0	0.0000	0.3333	0.3333	b	0
sloppy	kitten	kitten	15	c	.itten	3	9	0	0	1	0	0.0000	0.3333	0.3333	b	0
sloppy	butter	butter	0	e	......	7028	0	0	0	0	1	0.6477	0.6477	0.0000	e	1
sloppy	butter	butter	1	e	....e.	2005	0	0	1	0	0	0.0000	0.4963	0.0000	d	0
sloppy	butter	butter	2	t	....e.	2005	0	0	0	0	1	0.2449	0.4963	0.2514	d	0
sloppy	butter	butter	3	a	..tte.	47	0	0	0	0	0	0.3404	0.4894	0.1489	r	0
sloppy	butter	butter	4	e	..tte.	31	1	0	1	0	0	0.0000	0.5161	0.0000	r	0
sloppy	butter	butter	5	o	..tte.	31	1	0	0	0	0	0.2903	0.5161	0.2258	r	0
sloppy	butter	butter	6	i	..tte.	22	2	0	0	0	0	0.4545	0.5455	0.0909	u	0
sloppy	butter	butter	7	n	..tte.	12	3	0	0	0	0	0.0833	1.0000	0.9167	u	0
sloppy	butter	butter	8	s	..tte.	11	4	0	0	0	0	0.0909	1.0000	0.9091	u	0
sloppy	butter	butter	9	h	..tte.	10	5	0	0	1	0	0.0000	1.0000	1.0000	u	0
sloppy	butter	butter	10	z	..tte.	10	6	0	0	1	0	0.0000	1.0000	1.0000	u	0
sloppy	butter	butter	11	f	..tte.	10	7	0	0	1	0	0.0000	1.0000	1.0000	u	0
sloppy	butter	butter	12	r	..tte.	10	8	0	0	0	1	0.6000	1.0000	0.4000	u	0
sloppy	butter	butter	13	d	..tter	5	8	0	0	1	0	0.0000	1.0000	1.0000	u	0
sloppy	butter	butter	14	l	..tter	5	9	0	0	1	0	0.0000	1.0000	1.0000	u	0
sloppy	pizza	pizza	0	e	.....	4431	0	0	0	0	0	0.4715	0.4906	0.0192	s	0
sloppy	pizza	pizza	1	t	.....	2342	1	0	0	0	0	0.2874	0.5401	0.2528	s	0
sloppy	pizza	pizza	2	a	.....	1669	2	0	0	0	1	0.4284	0.5374	0.1090	s	0
sloppy	pizza	pizza	3	x	....a	32	2	0	0	1	0	0.0000	0.4062	0.4062	o	0
sloppy	pizza	pizza	4	o	....a	32	3	0	0	0	0	0.4062	0.4062	0.0000	o	1
sloppy	pizza	pizza	5	i	....a	19	4	0	0	0	1	0.4737	0.4737	0.0000	i	1
sloppy	pizza	pizza	6	n	.i..a	7	4	0	0	0	0	0.4286	0.4286	0.0000	n	1
sloppy	pizza	pizza	7	w	.i..a	4	5	0	0	1	0	0.0000	0.2500	0.2500	c	0
sloppy	pizza	pizza	8	s	.i..a	4	6	0	0	0	0	0.2500	0.2500	0.0000	c	1
sloppy	pizza	pizza	9	h	.i..a	3	7	0	0	1	0	0.0000	0.3333	0.3333	c	0
sloppy	pizza	pizza	10	u	.i..a	3	8	0	0	1	0	0.0000	0.3333	0.3333	c	0
sloppy	pizza	pizza	11	g	.i..a	3	9	0	0	1	0	0.0000	0.3333	0.3333	c	0
sloppy	puzzle	puzzle	0	e	......	7028	0	0	0	0	1	0.6477	0.6477	0.0000	e	1
sloppy	puzzle	puzzle	1	t	.....e	528	0	0	0	0	0	0.2652	0.4830	0.2178	l	0
sloppy	puzzle	puzzle	2	a	.....e	388	1	0	0	0	0	0.4046	0.5284	0.1237	l	0
sloppy	puzzle	puzzle	3	o	.....e	231	2	0	0	0	0	0.3983	0.5368	0.1385	i	0
sloppy	puzzle	puzzle	4	x	.....e	139	3	0	0	1	0	0.0000	0.6619	0.6619	i	0
sloppy	puzzle	puzzle	5	i	.....e	139	4	0	0	0	0	0.6619	0.6619	0.0000	i	1
sloppy	puzzle	puzzle	6	q	.....e	47	5	0	0	1	0	0.0000	0.9787	0.9787	u	0
sloppy	puzzle	puzzle	7	n	.....e	47	6	0	0	0	0	0.1489	0.9787	0.8298	u	0
sloppy	puzzle	puzzle	8	s	.....e	40	7	0	0	0	0	0.2250	0.9750	0.7500	u	0
sloppy	puzzle	puzzle	9	h	.....e	31	8	0	0	0	0	0.0968	1.0000	0.9032	u	0
sloppy	puzzle	puzzle	10	r	.....e	28	9	0	0	0	0	0.3929	1.0000	0.6071	u	0
sloppy	steam	steam	0	e	.....	4431	0	0	0	0	1	0.4715	0.4906	0.0192	s	0
sloppy	steam	steam	1	t	..e..	176	0	0	0	0	1	0.3409	0.5739	0.2330	s	0
sloppy	steam	steam	2	a	.te..	11	0	0	0	0	1	0.3636	0.9091	0.5455	s	0
sloppy	steam	steam	3	o	.tea.	4	0	0	0	1	0	0.0000	1.0000	1.0000	s	0
sloppy	steam	steam	4	i	.tea.	4	1	0	0	1	0	0.0000	1.0000	1.0000	s	0
sloppy	steam	steam	5	n	.tea.	4	2	0	0	1	0	0.0000	1.0000	1.0000	s	0
sloppy	steam	steam	6	s	.tea.	4	3	0	0	0	1	1.0000	1.0000	0.0000	s	1
sloppy	steam	steam	7	h	stea.	4	3	0	0	1	0	0.0000	0.2500	0.2500	d	0
sloppy	steam	steam	8	r	stea.	4	4	0	0	1	0	0.0000	0.2500	0.2500	d	0
sloppy	steam	steam	9	q	stea.	4	5	0	0	1	0	0.0000	0.2500	0.2500	d	0
sloppy	steam	steam	10	u	stea.	4	6	0	0	1	0	0.0000	0.2500	0.2500	d	0
sloppy	steam	steam	11	e	stea.	4	7	0	1	0	0	0.0000	0.2500	0.0000	d	0
sloppy	steam	steam	12	d	stea.	4	7	0	0	0	0	0.2500	0.2500	0.0000	d	1
sloppy	steam	steam	13	l	stea.	3	8	0	0	0	0	0.3333	0.3333	0.0000	k	1
sloppy	steam	steam	14	h	stea.	2	9	0	1	0	0	0.0000	0.5000	0.0000	k	0
sloppy	steam	steam	15	c	stea.	2	9	0	0	1	0	0.0000	0.5000	0.5000	k	0
sloppy	butterfly	butterfly	0	e	.........	8995	0	0	0	0	1	0.7360	0.7360	0.0000	e	1
sloppy	butterfly	butterfly	1	t	....e....	367	0	0	0	0	1	0.4850	0.7112	0.2262	i	0
sloppy	butterfly	butterfly	2	a	..tte....	16	0	0	0	0	0	0.3125	0.8750	0.5625	i	0
sloppy	butterfly	butterfly	3	o	..tte....	11	1	0	0	0	0	0.0909	0.9091	0.8182	r	0
sloppy	butterfly	butterfly	4	i	..tte....	10	2	0	0	0	0	0.8000	0.9000	0.1000	r	0
sloppy	butterfly	butterfly	5	e	..tte....	2	3	0	1	0	0	0.0000	1.0000	0.0000	b	0
sloppy	butterfly	butterfly	6	o	..tte....	2	3	0	1	0	0	0.0000	1.0000	0.0000	b	0
sloppy	butterfly	butterfly	7	o	..tte....	2	3	0	1	0	0	0.0000	1.0000	0.0000	b	0
sloppy	butterfly	butterfly	8	n	..tte....	2	3	0	0	1	0	0.0000	1.0000	1.0000	b	0
sloppy	butterfly	butterfly	9	s	..tte....	2	4	0	0	1	0	0.0000	1.0000	1.0000	b	0
sloppy	butterfly	butterfly	10	h	..tte....	2	5	0	0	1	0	0.0000	1.0000	1.0000	b	0
sloppy	butterfly	butterfly	11	q	..tte....	2	6	0	0	1	0	0.0000	1.0000	1.0000	b	0
sloppy	butterfly	butterfly	12	r	..tte....	2	7	0	0	0	1	1.0000	1.0000	0.0000	b	1
sloppy	butterfly	butterfly	13	v	..tter...	2	7	0	0	1	0	0.0000	1.0000	1.0000	b	0
sloppy	butterfly	butterfly	14	t	..tter...	2	8	0	1	0	0	0.0000	1.0000	0.0000	b	0
sloppy	butterfly	butterfly	15	d	..tter...	2	8	0	0	1	0	0.0000	1.0000	1.0000	b	0
sloppy	butterfly	butterfly	16	x	..tter...	2	9	0	0	1	0	0.0000	1.0000	1.0000	b	0
sloppy	strawberry	strawberry	0	e	..........	7205	0	0	0	0	1	0.7602	0.7602	0.0000	e	1
sloppy	strawberry	strawberry	1	t	......e...	113	0	0	0	0	1	0.6106	0.7434	0.1327	s	0
sloppy	strawberry	strawberry	2	e	.t....e...	3	0	0	1	0	0	0.0000	1.0000	0.0000	r	0
sloppy	strawberry	strawberry	3	a	.t....e...	3	0	0	0	0	1	0.6667	1.0000	0.3333	r	0
sloppy	strawberry	strawberry	4	o	.t.a..e...	1	0	0	0	1	0	0.0000	1.0000	1.0000	b	0
sloppy	strawberry	strawberry	5	i	.t.a..e...	1	1	0	0	1	0	0.0000	1.0000	1.0000	b	0
sloppy	strawberry	strawberry	6	i	.t.a..e...	1	2	0	1	0	0	0.0000	1.0000	0.0000	b	0
sloppy	strawberry	strawberry	7	n	.t.a..e...	1	2	0	0	1	0	0.0000	1.0000	1.0000	b	0
sloppy	strawberry	strawberry	8	q	.t.a..e...	1	3	0	0	1	0	0.0000	1.0000	1.0000	b	0
sloppy	strawberry	strawberry	9	s	.t.a..e...	1	4	0	0	0	1	1.0000	1.0000	0.0000	b	1
sloppy	strawberry	strawberry	10	h	st.a..e...	1	4	0	0	1	0	0.0000	1.0000	1.0000	b	0
sloppy	strawberry	strawberry	11	k	st.a..e...	1	5	0	0	1	0	0.0000	1.0000	1.0000	b	0
sloppy	strawberry	strawberry	12	v	st.a..e...	1	6	0	0	1	0	0.0000	1.0000	1.0000	b	0
sloppy	strawberry	strawberry	13	r	st.a..e...	1	7	0	0	0	1	1.0000	1.0000	0.0000	b	1
sloppy	strawberry	strawberry	14	t	stra..err.	1	7	0	1	0	0	0.0000	1.0000	0.0000	b	0
sloppy	strawberry	strawberry	15	d	stra..err.	1	7	0	0	1	0	0.0000	1.0000	1.0000	b	0
sloppy	strawberry	strawberry	16	l	stra..err.	1	8	0	0	1	0	0.0000	1.0000	1.0000	b	0
sloppy	strawberry	strawberry	17	c	stra..err.	1	9	0	0	1	0	0.0000	1.0000	1.0000	b	0
sloppy	garden	garden	0	e	......	7028	0	0	0	0	1	0.6477	0.6477	0.0000	e	1
sloppy	garden	garden	1	t	....e.	2005	0	0	0	0	0	0.2449	0.4963	0.2514	d	0
sloppy	garden	garden	2	a	....e.	1514	1	0	0	0	1	0.3818	0.5390	0.1572	d	0
sloppy	garden	garden	3	o	.a..e.	363	1	0	0	0	0	0.0110	0.5895	0.5785	d	0
sloppy	garden	garden	4	i	.a..e.	359	2	0	0	0	0	0.1504	0.5877	0.4373	d	0
sloppy	garden	garden	5	n	.a..e.	305	3	0	0	0	1	0.2295	0.6098	0.3803	d	0
sloppy	garden	garden	6	i	.a..en	13	3	0	1	0	0	0.0000	0.6154	0.0000	d	0
sloppy	garden	garden	7	s	.a..en	13	3	0	0	0	0	0.0769	0.6154	0.5385	d	0
sloppy	garden	garden	8	h	.a..en	12	4	0	0	0	0	0.1667	0.5833	0.4167	d	0
sloppy	garden	garden	9	v	.a..en	10	5	0	0	1	0	0.0000	0.6000	0.6000	d	0
sloppy	garden	garden	10	o	.a..en	10	6	0	1	0	0	0.0000	0.6000	0.0000	d	0
sloppy	garden	garden	11	j	.a..en	10	6	0	0	1	0	0.0000	0.6000	0.6000	d	0
sloppy	garden	garden	12	r	.a..en	10	7	0	0	0	1	0.5000	0.6000	0.1000	d	0
sloppy	garden	garden	13	d	.ar.en	3	7	0	0	0	1	1.0000	1.0000	0.0000	d	1
sloppy	garden	garden	14	x	.arden	2	7	0	0	1	0	0.0000	0.5000	0.5000	g	0
sloppy	garden	garden	15	l	.arden	2	8	0	0	1	0	0.0000	0.5000	0.5000	g	0
sloppy	garden	garden	16	c	.arden	2	9	0	0	1	0	0.0000	0.5000	0.5000	g	0
sloppy	market	market	0	e	......	7028	0	0	0	0	1	0.6477	0.6477	0.0000	e	1
sloppy	market	market	1	e	....e.	2005	0	0	1	0	0	0.0000	0.4963	0.0000	d	0
sloppy	market	market	2	e	....e.	2005	0	0	1	0	0	0.0000	0.4963	0.0000	d	0
sloppy	market	market	3	t	....e.	2005	0	0	0	0	1	0.2449	0.4963	0.2514	d	0
sloppy	market	market	4	x	....et	85	0	0	0	1	0	0.0000	0.3765	0.3765	l	0
sloppy	market	market	5	e	....et	85	1	0	1	0	0	0.0000	0.3765	0.0000	l	0
sloppy	market	market	6	z	....et	85	1	0	0	1	0	0.0000	0.3765	0.3765	l	0
sloppy	market	market	7	q	....et	85	2	0	0	1	0	0.0000	0.3765	0.3765	l	0
sloppy	market	market	8	a	....et	85	3	0	0	0	1	0.3529	0.3765	0.0235	l	0
sloppy	market	market	9	o	.a..et	24	3	0	0	1	0	0.0000	0.4167	0.4167	c	0
sloppy	market	market	10	i	.a..et	24	4	0	0	1	0	0.0000	0.4167	0.4167	c	0
sloppy	market	market	11	t	.a..et	24	5	0	1	0	0	0.0000	0.4167	0.0000	c	0
sloppy	market	market	12	n	.a..et	24	5	0	0	0	0	0.1667	0.4167	0.2500	c	0
sloppy	market	market	13	s	.a..et	20	6	0	0	0	0	0.2000	0.4500	0.2500	c	0
sloppy	market	market	14	y	.a..et	16	7	0	0	1	0	0.0000	0.4375	0.4375	c	0
sloppy	market	market	15	h	.a..et	16	8	0	0	0	0	0.1250	0.4375	0.3125	c	0
sloppy	market	market	16	r	.a..et	14	9	0	0	0	1	0.3571	0.4286	0.0714	c	0
sloppy	market	market	17	d	.ar.et	3	9	0	0	1	0	0.0000	0.3333	0.3333	c	0
sloppy	pocket	pocket	0	e	......	7028	0	0	0	0	1	0.6477	0.6477	0.0000	e	1
sloppy	pocket	pocket	1	t	....e.	2005	0	0	0	0	1	0.2449	0.4963	0.2514	d	0
sloppy	pocket	pocket	2	x	....et	85	0	0	0	1	0	0.0000	0.3765	0.3765	l	0
sloppy	pocket	pocket	3	a	....et	85	1	0	0	0	0	0.3529	0.3765	0.0235	l	0
sloppy	pocket	pocket	4	z	....et	55	2	0	0	1	0	0.0000	0.3636	0.3636	i	0
sloppy	pocket	pocket	5	o	....et	55	3	0	0	0	1	0.3273	0.3636	0.0364	i	0
sloppy	pocket	pocket	6	i	.o..et	15	3	0	0	0	0	0.0667	0.4667	0.4000	c	0
sloppy	pocket	pocket	7	n	.o..et	14	4	0	0	0	0	0.2857	0.5000	0.2143	c	0
sloppy	pocket	pocket	8	s	.o..et	10	5	0	0	0	0	0.3000	0.6000	0.3000	c	0
sloppy	pocket	pocket	9	h	.o..et	7	6	0	0	1	0	0.0000	0.5714	0.5714	c	0
sloppy	pocket	pocket	10	r	.o..et	7	7	0	0	0	0	0.2857	0.5714	0.2857	c	0
sloppy	pocket	pocket	11	d	.o..et	5	8	0	0	0	0	0.2000	0.6000	0.4000	c	0
sloppy	pocket	pocket	12	l	.o..et	4	9	0	0	0	0	0.5000	0.5000	0.0000	c	1
sloppy	rocket	rocket	0	e	......	7028	0	0	0	0	1	0.6477	0.6477	0.0000	e	1
sloppy	rocket	rocket	1	t	....e.	2005	0	0	0	0	1	0.2449	0.4963	0.2514	d	0
sloppy	rocket	rocket	2	a	....et	85	0	0	0	0	0	0.3529	0.3765	0.0235	l	0
sloppy	rocket	rocket	3	o	....et	55	1	0	0	0	1	0.3273	0.3636	0.0364	i	0
sloppy	rocket	rocket	4	i	.o..et	15	1	0	0	0	0	0.0667	0.4667	0.4000	c	0
sloppy	rocket	rocket	5	n	.o..et	14	2	0	0	0	0	0.2857	0.5000	0.2143	c	0
sloppy	rocket	rocket	6	s	.o..et	10	3	0	0	0	0	0.3000	0.6000	0.3000	c	0
sloppy	rocket	rocket	7	h	.o..et	7	4	0	0	1	0	0.0000	0.5714	0.5714	c	0
sloppy	rocket	rocket	8	a	.o..et	7	5	0	1	0	0	0.0000	0.5714	0.0000	c	0
sloppy	rocket	rocket	9	n	.o..et	7	5	0	1	0	0	0.0000	0.5714	0.0000	c	0
sloppy	rocket	rocket	10	q	.o..et	7	5	0	0	1	0	0.0000	0.5714	0.5714	c	0
sloppy	rocket	rocket	11	r	.o..et	7	6	0	0	0	1	0.2857	0.5714	0.2857	c	0
sloppy	rocket	rocket	12	d	ro..et	1	6	0	0	1	0	0.0000	1.0000	1.0000	c	0
sloppy	rocket	rocket	13	l	ro..et	1	7	0	0	1	0	0.0000	1.0000	1.0000	c	0
sloppy	rocket	rocket	14	c	ro..et	1	8	0	0	0	1	1.0000	1.0000	0.0000	c	1
sloppy	rocket	rocket	15	g	roc.et	1	8	0	0	1	0	0.0000	1.0000	1.0000	k	0
sloppy	rocket	rocket	16	u	roc.et	1	9	0	0	1	0	0.0000	1.0000	1.0000	k	0
sloppy	guitar	guitar	0	e	......	7028	0	0	0	0	0	0.6477	0.6477	0.0000	e	1
sloppy	guitar	guitar	1	t	......	2476	1	0	0	0	1	0.3332	0.5230	0.1898	s	0
sloppy	guitar	guitar	2	a	...t..	125	1	0	0	0	1	0.4480	0.5600	0.1120	s	0
sloppy	guitar	guitar	3	o	...ta.	15	1	0	0	0	0	0.4667	0.6000	0.1333	s	0
sloppy	guitar	guitar	4	i	...ta.	8	2	0	0	0	1	0.2500	0.7500	0.5000	s	0
sloppy	guitar	guitar	5	n	..ita.	1	2	0	0	1	0	0.0000	1.0000	1.0000	g	0
sloppy	guitar	guitar	6	s	..ita.	1	3	0	0	1	0	0.0000	1.0000	1.0000	g	0
sloppy	guitar	guitar	7	h	..ita.	1	4	0	0	1	0	0.0000	1.0000	1.0000	g	0
sloppy	guitar	guitar	8	r	..ita.	1	5	0	0	0	1	1.0000	1.0000	0.0000	g	1
sloppy	guitar	guitar	9	d	..itar	1	5	0	0	1	0	0.0000	1.0000	1.0000	g	0
sloppy	guitar	guitar	10	h	..itar	1	6	0	1	0	0	0.0000	1.0000	0.0000	g	0
sloppy	guitar	guitar	11	l	..itar	1	6	0	0	1	0	0.0000	1.0000	1.0000	g	0
sloppy	guitar	guitar	12	c	..itar	1	7	0	0	1	0	0.0000	1.0000	1.0000	g	0
sloppy	guitar	guitar	13	u	..itar	1	8	0	0	0	1	1.0000	1.0000	0.0000	g	1
sloppy	guitar	guitar	14	f	.uitar	1	8	0	0	1	0	0.0000	1.0000	1.0000	g	0
sloppy	guitar	guitar	15	m	.uitar	1	9	0	0	1	0	0.0000	1.0000	1.0000	g	0
sloppy	jacket	jacket	0	e	......	7028	0	0	0	0	1	0.6477	0.6477	0.0000	e	1
sloppy	jacket	jacket	1	e	....e.	2005	0	0	1	0	0	0.0000	0.4963	0.0000	d	0
sloppy	jacket	jacket	2	t	....e.	2005	0	0	0	0	1	0.2449	0.4963	0.2514	d	0
sloppy	jacket	jacket	3	a	....et	85	0	0	0	0	1	0.3529	0.3765	0.0235	l	0
sloppy	jacket	jacket	4	o	.a..et	24	0	0	0	1	0	0.0000	0.4167	0.4167	c	0
sloppy	jacket	jacket	5	i	.a..et	24	1	0	0	1	0	0.0000	0.4167	0.4167	c	0
sloppy	jacket	jacket	6	n	.a..et	24	2	0	0	0	0	0.1667	0.4167	0.2500	c	0
sloppy	jacket	jacket	7	s	.a..et	20	3	0	0	0	0	0.2000	0.4500	0.2500	c	0
sloppy	jacket	jacket	8	h	.a..et	16	4	0	0	0	0	0.1250	0.4375	0.3125	c	0
sloppy	jacket	jacket	9	r	.a..et	14	5	0	0	0	0	0.3571	0.4286	0.0714	c	0
sloppy	jacket	jacket	10	d	.a..et	9	6	0	0	0	0	0.1111	0.5556	0.4444	l	0
sloppy	jacket	jacket	11	l	.a..et	8	7	0	0	0	0	0.6250	0.6250	0.0000	l	1
sloppy	jacket	jacket	12	g	.a..et	3	8	0	0	1	0	0.0000	1.0000	1.0000	c	0
sloppy	jacket	jacket	13	c	.a..et	3	9	0	0	0	1	1.0000	1.0000	0.0000	c	1
sloppy	jacket	jacket	14	u	.ac.et	2	9	0	0	1	0	0.0000	1.0000	1.0000	k	0
sloppy	pencil	pencil	0	e	......	7028	0	0	0	0	1	0.6477	0.6477	0.0000	e	1
sloppy	pencil	pencil	1	t	.e....	399	0	0	0	0	0	0.3609	0.4712	0.1103	r	0
sloppy	pencil	pencil	2	a	.e....	255	1	0	0	0	0	0.4235	0.4980	0.0745	r	0
sloppy	pencil	pencil	3	o	.e....	147	2	0	0	0	0	0.4694	0.4966	0.0272	r	0
sloppy	pencil	pencil	4	i	.e....	78	3	0	0	0	1	0.6923	0.6923	0.0000	i	1
sloppy	pencil	pencil	5	a	.e..i.	15	3	0	1	0	0	0.0000	0.5333	0.0000	r	0
sloppy	pencil	pencil	6	z	.e..i.	15	3	0	0	1	0	0.0000	0.5333	0.5333	r	0
sloppy	pencil	pencil	7	y	.e..i.	15	4	0	0	1	0	0.0000	0.5333	0.5333	r	0
sloppy	pencil	pencil	8	n	.e..i.	15	5	0	0	0	1	0.4000	0.5333	0.1333	r	0
sloppy	pencil	pencil	9	s	.en.i.	1	5	0	0	1	0	0.0000	1.0000	1.0000	c	0
sloppy	pencil	pencil	10	f	.en.i.	1	6	0	0	1	0	0.0000	1.0000	1.0000	c	0
sloppy	pencil	pencil	11	h	.en.i.	1	7	0	0	1	0	0.0000	1.0000	1.0000	c	0
sloppy	pencil	pencil	12	r	.en.i.	1	8	0	0	1	0	0.0000	1.0000	1.0000	c	0
sloppy	pencil	pencil	13	d	.en.i.	1	9	0	0	1	0	0.0000	1.0000	1.0000	c	0
sloppy	rabbit	rabbit	0	e	......	7028	0	0	0	0	0	0.6477	0.6477	0.0000	e	1
sloppy	rabbit	rabbit	1	t	......	2476	1	0	0	0	1	0.3332	0.5230	0.1898	s	0
sloppy	rabbit	rabbit	2	a	.....t	129	1	0	0	0	1	0.5194	0.5194	0.0000	a	1
sloppy	rabbit	rabbit	3	o	.a...t	21	1	0	0	0	0	0.6190	0.6190	0.0000	o	1
sloppy	rabbit	rabbit	4	t	.a...t	8	2	0	1	0	0	0.0000	0.7500	0.0000	i	0
sloppy	rabbit	rabbit	5	i	.a...t	8	2	0	0	0	1	0.7500	0.7500	0.0000	i	1
sloppy	rabbit	rabbit	6	n	.a..it	3	2	0	0	0	0	0.3333	1.0000	0.6667	b	0
sloppy	rabbit	rabbit	7	s	.a..it	2	3	0	0	1	0	0.0000	1.0000	1.0000	b	0
sloppy	rabbit	rabbit	8	h	.a..it	2	4	0	0	1	0	0.0000	1.0000	1.0000	b	0
sloppy	rabbit	rabbit	9	r	.a..it	2	5	0	0	0	1	0.5000	1.0000	0.5000	b	0
sloppy	rabbit	rabbit	10	d	ra..it	1	5	0	0	1	0	0.0000	1.0000	1.0000	b	0
sloppy	rabbit	rabbit	11	n	ra..it	1	6	0	1	0	0	0.0000	1.0000	0.0000	b	0
sloppy	rabbit	rabbit	12	l	ra..it	1	6	0	0	1	0	0.0000	1.0000	1.0000	b	0
sloppy	rabbit	rabbit	13	c	ra..it	1	7	0	0	1	0	0.0000	1.0000	1.0000	b	0
sloppy	rabbit	rabbit	14	u	ra..it	1	8	0	0	1	0	0.0000	1.0000	1.0000	b	0
sloppy	rabbit	rabbit	15	m	ra..it	1	9	0	0	1	0	0.0000	1.0000	1.0000	b	0
sloppy	turtle	turtle	0	e	......	7028	0	0	0	0	1	0.6477	0.6477	0.0000	e	1
sloppy	turtle	turtle	1	t	.....e	528	0	0	0	0	1	0.2652	0.4830	0.2178	l	0
sloppy	turtle	turtle	2	t	t..t.e	2	0	0	1	0	0	0.0000	0.5000	0.0000	i	0
sloppy	turtle	turtle	3	e	t..t.e	2	0	0	1	0	0	0.0000	0.5000	0.0000	i	0
sloppy	turtle	turtle	4	t	t..t.e	2	0	0	1	0	0	0.0000	0.5000	0.0000	i	0
sloppy	turtle	turtle	5	a	t..t.e	2	0	0	0	1	0	0.0000	0.5000	0.5000	i	0
sloppy	turtle	turtle	6	o	t..t.e	2	1	0	0	0	0	0.5000	0.5000	0.0000	i	1
sloppy	turtle	turtle	7	i	t..t.e	1	2	0	0	1	0	0.0000	1.0000	1.0000	l	0
sloppy	turtle	turtle	8	o	t..t.e	1	3	0	1	0	0	0.0000	1.0000	0.0000	l	0
sloppy	turtle	turtle	9	p	t..t.e	1	3	0	0	1	0	0.0000	1.0000	1.0000	l	0
sloppy	turtle	turtle	10	t	t..t.e	1	4	0	1	0	0	0.0000	1.0000	0.0000	l	0
sloppy	turtle	turtle	11	n	t..t.e	1	4	0	0	1	0	0.0000	1.0000	1.0000	l	0
sloppy	turtle	turtle	12	s	t..t.e	1	5	0	0	1	0	0.0000	1.0000	1.0000	l	0
sloppy	turtle	turtle	13	p	t..t.e	1	6	0	1	0	0	0.0000	1.0000	0.0000	l	0
sloppy	turtle	turtle	14	b	t..t.e	1	6	0	0	1	0	0.0000	1.0000	1.0000	l	0
sloppy	turtle	turtle	15	v	t..t.e	1	7	0	0	1	0	0.0000	1.0000	1.0000	l	0
sloppy	turtle	turtle	16	n	t..t.e	1	8	0	1	0	0	0.0000	1.0000	0.0000	l	0
sloppy	turtle	turtle	17	h	t..t.e	1	8	0	0	1	0	0.0000	1.0000	1.0000	l	0
sloppy	turtle	turtle	18	r	t..t.e	1	9	0	0	0	1	1.0000	1.0000	0.0000	l	1
sloppy	turtle	turtle	19	d	t.rt.e	1	9	0	0	1	0	0.0000	1.0000	1.0000	l	0
sloppy	monkey	monkey	0	e	......	7028	0	0	0	0	1	0.6477	0.6477	0.0000	e	1
sloppy	monkey	monkey	1	t	....e.	2005	0	0	0	0	0	0.2449	0.4963	0.2514	d	0
sloppy	monkey	monkey	2	a	....e.	1514	1	0	0	0	0	0.3818	0.5390	0.1572	d	0
sloppy	monkey	monkey	3	o	....e.	936	2	0	0	0	1	0.4209	0.5342	0.1132	d	0
sloppy	monkey	monkey	4	i	.o..e.	237	2	0	0	0	0	0.1688	0.5823	0.4135	d	0
sloppy	monkey	monkey	5	n	.o..e.	197	3	0	0	0	1	0.1878	0.6193	0.4315	d	0
sloppy	monkey	monkey	6	s	.on.e.	18	3	0	0	1	0	0.0000	0.6667	0.6667	d	0
sloppy	monkey	monkey	7	h	.on.e.	18	4	0	0	0	0	0.0556	0.6667	0.6111	d	0
sloppy	monkey	monkey	8	r	.on.e.	17	5	0	0	0	0	0.4118	0.6471	0.2353	d	0
sloppy	monkey	monkey	9	t	.on.e.	10	6	0	1	0	0	0.0000	0.7000	0.0000	d	0
sloppy	monkey	monkey	10	d	.on.e.	10	6	0	0	0	0	0.7000	0.7000	0.0000	d	1
sloppy	monkey	monkey	11	l	.on.e.	3	7	0	0	1	0	0.0000	0.6667	0.6667	c	0
sloppy	monkey	monkey	12	c	.on.e.	3	8	0	0	0	0	0.6667	0.6667	0.0000	c	1
sloppy	monkey	monkey	13	u	.on.e.	1	9	0	0	1	0	0.0000	1.0000	1.0000	k	0
sloppy	orange	orange	0	e	......	7028	0	0	0	0	1	0.6477	0.6477	0.0000	e	1
sloppy	orange	orange	1	t	.....e	528	0	0	0	0	0	0.2652	0.4830	0.2178	l	0
sloppy	orange	orange	2	a	.....e	388	1	0	0	0	1	0.4046	0.5284	0.1237	l	0
sloppy	orange	orange	3	o	..a..e	31	1	0	0	0	1	0.2581	0.4839	0.2258	l	0
sloppy	orange	orange	4	i	o.a..e	3	1	0	0	1	0	0.0000	0.6667	0.6667	r	0
sloppy	orange	orange	5	n	o.a..e	3	2	0	0	0	1	0.3333	0.6667	0.3333	r	0
sloppy	orange	orange	6	s	o.an.e	1	2	0	0	1	0	0.0000	1.0000	1.0000	g	0
sloppy	orange	orange	7	h	o.an.e	1	3	0	0	1	0	0.0000	1.0000	1.0000	g	0
sloppy	orange	orange	8	r	o.an.e	1	4	0	0	0	1	1.0000	1.0000	0.0000	g	1
sloppy	orange	orange	9	h	oran.e	1	4	0	1	0	0	0.0000	1.0000	0.0000	g	0
sloppy	orange	orange	10	d	oran.e	1	4	0	0	1	0	0.0000	1.0000	1.0000	g	0
sloppy	orange	orange	11	l	oran.e	1	5	0	0	1	0	0.0000	1.0000	1.0000	g	0
sloppy	orange	orange	12	o	oran.e	1	6	0	1	0	0	0.0000	1.0000	0.0000	g	0
sloppy	orange	orange	13	c	oran.e	1	6	0	0	1	0	0.0000	1.0000	1.0000	g	0
sloppy	orange	orange	14	u	oran.e	1	7	0	0	1	0	0.0000	1.0000	1.0000	g	0
sloppy	orange	orange	15	m	oran.e	1	8	0	0	1	0	0.0000	1.0000	1.0000	g	0
sloppy	orange	orange	16	w	oran.e	1	9	0	0	1	0	0.0000	1.0000	1.0000	g	0
sloppy	purple	purple	0	e	......	7028	0	0	0	0	1	0.6477	0.6477	0.0000	e	1
sloppy	purple	purple	1	t	.....e	528	0	0	0	0	0	0.2652	0.4830	0.2178	l	0
sloppy	purple	purple	2	a	.....e	388	1	0	0	0	0	0.4046	0.5284	0.1237	l	0
sloppy	purple	purple	3	o	.....e	231	2	0	0	0	0	0.3983	0.5368	0.1385	i	0
sloppy	purple	purple	4	i	.....e	139	3	0	0	0	0	0.6619	0.6619	0.0000	i	1
sloppy	purple	purple	5	n	.....e	47	4	0	0	0	0	0.1489	0.9787	0.8298	u	0
sloppy	purple	purple	6	s	.....e	40	5	0	0	0	0	0.2250	0.9750	0.7500	u	0
sloppy	purple	purple	7	s	.....e	31	6	0	1	0	0	0.0000	1.0000	0.0000	u	0
sloppy	purple	purple	8	v	.....e	31	6	0	0	1	0	0.0000	1.0000	1.0000	u	0
sloppy	purple	purple	9	n	.....e	31	7	0	1	0	0	0.0000	1.0000	0.0000	u	0
sloppy	purple	purple	10	h	.....e	31	7	0	0	0	0	0.0968	1.0000	0.9032	u	0
sloppy	purple	purple	11	r	.....e	28	8	0	0	0	1	0.3929	1.0000	0.6071	u	0
sloppy	purple	purple	12	d	..r..e	5	8	0	0	0	0	0.2000	1.0000	0.8000	l	0
sloppy	purple	purple	13	l	..r..e	4	9	0	0	0	1	1.0000	1.0000	0.0000	l	1
sloppy	purple	purple	14	h	..r.le	4	9	0	1	0	0	0.0000	1.0000	0.0000	u	0
sloppy	purple	purple	15	c	..r.le	4	9	0	0	1	0	0.0000	1.0000	1.0000	u	0
sloppy	silver	silver	0	e	......	7028	0	0	0	0	1	0.6477	0.6477	0.0000	e	1
sloppy	silver	silver	1	t	....e.	2005	0	0	0	0	0	0.2449	0.4963	0.2514	d	0
sloppy	silver	silver	2	a	....e.	1514	1	0	0	0	0	0.3818	0.5390	0.1572	d	0
sloppy	silver	silver	3	a	....e.	936	2	0	1	0	0	0.0000	0.5342	0.0000	d	0
sloppy	silver	silver	4	o	....e.	936	2	0	0	0	0	0.4209	0.5342	0.1132	d	0
sloppy	silver	silver	5	i	....e.	542	3	0	0	0	1	0.5830	0.5830	0.0000	i	1
sloppy	silver	silver	6	n	.i..e.	195	3	0	0	0	0	0.3692	0.6051	0.2359	d	0
sloppy	silver	silver	7	s	.i..e.	123	4	0	0	0	1	0.3496	0.6341	0.2846	d	0
sloppy	silver	silver	8	f	si..e.	8	4	0	0	1	0	0.0000	0.5000	0.5000	d	0
sloppy	silver	silver	9	f	si..e.	8	5	0	1	0	0	0.0000	0.5000	0.0000	d	0
sloppy	silver	silver	10	f	si..e.	8	5	0	1	0	0	0.0000	0.5000	0.0000	d	0
sloppy	silver	silver	11	h	si..e.	8	5	0	0	0	0	0.1250	0.5000	0.3750	d	0
sloppy	silver	silver	12	r	si..e.	7	6	0	0	0	1	0.5714	0.5714	0.0000	r	1
sloppy	silver	silver	13	d	si..er	4	6	0	0	1	0	0.0000	0.5000	0.5000	m	0
sloppy	silver	silver	14	q	si..er	4	7	0	0	1	0	0.0000	0.5000	0.5000	m	0
sloppy	silver	silver	15	o	si..er	4	8	0	1	0	0	0.0000	0.5000	0.0000	m	0
sloppy	silver	silver	16	l	si..er	4	8	0	0	0	1	0.2500	0.5000	0.2500	m	0
sloppy	silver	silver	17	s	sil.er	1	8	0	1	0	0	0.0000	1.0000	0.0000	v	0
sloppy	silver	silver	18	c	sil.er	1	8	0	0	1	0	0.0000	1.0000	1.0000	v	0
sloppy	silver	silver	19	u	sil.er	1	9	0	0	1	0	0.0000	1.0000	1.0000	v	0
sloppy	winter	winter	0	e	......	7028	0	0	0	0	1	0.6477	0.6477	0.0000	e	1
sloppy	winter	winter	1	t	....e.	2005	0	0	0	0	1	0.2449	0.4963	0.2514	d	0
sloppy	winter	winter	2	e	...te.	175	0	0	1	0	0	0.0000	0.4743	0.0000	r	0
sloppy	winter	winter	3	a	...te.	175	0	0	0	0	0	0.4400	0.4743	0.0343	r	0
sloppy	winter	winter	4	a	...te.	98	1	0	1	0	0	0.0000	0.4796	0.0000	s	0
sloppy	winter	winter	5	o	...te.	98	1	0	0	0	0	0.4388	0.4796	0.0408	s	0
sloppy	winter	winter	6	i	...te.	55	2	0	0	0	1	0.6182	0.6182	0.0000	i	1
sloppy	winter	winter	7	t	.i.te.	21	2	0	1	0	0	0.0000	0.6190	0.0000	d	0
sloppy	winter	winter	8	n	.i.te.	21	2	0	0	0	1	0.2381	0.6190	0.3810	d	0
sloppy	winter	winter	9	s	.inte.	4	2	0	0	1	0	0.0000	0.5000	0.5000	d	0
sloppy	winter	winter	10	v	.inte.	4	3	0	0	1	0	0.0000	0.5000	0.5000	d	0
sloppy	winter	winter	11	h	.inte.	4	4	0	0	0	0	0.2500	0.5000	0.2500	d	0
sloppy	winter	winter	12	e	.inte.	3	5	0	1	0	0	0.0000	0.3333	0.0000	d	0
sloppy	winter	winter	13	r	.inte.	3	5	0	0	0	1	0.3333	0.3333	0.0000	d	1
sloppy	winter	winter	14	d	.inter	1	5	0	0	1	0	0.0000	1.0000	1.0000	w	0
sloppy	winter	winter	15	l	.inter	1	6	0	0	1	0	0.0000	1.0000	1.0000	w	0
sloppy	winter	winter	16	c	.inter	1	7	0	0	1	0	0.0000	1.0000	1.0000	w	0
sloppy	winter	winter	17	u	.inter	1	8	0	0	1	0	0.0000	1.0000	1.0000	w	0
sloppy	winter	winter	18	m	.inter	1	9	0	0	1	0	0.0000	1.0000	1.0000	w	0
sloppy	zebra	zebra	0	e	.....	4431	0	0	0	0	1	0.4715	0.4906	0.0192	s	0
sloppy	zebra	zebra	1	t	.e...	342	0	0	0	0	0	0.3187	0.5117	0.1930	s	0
sloppy	zebra	zebra	2	q	.e...	233	1	0	0	1	0	0.0000	0.5150	0.5150	s	0
sloppy	zebra	zebra	3	a	.e...	233	2	0	0	0	1	0.4206	0.5150	0.0944	s	0
sloppy	zebra	zebra	4	o	.e..a	7	2	0	0	1	0	0.0000	0.4286	0.4286	m	0
sloppy	zebra	zebra	5	i	.e..a	7	3	0	0	0	0	0.2857	0.4286	0.1429	m	0
sloppy	zebra	zebra	6	o	.e..a	5	4	0	1	0	0	0.0000	0.4000	0.0000	m	0
sloppy	zebra	zebra	7	n	.e..a	5	4	0	0	0	0	0.4000	0.4000	0.0000	m	1
sloppy	zebra	zebra	8	w	.e..a	3	5	0	0	1	0	0.0000	0.6667	0.6667	m	0
sloppy	zebra	zebra	9	s	.e..a	3	6	0	0	1	0	0.0000	0.6667	0.6667	m	0
sloppy	zebra	zebra	10	h	.e..a	3	7	0	0	1	0	0.0000	0.6667	0.6667	m	0
sloppy	zebra	zebra	11	r	.e..a	3	8	0	0	0	1	0.3333	0.6667	0.3333	m	0
sloppy	zebra	zebra	12	o	.e.ra	1	8	0	1	0	0	0.0000	1.0000	0.0000	b	0
sloppy	zebra	zebra	13	d	.e.ra	1	8	0	0	1	0	0.0000	1.0000	1.0000	b	0
sloppy	zebra	zebra	14	l	.e.ra	1	9	0	0	1	0	0.0000	1.0000	1.0000	b	0
sloppy	bridge	bridge	0	e	......	7028	0	0	0	0	1	0.6477	0.6477	0.0000	e	1
sloppy	bridge	bridge	1	t	.....e	528	0	0	0	0	0	0.2652	0.4830	0.2178	l	0
sloppy	bridge	bridge	2	a	.....e	388	1	0	0	0	0	0.4046	0.5284	0.1237	l	0
sloppy	bridge	bridge	3	t	.....e	231	2	0	1	0	0	0.0000	0.5368	0.0000	i	0
sloppy	bridge	bridge	4	o	.....e	231	2	0	0	0	0	0.3983	0.5368	0.1385	i	0
sloppy	bridge	bridge	5	i	.....e	139	3	0	0	0	1	0.6619	0.6619	0.0000	i	1
sloppy	bridge	bridge	6	n	..i..e	13	3	0	0	0	0	0.3846	0.6154	0.2308	r	0
sloppy	bridge	bridge	7	s	..i..e	8	4	0	0	1	0	0.0000	0.6250	0.6250	r	0
sloppy	bridge	bridge	8	h	..i..e	8	5	0	0	0	0	0.2500	0.6250	0.3750	r	0
sloppy	bridge	bridge	9	v	..i..e	6	6	0	0	1	0	0.0000	0.8333	0.8333	r	0
sloppy	bridge	bridge	10	x	..i..e	6	7	0	0	1	0	0.0000	0.8333	0.8333	r	0
sloppy	bridge	bridge	11	h	..i..e	6	8	0	1	0	0	0.0000	0.8333	0.0000	r	0
sloppy	bridge	bridge	12	r	..i..e	6	8	0	0	0	1	0.8333	0.8333	0.0000	r	1
sloppy	bridge	bridge	13	d	.ri..e	5	8	0	0	0	1	0.6000	0.8000	0.2000	g	0
sloppy	bridge	bridge	14	m	.rid.e	3	8	0	0	1	0	0.0000	0.6667	0.6667	b	0
sloppy	bridge	bridge	15	l	.rid.e	3	9	0	0	0	0	0.3333	0.6667	0.3333	b	0
sloppy	planet	planet	0	e	......	7028	0	0	0	0	1	0.6477	0.6477	0.0000	e	1
sloppy	planet	planet	1	t	....e.	2005	0	0	0	0	1	0.2449	0.4963	0.2514	d	0
sloppy	planet	planet	2	x	....et	85	0	0	0	1	0	0.0000	0.3765	0.3765	l	0
sloppy	planet	planet	3	a	....et	85	1	0	0	0	1	0.3529	0.3765	0.0235	l	0
sloppy	planet	planet	4	o	..a.et	3	1	0	0	1	0	0.0000	1.0000	1.0000	l	0
sloppy	planet	planet	5	g	..a.et	3	2	0	0	1	0	0.0000	1.0000	1.0000	l	0
sloppy	planet	planet	6	o	..a.et	3	3	0	1	0	0	0.0000	1.0000	0.0000	l	0
sloppy	planet	planet	7	x	..a.et	3	3	0	1	0	0	0.0000	1.0000	0.0000	l	0
sloppy	planet	planet	8	i	..a.et	3	3	0	0	1	0	0.0000	1.0000	1.0000	l	0
sloppy	planet	planet	9	t	..a.et	3	4	0	1	0	0	0.0000	1.0000	0.0000	l	0
sloppy	planet	planet	10	n	..a.et	3	4	0	0	0	1	0.3333	1.0000	0.6667	l	0
sloppy	planet	planet	11	s	..anet	1	4	0	0	1	0	0.0000	1.0000	1.0000	l	0
sloppy	planet	planet	12	h	..anet	1	5	0	0	1	0	0.0000	1.0000	1.0000	l	0
sloppy	planet	planet	13	i	..anet	1	6	0	1	0	0	0.0000	1.0000	0.0000	l	0
sloppy	planet	planet	14	r	..anet	1	6	0	0	1	0	0.0000	1.0000	1.0000	l	0
sloppy	planet	planet	15	d	..anet	1	7	0	0	1	0	0.0000	1.0000	1.0000	l	0
sloppy	planet	planet	16	l	..anet	1	8	0	0	0	1	1.0000	1.0000	0.0000	l	1
sloppy	planet	planet	17	a	.lanet	1	8	0	1	0	0	0.0000	1.0000	0.0000	p	0
sloppy	planet	planet	18	c	.lanet	1	8	0	0	1	0	0.0000	1.0000	1.0000	p	0
sloppy	planet	planet	19	u	.lanet	1	9	0	0	1	0	0.0000	1.0000	1.0000	p	0
sloppy	forest	forest	0	e	......	7028	0	0	0	0	1	0.6477	0.6477	0.0000	e	1
sloppy	forest	forest	1	t	...e..	445	0	0	0	0	1	0.4067	0.7213	0.3146	s	0
sloppy	forest	forest	2	t	...e.t	97	0	0	1	0	0	0.0000	0.6804	0.0000	s	0
sloppy	forest	forest	3	a	...e.t	97	0	0	0	0	0	0.3402	0.6804	0.3402	s	0
sloppy	forest	forest	4	o	...e.t	64	1	0	0	0	1	0.2656	0.7031	0.4375	s	0
sloppy	forest	forest	5	i	.o.e.t	13	1	0	0	1	0	0.0000	0.5385	0.5385	s	0
sloppy	forest	forest	6	n	.o.e.t	13	2	0	0	0	0	0.4615	0.5385	0.0769	s	0
sloppy	forest	forest	7	s	.o.e.t	7	3	0	0	0	1	0.8571	0.8571	0.0000	s	1
sloppy	forest	forest	8	h	.o.est	5	3	0	0	1	0	0.0000	0.4000	0.4000	l	0
sloppy	forest	forest	9	r	.o.est	5	4	0	0	0	1	0.2000	0.4000	0.2000	l	0
sloppy	forest	forest	10	m	.orest	1	4	0	0	1	0	0.0000	1.0000	1.0000	f	0
sloppy	forest	forest	11	d	.orest	1	5	0	0	1	0	0.0000	1.0000	1.0000	f	0
sloppy	forest	forest	12	d	.orest	1	6	0	1	0	0	0.0000	1.0000	0.0000	f	0
sloppy	forest	forest	13	l	.orest	1	6	0	0	1	0	0.0000	1.0000	1.0000	f	0
sloppy	forest	forest	14	c	.orest	1	7	0	0	1	0	0.0000	1.0000	1.0000	f	0
sloppy	forest	forest	15	u	.orest	1	8	0	0	1	0	0.0000	1.0000	1.0000	f	0
sloppy	forest	forest	16	w	.orest	1	9	0	0	1	0	0.0000	1.0000	1.0000	f	0
sloppy	castle	castle	0	e	......	7028	0	0	0	0	1	0.6477	0.6477	0.0000	e	1
sloppy	castle	castle	1	t	.....e	528	0	0	0	0	1	0.2652	0.4830	0.2178	l	0
sloppy	castle	castle	2	a	...t.e	22	0	0	0	0	1	0.2273	0.5909	0.3636	l	0
sloppy	castle	castle	3	o	.a.t.e	3	0	0	0	1	0	0.0000	0.6667	0.6667	l	0
sloppy	castle	castle	4	i	.a.t.e	3	1	0	0	0	0	0.3333	0.6667	0.3333	l	0
sloppy	castle	castle	5	n	.a.t.e	2	2	0	0	0	0	0.5000	1.0000	0.5000	l	0
sloppy	castle	castle	6	s	.a.t.e	1	3	0	0	0	1	1.0000	1.0000	0.0000	c	1
sloppy	castle	castle	7	h	.ast.e	1	3	0	0	1	0	0.0000	1.0000	1.0000	c	0
sloppy	castle	castle	8	r	.ast.e	1	4	0	0	1	0	0.0000	1.0000	1.0000	c	0
sloppy	castle	castle	9	d	.ast.e	1	5	0	0	1	0	0.0000	1.0000	1.0000	c	0
sloppy	castle	castle	10	a	.ast.e	1	6	0	1	0	0	0.0000	1.0000	0.0000	c	0
sloppy	castle	castle	11	z	.ast.e	1	6	0	0	1	0	0.0000	1.0000	1.0000	c	0
sloppy	castle	castle	12	l	.ast.e	1	7	0	0	0	1	1.0000	1.0000	0.0000	c	1
sloppy	castle	castle	13	c	.astle	1	7	0	0	0	1	1.0000	1.0000	0.0000	c	1
sloppy	river	river	0	e	.....	4431	0	0	0	0	1	0.4715	0.4906	0.0192	s	0
sloppy	river	river	1	t	...e.	846	0	0	0	0	0	0.1749	0.4409	0.2660	s	0
sloppy	river	river	2	q	...e.	698	1	0	0	1	0	0.0000	0.4484	0.4484	s	0
sloppy	river	river	3	a	...e.	698	2	0	0	0	0	0.3424	0.4484	0.1060	s	0
sloppy	river	river	4	a	...e.	459	3	0	1	0	0	0.0000	0.4423	0.0000	s	0
sloppy	river	river	5	o	...e.	459	3	0	0	0	0	0.4118	0.4423	0.0305	s	0
sloppy	river	river	6	i	...e.	270	4	0	0	0	1	0.6667	0.6667	0.0000	i	1
sloppy	river	river	7	n	.i.e.	143	4	0	0	0	0	0.2238	0.4615	0.2378	s	0
sloppy	river	river	8	u	.i.e.	111	5	0	0	1	0	0.0000	0.4865	0.4865	s	0
sloppy	river	river	9	s	.i.e.	111	6	0	0	0	0	0.4865	0.4865	0.0000	s	1
sloppy	river	river	10	g	.i.e.	57	7	0	0	1	0	0.0000	0.6491	0.6491	d	0
sloppy	river	river	11	h	.i.e.	57	8	0	0	0	0	0.0877	0.6491	0.5614	d	0
sloppy	river	river	12	r	.i.e.	52	9	0	0	0	1	0.5385	0.6346	0.0962	d	0
sloppy	river	river	13	d	ri.er	4	9	0	0	0	0	0.2500	0.2500	0.0000	d	1
sloppy	bicycle	bicycle	0	e	.......	9571	0	0	0	0	1	0.6890	0.6890	0.0000	e	1
sloppy	bicycle	bicycle	1	t	......e	535	0	0	0	0	0	0.3607	0.5346	0.1738	a	0
sloppy	bicycle	bicycle	2	a	......e	342	1	0	0	0	0	0.5205	0.5205	0.0000	a	1
sloppy	bicycle	bicycle	3	o	......e	164	2	0	0	0	0	0.5732	0.6159	0.0427	i	0
sloppy	bicycle	bicycle	4	i	......e	70	3	0	0	0	1	0.7714	0.7714	0.0000	i	1
sloppy	bicycle	bicycle	5	n	.i....e	6	3	0	0	1	0	0.0000	0.8333	0.8333	u	0
sloppy	bicycle	bicycle	6	o	.i....e	6	4	0	1	0	0	0.0000	0.8333	0.0000	u	0
sloppy	bicycle	bicycle	7	s	.i....e	6	4	0	0	0	0	0.5000	0.8333	0.3333	u	0
sloppy	bicycle	bicycle	8	h	.i....e	3	5	0	0	1	0	0.0000	1.0000	1.0000	l	0
sloppy	bicycle	bicycle	9	q	.i....e	3	6	0	0	1	0	0.0000	1.0000	1.0000	l	0
sloppy	bicycle	bicycle	10	r	.i....e	3	7	0	0	0	0	0.3333	1.0000	0.6667	l	0
sloppy	bicycle	bicycle	11	p	.i....e	2	8	0	0	1	0	0.0000	1.0000	1.0000	l	0
sloppy	bicycle	bicycle	12	d	.i....e	2	9	0	0	0	0	0.5000	1.0000	0.5000	l	0
sloppy	camera	camera	0	e	......	7028	0	0	0	0	1	0.6477	0.6477	0.0000	e	1
sloppy	camera	camera	1	t	...e..	445	0	0	0	0	0	0.4067	0.7213	0.3146	s	0
sloppy	camera	camera	2	e	...e..	264	1	0	1	0	0	0.0000	0.7348	0.0000	s	0
sloppy	camera	camera	3	a	...e..	264	1	0	0	0	1	0.3409	0.7348	0.3939	s	0
sloppy	camera	camera	4	o	.a.e.a	2	1	0	0	1	0	0.0000	0.5000	0.5000	c	0
sloppy	camera	camera	5	i	.a.e.a	2	2	0	0	1	0	0.0000	0.5000	0.5000	c	0
sloppy	camera	camera	6	t	.a.e.a	2	3	0	1	0	0	0.0000	0.5000	0.0000	c	0
sloppy	camera	camera	7	i	.a.e.a	2	3	0	1	0	0	0.0000	0.5000	0.0000	c	0
sloppy	camera	camera	8	n	.a.e.a	2	3	0	0	0	0	0.5000	0.5000	0.0000	c	1
sloppy	camera	camera	9	s	.a.e.a	1	4	0	0	1	0	0.0000	1.0000	1.0000	c	0
sloppy	camera	camera	10	h	.a.e.a	1	5	0	0	1	0	0.0000	1.0000	1.0000	c	0
sloppy	camera	camera	11	s	.a.e.a	1	6	0	1	0	0	0.0000	1.0000	0.0000	c	0
sloppy	camera	camera	12	r	.a.e.a	1	6	0	0	0	1	1.0000	1.0000	0.0000	c	1
sloppy	camera	camera	13	d	.a.era	1	6	0	0	1	0	0.0000	1.0000	1.0000	c	0
sloppy	camera	camera	14	l	.a.era	1	7	0	0	1	0	0.0000	1.0000	1.0000	c	0
sloppy	camera	camera	15	c	.a.era	1	8	0	0	0	1	1.0000	1.0000	0.0000	c	1
sloppy	camera	camera	16	u	ca.era	1	8	0	0	1	0	0.0000	1.0000	1.0000	m	0
sloppy	camera	camera	17	m	ca.era	1	9	0	0	0	1	1.0000	1.0000	0.0000	m	1
sloppy	diamond	diamond	0	e	.......	9571	0	0	0	0	0	0.6890	0.6890	0.0000	e	1
sloppy	diamond	diamond	1	t	.......	2977	1	0	0	0	0	0.3460	0.6439	0.2980	i	0
sloppy	diamond	diamond	2	a	.......	1947	2	0	0	0	1	0.5357	0.6682	0.1325	i	0
sloppy	diamond	diamond	3	o	..a....	127	2	0	0	0	1	0.3150	0.7402	0.4252	i	0
sloppy	diamond	diamond	4	i	..a.o..	14	2	0	0	0	1	0.1429	0.6429	0.5000	s	0
sloppy	diamond	diamond	5	q	.ia.o..	1	2	0	0	1	0	0.0000	1.0000	1.0000	d	0
sloppy	diamond	diamond	6	t	.ia.o..	1	3	0	1	0	0	0.0000	1.0000	0.0000	d	0
sloppy	diamond	diamond	7	n	.ia.o..	1	3	0	0	0	1	1.0000	1.0000	0.0000	d	1
sloppy	diamond	diamond	8	s	.ia.on.	1	3	0	0	1	0	0.0000	1.0000	1.0000	d	0
sloppy	diamond	diamond	9	h	.ia.on.	1	4	0	0	1	0	0.0000	1.0000	1.0000	d	0
sloppy	diamond	diamond	10	r	.ia.on.	1	5	0	0	1	0	0.0000	1.0000	1.0000	d	0
sloppy	diamond	diamond	11	d	.ia.on.	1	6	0	0	0	1	1.0000	1.0000	0.0000	d	1
sloppy	diamond	diamond	12	l	dia.ond	1	6	0	0	1	0	0.0000	1.0000	1.0000	m	0
sloppy	diamond	diamond	13	c	dia.ond	1	7	0	0	1	0	0.0000	1.0000	1.0000	m	0
sloppy	diamond	diamond	14	u	dia.ond	1	8	0	0	1	0	0.0000	1.0000	1.0000	m	0
sloppy	diamond	diamond	15	n	dia.ond	1	9	0	1	0	0	0.0000	1.0000	0.0000	m	0
sloppy	diamond	diamond	16	m	dia.ond	1	9	0	0	0	1	1.0000	1.0000	0.0000	m	1
sloppy	elephant	elephant	0	e	........	10078	0	0	0	0	1	0.6958	0.6958	0.0000	e	1
sloppy	elephant	elephant	1	t	e.e.....	30	0	0	0	0	1	0.6667	0.6667	0.0000	t	1
sloppy	elephant	elephant	2	a	e.e....t	2	0	0	0	0	1	0.5000	1.0000	0.5000	h	0
sloppy	elephant	elephant	3	o	e.e..a.t	1	0	0	0	1	0	0.0000	1.0000	1.0000	h	0
sloppy	elephant	elephant	4	i	e.e..a.t	1	1	0	0	1	0	0.0000	1.0000	1.0000	h	0
sloppy	elephant	elephant	5	n	e.e..a.t	1	2	0	0	0	1	1.0000	1.0000	0.0000	h	1
sloppy	elephant	elephant	6	s	e.e..ant	1	2	0	0	1	0	0.0000	1.0000	1.0000	h	0
sloppy	elephant	elephant	7	n	e.e..ant	1	3	0	1	0	0	0.0000	1.0000	0.0000	h	0
sloppy	elephant	elephant	8	h	e.e..ant	1	3	0	0	0	1	1.0000	1.0000	0.0000	h	1
sloppy	elephant	elephant	9	c	e.e.hant	1	3	0	0	1	0	0.0000	1.0000	1.0000	l	0
sloppy	elephant	elephant	10	h	e.e.hant	1	4	0	1	0	0	0.0000	1.0000	0.0000	l	0
sloppy	elephant	elephant	11	r	e.e.hant	1	4	0	0	1	0	0.0000	1.0000	1.0000	l	0
sloppy	elephant	elephant	12	o	e.e.hant	1	5	0	1	0	0	0.0000	1.0000	0.0000	l	0
sloppy	elephant	elephant	13	n	e.e.hant	1	5	0	1	0	0	0.0000	1.0000	0.0000	l	0
sloppy	elephant	elephant	14	d	e.e.hant	1	5	0	0	1	0	0.0000	1.0000	1.0000	l	0
sloppy	elephant	elephant	15	l	e.e.hant	1	6	0	0	0	1	1.0000	1.0000	0.0000	l	1
sloppy	elephant	elephant	16	u	ele.hant	1	6	0	0	1	0	0.0000	1.0000	1.0000	p	0
sloppy	elephant	elephant	17	m	ele.hant	1	7	0	0	1	0	0.0000	1.0000	1.0000	p	0
sloppy	elephant	elephant	18	w	ele.hant	1	8	0	0	1	0	0.0000	1.0000	1.0000	p	0
sloppy	elephant	elephant	19	f	ele.hant	1	9	0	0	1	0	0.0000	1.0000	1.0000	p	0
sloppy	fishing	fishing	0	e	.......	9571	0	0	0	0	0	0.6890	0.6890	0.0000	e	1
sloppy	fishing	fishing	1	t	.......	2977	1	0	0	0	0	0.3460	0.6439	0.2980	i	0
sloppy	fishing	fishing	2	a	.......	1947	2	0	0	0	0	0.5357	0.6682	0.1325	i	0
sloppy	fishing	fishing	3	o	.......	904	3	0	0	0	0	0.5586	0.7942	0.2356	i	0
sloppy	fishing	fishing	4	i	.......	399	4	0	0	0	1	0.9273	0.9273	0.0000	i	1
sloppy	fishing	fishing	5	n	.i..i..	109	4	0	0	0	1	0.9083	0.9266	0.0183	g	0
sloppy	fishing	fishing	6	s	.i..in.	63	4	0	0	0	1	0.2857	0.9841	0.6984	g	0
sloppy	fishing	fishing	7	h	.is.in.	5	4	0	0	0	1	0.6000	1.0000	0.4000	g	0
sloppy	fishing	fishing	8	r	.ishin.	3	4	0	0	1	0	0.0000	1.0000	1.0000	g	0
sloppy	fishing	fishing	9	d	.ishin.	3	5	0	0	0	0	0.3333	1.0000	0.6667	g	0
sloppy	fishing	fishing	10	l	.ishin.	2	6	0	0	1	0	0.0000	1.0000	1.0000	g	0
sloppy	fishing	fishing	11	v	.ishin.	2	7	0	0	1	0	0.0000	1.0000	1.0000	g	0
sloppy	fishing	fishing	12	e	.ishin.	2	8	0	1	0	0	0.0000	1.0000	0.0000	g	0
sloppy	fishing	fishing	13	c	.ishin.	2	8	0	0	1	0	0.0000	1.0000	1.0000	g	0
sloppy	fishing	fishing	14	k	.ishin.	2	9	0	0	1	0	0.0000	1.0000	1.0000	g	0
sloppy	giraffe	giraffe	0	e	.......	9571	0	0	0	0	1	0.6890	0.6890	0.0000	e	1
sloppy	giraffe	giraffe	1	t	......e	535	0	0	0	0	0	0.3607	0.5346	0.1738	a	0
sloppy	giraffe	giraffe	2	a	......e	342	1	0	0	0	1	0.5205	0.5205	0.0000	a	1
sloppy	giraffe	giraffe	3	t	...a..e	21	1	0	1	0	0	0.0000	0.7143	0.0000	i	0
sloppy	giraffe	giraffe	4	o	...a..e	21	1	0	0	0	0	0.2857	0.7143	0.4286	i	0
sloppy	giraffe	giraffe	5	i	...a..e	15	2	0	0	0	1	0.8000	0.8000	0.0000	i	1
sloppy	giraffe	giraffe	6	n	.i.a..e	8	2	0	0	0	0	0.2500	0.6250	0.3750	l	0
sloppy	giraffe	giraffe	7	q	.i.a..e	6	3	0	0	1	0	0.0000	0.6667	0.6667	b	0
sloppy	giraffe	giraffe	8	s	.i.a..e	6	4	0	0	0	0	0.1667	0.6667	0.5000	b	0
sloppy	giraffe	giraffe	9	h	.i.a..e	5	5	0	0	1	0	0.0000	0.6000	0.6000	b	0
sloppy	giraffe	giraffe	10	s	.i.a..e	5	6	0	1	0	0	0.0000	0.6000	0.0000	b	0
sloppy	giraffe	giraffe	11	r	.i.a..e	5	6	0	0	0	1	0.6000	0.6000	0.0000	b	1
sloppy	giraffe	giraffe	12	d	.ira..e	2	6	0	0	1	0	0.0000	0.5000	0.5000	c	0
sloppy	giraffe	giraffe	13	l	.ira..e	2	7	0	0	0	0	0.5000	0.5000	0.0000	c	1
sloppy	giraffe	giraffe	14	c	.ira..e	1	8	0	0	1	0	0.0000	1.0000	1.0000	f	0
sloppy	giraffe	giraffe	15	u	.ira..e	1	9	0	0	1	0	0.0000	1.0000	1.0000	f	0
sloppy	holiday	holiday	0	e	.......	9571	0	0	0	0	0	0.6890	0.6890	0.0000	e	1
sloppy	holiday	holiday	1	t	.......	2977	1	0	0	0	0	0.3460	0.6439	0.2980	i	0
sloppy	holiday	holiday	2	a	.......	1947	2	0	0	0	1	0.5357	0.6682	0.1325	i	0
sloppy	holiday	holiday	3	x	.....a.	73	2	0	0	1	0	0.0000	0.5616	0.5616	o	0
sloppy	holiday	holiday	4	o	.....a.	73	3	0	0	0	1	0.5616	0.5616	0.0000	o	1
sloppy	holiday	holiday	5	i	.o...a.	17	3	0	0	0	1	0.3529	0.8824	0.5294	l	0
sloppy	holiday	holiday	6	n	.o.i.a.	5	3	0	0	0	0	0.4000	1.0000	0.6000	l	0
sloppy	holiday	holiday	7	s	.o.i.a.	3	4	0	0	1	0	0.0000	1.0000	1.0000	l	0
sloppy	holiday	holiday	8	h	.o.i.a.	3	5	0	0	0	1	0.3333	1.0000	0.6667	l	0
sloppy	holiday	holiday	9	g	ho.i.a.	1	5	0	0	1	0	0.0000	1.0000	1.0000	d	0
sloppy	holiday	holiday	10	r	ho.i.a.	1	6	0	0	1	0	0.0000	1.0000	1.0000	d	0
sloppy	holiday	holiday	11	d	ho.i.a.	1	7	0	0	0	1	1.0000	1.0000	0.0000	d	1
sloppy	holiday	holiday	12	l	ho.ida.	1	7	0	0	0	1	1.0000	1.0000	0.0000	l	1
sloppy	holiday	holiday	13	c	holida.	1	7	0	0	1	0	0.0000	1.0000	1.0000	y	0
sloppy	holiday	holiday	14	u	holida.	1	8	0	0	1	0	0.0000	1.0000	1.0000	y	0
sloppy	holiday	holiday	15	m	holida.	1	9	0	0	1	0	0.0000	1.0000	1.0000	y	0
sloppy	jungle	jungle	0	e	......	7028	0	0	0	0	1	0.6477	0.6477	0.0000	e	1
sloppy	jungle	jungle	1	t	.....e	528	0	0	0	0	0	0.2652	0.4830	0.2178	l	0
sloppy	jungle	jungle	2	a	.....e	388	1	0	0	0	0	0.4046	0.5284	0.1237	l	0
sloppy	jungle	jungle	3	o	.....e	231	2	0	0	0	0	0.3983	0.5368	0.1385	i	0
sloppy	jungle	jungle	4	i	.....e	139	3	0	0	0	0	0.6619	0.6619	0.0000	i	1
sloppy	jungle	jungle	5	n	.....e	47	4	0	0	0	1	0.1489	0.9787	0.8298	u	0
sloppy	jungle	jungle	6	s	..n..e	3	4	0	0	1	0	0.0000	1.0000	1.0000	l	0
sloppy	jungle	jungle	7	h	..n..e	3	5	0	0	1	0	0.0000	1.0000	1.0000	l	0
sloppy	jungle	jungle	8	r	..n..e	3	6	0	0	1	0	0.0000	1.0000	1.0000	l	0
sloppy	jungle	jungle	9	t	..n..e	3	7	0	1	0	0	0.0000	1.0000	0.0000	l	0
sloppy	jungle	jungle	10	d	..n..e	3	7	0	0	0	0	0.3333	1.0000	0.6667	l	0
sloppy	jungle	jungle	11	l	..n..e	2	8	0	0	0	1	1.0000	1.0000	0.0000	g	1
sloppy	jungle	jungle	12	c	..n.le	2	8	0	0	1	0	0.0000	1.0000	1.0000	g	0
sloppy	jungle	jungle	13	u	..n.le	2	9	0	0	0	1	1.0000	1.0000	0.0000	g	1
sloppy	jungle	jungle	14	m	.un.le	2	9	0	0	1	0	0.0000	1.0000	1.0000	g	0
sloppy	kangaroo	kangaroo	0	e	........	10078	0	0	0	0	0	0.6958	0.6958	0.0000	e	1
sloppy	kangaroo	kangaroo	1	t	........	3066	1	0	0	0	0	0.4269	0.7120	0.2851	i	0
sloppy	kangaroo	kangaroo	2	a	........	1757	2	0	0	0	1	0.5692	0.7171	0.1480	i	0
sloppy	kangaroo	kangaroo	3	o	.a..a...	44	2	0	0	0	1	0.0909	0.5682	0.4773	r	0
sloppy	kangaroo	kangaroo	4	i	.a..a.oo	1	2	0	0	1	0	0.0000	1.0000	1.0000	g	0
sloppy	kangaroo	kangaroo	5	n	.a..a.oo	1	3	0	0	0	1	1.0000	1.0000	0.0000	g	1
sloppy	kangaroo	kangaroo	6	b	.an.a.oo	1	3	0	0	1	0	0.0000	1.0000	1.0000	g	0
sloppy	kangaroo	kangaroo	7	e	.an.a.oo	1	4	0	1	0	0	0.0000	1.0000	0.0000	g	0
sloppy	kangaroo	kangaroo	8	y	.an.a.oo	1	4	0	0	1	0	0.0000	1.0000	1.0000	g	0
sloppy	kangaroo	kangaroo	9	s	.an.a.oo	1	5	0	0	1	0	0.0000	1.0000	1.0000	g	0
sloppy	kangaroo	kangaroo	10	h	.an.a.oo	1	6	0	0	1	0	0.0000	1.0000	1.0000	g	0
sloppy	kangaroo	kangaroo	11	q	.an.a.oo	1	7	0	0	1	0	0.0000	1.0000	1.0000	g	0
sloppy	kangaroo	kangaroo	12	h	.an.a.oo	1	8	0	1	0	0	0.0000	1.0000	0.0000	g	0
sloppy	kangaroo	kangaroo	13	l	.an.a.oo	1	8	0	0	1	0	0.0000	1.0000	1.0000	g	0
sloppy	kangaroo	kangaroo	14	r	.an.a.oo	1	9	0	0	0	1	1.0000	1.0000	0.0000	g	1
sloppy	kangaroo	kangaroo	15	d	.an.aroo	1	9	0	0	1	0	0.0000	1.0000	1.0000	g	0
sloppy	ladder	ladder	0	e	......	7028	0	0	0	0	1	0.6477	0.6477	0.0000	e	1
sloppy	ladder	ladder	1	t	....e.	2005	0	0	0	0	0	0.2449	0.4963	0.2514	d	0
sloppy	ladder	ladder	2	a	....e.	1514	1	0	0	0	1	0.3818	0.5390	0.1572	d	0
sloppy	ladder	ladder	3	o	.a..e.	363	1	0	0	0	0	0.0110	0.5895	0.5785	d	0
sloppy	ladder	ladder	4	i	.a..e.	359	2	0	0	0	0	0.1504	0.5877	0.4373	d	0
sloppy	ladder	ladder	5	q	.a..e.	305	3	0	0	1	0	0.0000	0.6098	0.6098	d	0
sloppy	ladder	ladder	6	n	.a..e.	305	4	0	0	0	0	0.2295	0.6098	0.3803	d	0
sloppy	ladder	ladder	7	s	.a..e.	235	5	0	0	0	0	0.3787	0.5915	0.2128	d	0
sloppy	ladder	ladder	8	h	.a..e.	146	6	0	0	0	0	0.1096	0.7192	0.6096	d	0
sloppy	ladder	ladder	9	r	.a..e.	130	7	0	0	0	1	0.5462	0.7308	0.1846	d	0
sloppy	ladder	ladder	10	d	.a..er	26	7	0	0	0	1	0.3846	0.3846	0.0000	d	1
sloppy	ladder	ladder	11	r	.adder	3	7	0	1	0	0	0.0000	0.3333	0.0000	b	0
sloppy	ladder	ladder	12	l	.adder	3	7	0	0	0	1	0.3333	0.3333	0.0000	b	1
sloppy	mountain	mountain	0	e	........	10078	0	0	0	0	0	0.6958	0.6958	0.0000	e	1
sloppy	mountain	mountain	1	t	........	3066	1	0	0	0	1	0.4269	0.7120	0.2851	i	0
sloppy	mountain	mountain	2	a	....t...	241	1	0	0	0	1	0.5602	0.8340	0.2739	i	0
sloppy	mountain	mountain	3	o	....ta..	12	1	0	0	0	1	0.5833	0.8333	0.2500	i	0
sloppy	mountain	mountain	4	i	.o..ta..	5	1	0	0	0	1	1.0000	1.0000	0.0000	i	1
sloppy	mountain	mountain	5	q	.o..tai.	4	1	0	0	1	0	0.0000	0.7500	0.7500	n	0
sloppy	mountain	mountain	6	n	.o..tai.	4	2	0	0	0	1	0.7500	0.7500	0.0000	n	1
sloppy	mountain	mountain	7	q	.o.ntain	2	2	0	1	0	0	0.0000	1.0000	0.0000	u	0
sloppy	mountain	mountain	8	e	.o.ntain	2	2	0	1	0	0	0.0000	1.0000	0.0000	u	0
sloppy	mountain	mountain	9	s	.o.ntain	2	2	0	0	1	0	0.0000	1.0000	1.0000	u	0
sloppy	mountain	mountain	10	o	.o.ntain	2	3	0	1	0	0	0.0000	1.0000	0.0000	u	0
sloppy	mountain	mountain	11	h	.o.ntain	2	3	0	0	1	0	0.0000	1.0000	1.0000	u	0
sloppy	mountain	mountain	12	q	.o.ntain	2	4	0	1	0	0	0.0000	1.0000	0.0000	u	0
sloppy	mountain	mountain	13	r	.o.ntain	2	4	0	0	1	0	0.0000	1.0000	1.0000	u	0
sloppy	mountain	mountain	14	d	.o.ntain	2	5	0	0	1	0	0.0000	1.0000	1.0000	u	0
sloppy	mountain	mountain	15	y	.o.ntain	2	6	0	0	1	0	0.0000	1.0000	1.0000	u	0
sloppy	mountain	mountain	16	l	.o.ntain	2	7	0	0	1	0	0.0000	1.0000	1.0000	u	0
sloppy	mountain	mountain	17	c	.o.ntain	2	8	0	0	1	0	0.0000	1.0000	1.0000	u	0
sloppy	mountain	mountain	18	a	.o.ntain	2	9	0	1	0	0	0.0000	1.0000	0.0000	u	0
sloppy	mountain	mountain	19	u	.o.ntain	2	9	0	0	0	1	1.0000	1.0000	0.0000	u	1
sloppy	mountain	mountain	20	k	.ountain	2	9	0	0	1	0	0.0000	0.5000	0.5000	f	0
sloppy	notebook	notebook	0	e	........	10078	0	0	0	0	1	0.6958	0.6958	0.0000	e	1
sloppy	notebook	notebook	1	e	...e....	322	0	0	1	0	0	0.0000	0.5963	0.0000	r	0
sloppy	notebook	notebook	2	e	...e....	322	0	0	1	0	0	0.0000	0.5963	0.0000	r	0
sloppy	notebook	notebook	3	e	...e....	322	0	0	1	0	0	0.0000	0.5963	0.0000	r	0
sloppy	notebook	notebook	4	t	...e....	322	0	0	0	0	1	0.3851	0.5963	0.2112	r	0
sloppy	notebook	notebook	5	a	..te....	27	0	0	0	0	0	0.8519	0.8519	0.0000	a	1
sloppy	notebook	notebook	6	t	..te....	4	1	0	1	0	0	0.0000	1.0000	0.0000	o	0
sloppy	notebook	notebook	7	t	..te....	4	1	0	1	0	0	0.0000	1.0000	0.0000	o	0
sloppy	notebook	notebook	8	v	..te....	4	1	0	0	1	0	0.0000	1.0000	1.0000	o	0
sloppy	notebook	notebook	9	z	..te....	4	2	0	0	1	0	0.0000	1.0000	1.0000	o	0
sloppy	notebook	notebook	10	o	..te....	4	3	0	0	0	1	1.0000	1.0000	0.0000	o	1
sloppy	notebook	notebook	11	i	.ote.oo.	1	3	0	0	1	0	0.0000	1.0000	1.0000	b	0
sloppy	notebook	notebook	12	n	.ote.oo.	1	4	0	0	0	1	1.0000	1.0000	0.0000	b	1
sloppy	notebook	notebook	13	s	note.oo.	1	4	0	0	1	0	0.0000	1.0000	1.0000	b	0
sloppy	notebook	notebook	14	h	note.oo.	1	5	0	0	1	0	0.0000	1.0000	1.0000	b	0
sloppy	notebook	notebook	15	r	note.oo.	1	6	0	0	1	0	0.0000	1.0000	1.0000	b	0
sloppy	notebook	notebook	16	d	note.oo.	1	7	0	0	1	0	0.0000	1.0000	1.0000	b	0
sloppy	notebook	notebook	17	h	note.oo.	1	8	0	1	0	0	0.0000	1.0000	0.0000	b	0
sloppy	notebook	notebook	18	w	note.oo.	1	8	0	0	1	0	0.0000	1.0000	1.0000	b	0
sloppy	notebook	notebook	19	l	note.oo.	1	9	0	0	1	0	0.0000	1.0000	1.0000	b	0
sloppy	octopus	octopus	0	e	.......	9571	0	0	0	0	0	0.6890	0.6890	0.0000	e	1
sloppy	octopus	octopus	1	t	.......	2977	1	0	0	0	1	0.3460	0.6439	0.2980	i	0
sloppy	octopus	octopus	2	j	..t....	107	1	0	0	1	0	0.0000	0.5888	0.5888	a	0
sloppy	octopus	octopus	3	a	..t....	107	2	0	0	0	0	0.5888	0.5888	0.0000	a	1
sloppy	octopus	octopus	4	e	..t....	44	3	0	1	0	0	0.0000	0.6591	0.0000	i	0
sloppy	octopus	octopus	5	x	..t....	44	3	0	0	1	0	0.0000	0.6591	0.6591	i	0
sloppy	octopus	octopus	6	e	..t....	44	4	0	1	0	0	0.0000	0.6591	0.0000	i	0
sloppy	octopus	octopus	7	o	..t....	44	4	0	0	0	1	0.6591	0.6591	0.0000	i	1
sloppy	octopus	octopus	8	i	o.to...	1	4	0	0	1	0	0.0000	1.0000	1.0000	c	0
sloppy	octopus	octopus	9	n	o.to...	1	5	0	0	1	0	0.0000	1.0000	1.0000	c	0
sloppy	octopus	octopus	10	s	o.to...	1	6	0	0	0	1	1.0000	1.0000	0.0000	c	1
sloppy	octopus	octopus	11	d	o.to..s	1	6	0	0	1	0	0.0000	1.0000	1.0000	c	0
sloppy	octopus	octopus	12	h	o.to..s	1	7	0	0	1	0	0.0000	1.0000	1.0000	c	0
sloppy	octopus	octopus	13	k	o.to..s	1	8	0	0	1	0	0.0000	1.0000	1.0000	c	0
sloppy	octopus	octopus	14	r	o.to..s	1	9	0	0	1	0	0.0000	1.0000	1.0000	c	0
sloppy	penguin	penguin	0	e	.......	9571	0	0	0	0	1	0.6890	0.6890	0.0000	e	1
sloppy	penguin	penguin	1	t	.e.....	605	0	0	0	0	0	0.4017	0.5488	0.1471	i	0
sloppy	penguin	penguin	2	a	.e.....	362	1	0	0	0	0	0.4282	0.5856	0.1575	i	0
sloppy	penguin	penguin	3	a	.e.....	207	2	0	1	0	0	0.0000	0.6425	0.0000	i	0
sloppy	penguin	penguin	4	o	.e.....	207	2	0	0	0	0	0.4589	0.6425	0.1836	i	0
sloppy	penguin	penguin	5	i	.e.....	112	3	0	0	0	1	0.9107	0.9107	0.0000	i	1
sloppy	penguin	penguin	6	z	.e...i.	2	3	0	0	1	0	0.0000	1.0000	1.0000	n	0
sloppy	penguin	penguin	7	m	.e...i.	2	4	0	0	1	0	0.0000	1.0000	1.0000	n	0
sloppy	penguin	penguin	8	n	.e...i.	2	5	0	0	0	1	1.0000	1.0000	0.0000	n	1
sloppy	penguin	penguin	9	s	.en..in	1	5	0	0	1	0	0.0000	1.0000	1.0000	g	0
sloppy	penguin	penguin	10	h	.en..in	1	6	0	0	1	0	0.0000	1.0000	1.0000	g	0
sloppy	penguin	penguin	11	r	.en..in	1	7	0	0	1	0	0.0000	1.0000	1.0000	g	0
sloppy	penguin	penguin	12	d	.en..in	1	8	0	0	1	0	0.0000	1.0000	1.0000	g	0
sloppy	penguin	penguin	13	l	.en..in	1	9	0	0	1	0	0.0000	1.0000	1.0000	g	0
sloppy	question	question	0	e	........	10078	0	0	0	0	1	0.6958	0.6958	0.0000	e	1
sloppy	question	question	1	t	..e.....	267	0	0	0	0	1	0.3970	0.6667	0.2697	i	0
sloppy	question	question	2	a	..e.t...	26	0	0	0	0	0	0.4615	0.6923	0.2308	i	0
sloppy	question	question	3	o	..e.t...	14	1	0	0	0	1	0.2143	0.7143	0.5000	s	0
sloppy	question	question	4	i	..e.t.o.	1	1	0	0	0	1	1.0000	1.0000	0.0000	i	1
sloppy	question	question	5	a	..e.tio.	1	1	0	1	0	0	0.0000	1.0000	0.0000	n	0
sloppy	question	question	6	n	..e.tio.	1	1	0	0	0	1	1.0000	1.0000	0.0000	n	1
sloppy	question	question	7	s	..e.tion	1	1	0	0	0	1	1.0000	1.0000	0.0000	q	1
sloppy	question	question	8	h	..estion	1	1	0	0	1	0	0.0000	1.0000	1.0000	q	0
sloppy	question	question	9	s	..estion	1	2	0	1	0	0	0.0000	1.0000	0.0000	q	0
sloppy	question	question	10	r	..estion	1	2	0	0	1	0	0.0000	1.0000	1.0000	q	0
sloppy	question	question	11	d	..estion	1	3	0	0	1	0	0.0000	1.0000	1.0000	q	0
sloppy	question	question	12	l	..estion	1	4	0	0	1	0	0.0000	1.0000	1.0000	q	0
sloppy	question	question	13	c	..estion	1	5	0	0	1	0	0.0000	1.0000	1.0000	q	0
sloppy	question	question	14	s	..estion	1	6	0	1	0	0	0.0000	1.0000	0.0000	q	0
sloppy	question	question	15	j	..estion	1	6	0	0	1	0	0.0000	1.0000	1.0000	q	0
sloppy	question	question	16	u	..estion	1	7	0	0	0	1	1.0000	1.0000	0.0000	q	1
sloppy	question	question	17	i	.uestion	1	7	0	1	0	0	0.0000	1.0000	0.0000	q	0
sloppy	question	question	18	m	.uestion	1	7	0	0	1	0	0.0000	1.0000	1.0000	q	0
sloppy	question	question	19	w	.uestion	1	8	0	0	1	0	0.0000	1.0000	1.0000	q	0
sloppy	question	question	20	w	.uestion	1	9	0	1	0	0	0.0000	1.0000	0.0000	q	0
sloppy	question	question	21	f	.uestion	1	9	0	0	1	0	0.0000	1.0000	1.0000	q	0
sloppy	volcano	volcano	0	e	.......	9571	0	0	0	0	0	0.6890	0.6890	0.0000	e	1
sloppy	volcano	volcano	1	t	.......	2977	1	0	0	0	0	0.3460	0.6439	0.2980	i	0
sloppy	volcano	volcano	2	e	.......	1947	2	0	1	0	0	0.0000	0.6682	0.0000	i	0
sloppy	volcano	volcano	3	a	.......	1947	2	0	0	0	1	0.5357	0.6682	0.1325	i	0
sloppy	volcano	volcano	4	o	....a..	123	2	0	0	0	1	0.3821	0.6829	0.3008	s	0
sloppy	volcano	volcano	5	i	.o..a.o	2	2	0	0	1	0	0.0000	1.0000	1.0000	n	0
sloppy	volcano	volcano	6	a	.o..a.o	2	3	0	1	0	0	0.0000	1.0000	0.0000	n	0
sloppy	volcano	volcano	7	n	.o..a.o	2	3	0	0	0	1	1.0000	1.0000	0.0000	n	1
sloppy	volcano	volcano	8	s	.o..ano	2	3	0	0	0	0	0.5000	0.5000	0.0000	c	1
sloppy	volcano	volcano	9	u	.o..ano	1	4	0	0	1	0	0.0000	1.0000	1.0000	c	0
sloppy	volcano	volcano	10	h	.o..ano	1	5	0	0	1	0	0.0000	1.0000	1.0000	c	0
sloppy	volcano	volcano	11	r	.o..ano	1	6	0	0	1	0	0.0000	1.0000	1.0000	c	0
sloppy	volcano	volcano	12	s	.o..ano	1	7	0	1	0	0	0.0000	1.0000	0.0000	c	0
sloppy	volcano	volcano	13	d	.o..ano	1	7	0	0	1	0	0.0000	1.0000	1.0000	c	0
sloppy	volcano	volcano	14	i	.o..ano	1	8	0	1	0	0	0.0000	1.0000	0.0000	c	0
sloppy	volcano	volcano	15	l	.o..ano	1	8	0	0	0	1	1.0000	1.0000	0.0000	c	1
sloppy	volcano	volcano	16	c	.ol.ano	1	8	0	0	0	1	1.0000	1.0000	0.0000	c	1
sloppy	volcano	volcano	17	m	.olcano	1	8	0	0	1	0	0.0000	1.0000	1.0000	v	0
sloppy	volcano	volcano	18	w	.olcano	1	9	0	0	1	0	0.0000	1.0000	1.0000	v	0
sloppy	postcard	postcard	0	e	........	10078	0	0	0	0	0	0.6958	0.6958	0.0000	e	1
sloppy	postcard	postcard	1	t	........	3066	1	0	0	0	1	0.4269	0.7120	0.2851	i	0
sloppy	postcard	postcard	2	a	...t....	170	1	0	0	0	1	0.6353	0.6765	0.0412	i	0
sloppy	postcard	postcard	3	o	...t.a..	16	1	0	0	0	1	0.6875	0.6875	0.0000	o	1
sloppy	postcard	postcard	4	i	.o.t.a..	8	1	0	0	0	0	0.2500	0.7500	0.5000	r	0
sloppy	postcard	postcard	5	n	.o.t.a..	6	2	0	0	0	0	0.1667	0.8333	0.6667	r	0
sloppy	postcard	postcard	6	s	.o.t.a..	5	3	0	0	0	1	0.8000	0.8000	0.0000	r	1
sloppy	postcard	postcard	7	h	.ost.a..	2	3	0	0	1	0	0.0000	1.0000	1.0000	p	0
sloppy	postcard	postcard	8	r	.ost.a..	2	4	0	0	0	1	1.0000	1.0000	0.0000	p	1
sloppy	postcard	postcard	9	d	.ost.ar.	2	4	0	0	0	1	0.5000	1.0000	0.5000	p	0
sloppy	postcard	postcard	10	l	.ost.ard	1	4	0	0	1	0	0.0000	1.0000	1.0000	c	0
sloppy	postcard	postcard	11	c	.ost.ard	1	5	0	0	0	1	1.0000	1.0000	0.0000	c	1
sloppy	postcard	postcard	12	o	.ostcard	1	5	0	1	0	0	0.0000	1.0000	0.0000	p	0
sloppy	postcard	postcard	13	u	.ostcard	1	5	0	0	1	0	0.0000	1.0000	1.0000	p	0
sloppy	postcard	postcard	14	m	.ostcard	1	6	0	0	1	0	0.0000	1.0000	1.0000	p	0
sloppy	postcard	postcard	15	q	.ostcard	1	7	0	0	1	0	0.0000	1.0000	1.0000	p	0
sloppy	postcard	postcard	16	w	.ostcard	1	8	0	0	1	0	0.0000	1.0000	1.0000	p	0
sloppy	postcard	postcard	17	f	.ostcard	1	9	0	0	1	0	0.0000	1.0000	1.0000	p	0
sloppy	harvest	harvest	0	e	.......	9571	0	0	0	0	1	0.6890	0.6890	0.0000	e	1
sloppy	harvest	harvest	1	t	....e..	987	0	0	0	0	1	0.4894	0.8369	0.3475	s	0
sloppy	harvest	harvest	2	t	....e.t	162	0	0	1	0	0	0.0000	0.7963	0.0000	s	0
sloppy	harvest	harvest	3	a	....e.t	162	0	0	0	0	1	0.3642	0.7963	0.4321	s	0
sloppy	harvest	harvest	4	o	.a..e.t	41	0	0	0	1	0	0.0000	0.9024	0.9024	s	0
sloppy	harvest	harvest	5	i	.a..e.t	41	1	0	0	0	0	0.4390	0.9024	0.4634	s	0
sloppy	harvest	harvest	6	n	.a..e.t	23	2	0	0	0	0	0.3478	0.8696	0.5217	s	0
sloppy	harvest	harvest	7	s	.a..e.t	15	3	0	0	0	1	1.0000	1.0000	0.0000	s	1
sloppy	harvest	harvest	8	h	.a..est	12	3	0	0	0	1	0.1667	0.5000	0.3333	d	0
sloppy	harvest	harvest	9	r	ha..est	2	3	0	0	0	1	1.0000	1.0000	0.0000	r	1
sloppy	harvest	harvest	10	d	har.est	2	3	0	0	0	0	0.5000	0.5000	0.0000	d	1
sloppy	harvest	harvest	11	h	har.est	1	4	0	1	0	0	0.0000	1.0000	0.0000	v	0
sloppy	harvest	harvest	12	r	har.est	1	4	0	1	0	0	0.0000	1.0000	0.0000	v	0
sloppy	harvest	harvest	13	t	har.est	1	4	0	1	0	0	0.0000	1.0000	0.0000	v	0
sloppy	harvest	harvest	14	l	har.est	1	4	0	0	1	0	0.0000	1.0000	1.0000	v	0
sloppy	harvest	harvest	15	r	har.est	1	5	0	1	0	0	0.0000	1.0000	0.0000	v	0
sloppy	harvest	harvest	16	o	har.est	1	5	0	1	0	0	0.0000	1.0000	0.0000	v	0
sloppy	harvest	harvest	17	c	har.est	1	5	0	0	1	0	0.0000	1.0000	1.0000	v	0
sloppy	harvest	harvest	18	u	har.est	1	6	0	0	1	0	0.0000	1.0000	1.0000	v	0
sloppy	harvest	harvest	19	f	har.est	1	7	0	0	1	0	0.0000	1.0000	1.0000	v	0
sloppy	harvest	harvest	20	y	har.est	1	8	0	0	1	0	0.0000	1.0000	1.0000	v	0
sloppy	harvest	harvest	21	m	har.est	1	9	0	0	1	0	0.0000	1.0000	1.0000	v	0
sloppy	compass	compass	0	e	.......	9571	0	0	0	0	0	0.6890	0.6890	0.0000	e	1
sloppy	compass	compass	1	t	.......	2977	1	0	0	0	0	0.3460	0.6439	0.2980	i	0
sloppy	compass	compass	2	a	.......	1947	2	0	0	0	1	0.5357	0.6682	0.1325	i	0
sloppy	compass	compass	3	q	....a..	123	2	0	0	1	0	0.0000	0.6829	0.6829	s	0
sloppy	compass	compass	4	o	....a..	123	3	0	0	0	1	0.3821	0.6829	0.3008	s	0
sloppy	compass	compass	5	o	.o..a..	26	3	0	1	0	0	0.0000	0.6538	0.0000	s	0
sloppy	compass	compass	6	v	.o..a..	26	3	0	0	1	0	0.0000	0.6538	0.6538	s	0
sloppy	compass	compass	7	i	.o..a..	26	4	0	0	0	0	0.1923	0.6538	0.4615	s	0
sloppy	compass	compass	8	k	.o..a..	21	5	0	0	1	0	0.0000	0.6667	0.6667	s	0
sloppy	compass	compass	9	n	.o..a..	21	6	0	0	0	0	0.3333	0.6667	0.3333	s	0
sloppy	compass	compass	10	s	.o..a..	14	7	0	0	0	1	0.8571	0.8571	0.0000	s	1
sloppy	compass	compass	11	h	.o..ass	1	7	0	0	1	0	0.0000	1.0000	1.0000	c	0
sloppy	compass	compass	12	s	.o..ass	1	8	0	1	0	0	0.0000	1.0000	0.0000	c	0
sloppy	compass	compass	13	e	.o..ass	1	8	0	1	0	0	0.0000	1.0000	0.0000	c	0
sloppy	compass	compass	14	r	.o..ass	1	8	0	0	1	0	0.0000	1.0000	1.0000	c	0
sloppy	compass	compass	15	d	.o..ass	1	9	0	0	1	0	0.0000	1.0000	1.0000	c	0
sloppy	lantern	lantern	0	e	.......	9571	0	0	0	0	1	0.6890	0.6890	0.0000	e	1
sloppy	lantern	lantern	1	e	....e..	987	0	0	1	0	0	0.0000	0.8369	0.0000	s	0
sloppy	lantern	lantern	2	t	....e..	987	0	0	0	0	1	0.4894	0.8369	0.3475	s	0
sloppy	lantern	lantern	3	a	...te..	72	0	0	0	0	1	0.4722	0.8472	0.3750	s	0
sloppy	lantern	lantern	4	o	.a.te..	23	0	0	0	1	0	0.0000	0.9130	0.9130	s	0
sloppy	lantern	lantern	5	k	.a.te..	23	1	0	0	1	0	0.0000	0.9130	0.9130	s	0
sloppy	lantern	lantern	6	z	.a.te..	23	2	0	0	1	0	0.0000	0.9130	0.9130	s	0
sloppy	lantern	lantern	7	e	.a.te..	23	3	0	1	0	0	0.0000	0.9130	0.0000	s	0
sloppy	lantern	lantern	8	i	.a.te..	23	3	0	0	0	0	0.0870	0.9130	0.8261	s	0
sloppy	lantern	lantern	9	j	.a.te..	21	4	0	0	1	0	0.0000	0.9048	0.9048	s	0
sloppy	lantern	lantern	10	n	.a.te..	21	5	0	0	0	1	0.3810	0.9048	0.5238	s	0
sloppy	lantern	lantern	11	s	.ante.n	1	5	0	0	1	0	0.0000	1.0000	1.0000	l	0
sloppy	lantern	lantern	12	h	.ante.n	1	6	0	0	1	0	0.0000	1.0000	1.0000	l	0
sloppy	lantern	lantern	13	r	.ante.n	1	7	0	0	0	1	1.0000	1.0000	0.0000	l	1
sloppy	lantern	lantern	14	d	.antern	1	7	0	0	1	0	0.0000	1.0000	1.0000	l	0
sloppy	lantern	lantern	15	l	.antern	1	8	0	0	0	1	1.0000	1.0000	0.0000	l	1
sloppy	awkward	awkward	0	e	.......	9571	0	0	0	0	0	0.6890	0.6890	0.0000	e	1
sloppy	awkward	awkward	1	e	.......	2977	1	0	1	0	0	0.0000	0.6439	0.0000	i	0
sloppy	awkward	awkward	2	e	.......	2977	1	0	1	0	0	0.0000	0.6439	0.0000	i	0
sloppy	awkward	awkward	3	t	.......	2977	1	0	0	0	0	0.3460	0.6439	0.2980	i	0
sloppy	awkward	awkward	4	a	.......	1947	2	0	0	0	1	0.5357	0.6682	0.1325	i	0
sloppy	awkward	awkward	5	t	a...a..	17	2	0	1	0	0	0.0000	0.5294	0.0000	s	0
sloppy	awkward	awkward	6	o	a...a..	17	2	0	0	0	0	0.2353	0.5294	0.2941	s	0
sloppy	awkward	awkward	7	i	a...a..	13	3	0	0	0	0	0.3846	0.5385	0.1538	r	0
sloppy	awkward	awkward	8	n	a...a..	8	4	0	0	0	0	0.5000	0.6250	0.1250	s	0
sloppy	awkward	awkward	9	s	a...a..	4	5	0	0	0	0	0.5000	0.7500	0.2500	r	0
sloppy	awkward	awkward	10	q	a...a..	2	6	0	0	1	0	0.0000	1.0000	1.0000	d	0
sloppy	awkward	awkward	11	h	a...a..	2	7	0	0	1	0	0.0000	1.0000	1.0000	d	0
sloppy	awkward	awkward	12	i	a...a..	2	8	0	1	0	0	0.0000	1.0000	0.0000	d	0
sloppy	awkward	awkward	13	h	a...a..	2	8	0	1	0	0	0.0000	1.0000	0.0000	d	0
sloppy	awkward	awkward	14	r	a...a..	2	8	0	0	0	1	0.5000	1.0000	0.5000	d	0
sloppy	awkward	awkward	15	q	a...ar.	1	8	0	1	0	0	0.0000	1.0000	0.0000	d	0
sloppy	awkward	awkward	16	a	a...ar.	1	8	0	1	0	0	0.0000	1.0000	0.0000	d	0
sloppy	awkward	awkward	17	u	a...ar.	1	8	0	0	1	0	0.0000	1.0000	1.0000	d	0
sloppy	awkward	awkward	18	f	a...ar.	1	9	0	0	1	0	0.0000	1.0000	1.0000	d	0
sloppy	bagpipes	bagpipes	0	e	........	10078	0	0	0	0	1	0.6958	0.6958	0.0000	e	1
sloppy	bagpipes	bagpipes	1	t	......e.	1620	0	0	0	0	0	0.3765	0.6377	0.2611	s	0
sloppy	bagpipes	bagpipes	2	a	......e.	1010	1	0	0	0	1	0.4317	0.6426	0.2109	s	0
sloppy	bagpipes	bagpipes	3	x	.a....e.	113	1	0	0	1	0	0.0000	0.6283	0.6283	s	0
sloppy	bagpipes	bagpipes	4	o	.a....e.	113	2	0	0	0	0	0.4248	0.6283	0.2035	s	0
sloppy	bagpipes	bagpipes	5	i	.a....e.	65	3	0	0	0	1	0.7385	0.7692	0.0308	s	0
sloppy	bagpipes	bagpipes	6	a	.a..i.e.	18	3	0	1	0	0	0.0000	0.8333	0.0000	s	0
sloppy	bagpipes	bagpipes	7	n	.a..i.e.	18	3	0	0	0	0	0.5000	0.8333	0.3333	s	0
sloppy	bagpipes	bagpipes	8	q	.a..i.e.	9	4	0	0	1	0	0.0000	0.8889	0.8889	s	0
sloppy	bagpipes	bagpipes	9	s	.a..i.e.	9	5	0	0	0	1	0.8889	0.8889	0.0000	s	1
sloppy	bagpipes	bagpipes	10	h	.a..i.es	4	5	0	0	1	0	0.0000	0.7500	0.7500	p	0
sloppy	bagpipes	bagpipes	11	r	.a..i.es	4	6	0	0	0	0	0.7500	0.7500	0.0000	p	1
sloppy	bagpipes	bagpipes	12	d	.a..i.es	1	7	0	0	1	0	0.0000	1.0000	1.0000	b	0
sloppy	bagpipes	bagpipes	13	l	.a..i.es	1	8	0	0	1	0	0.0000	1.0000	1.0000	b	0
sloppy	bagpipes	bagpipes	14	c	.a..i.es	1	9	0	0	1	0	0.0000	1.0000	1.0000	b	0
sloppy	croquet	croquet	0	e	.......	9571	0	0	0	0	1	0.6890	0.6890	0.0000	e	1
sloppy	croquet	croquet	1	t	.....e.	2375	0	0	0	0	1	0.3107	0.5251	0.2143	s	0
sloppy	croquet	croquet	2	a	.....et	39	0	0	0	0	0	0.4103	0.5897	0.1795	r	0
sloppy	croquet	croquet	3	o	.....et	23	1	0	0	0	1	0.4783	0.6087	0.1304	r	0
sloppy	croquet	croquet	4	s	..o..et	5	1	0	0	1	0	0.0000	1.0000	1.0000	r	0
sloppy	croquet	croquet	5	t	..o..et	5	2	0	1	0	0	0.0000	1.0000	0.0000	r	0
sloppy	croquet	croquet	6	i	..o..et	5	2	0	0	1	0	0.0000	1.0000	1.0000	r	0
sloppy	croquet	croquet	7	o	..o..et	5	3	0	1	0	0	0.0000	1.0000	0.0000	r	0
sloppy	croquet	croquet	8	n	..o..et	5	3	0	0	1	0	0.0000	1.0000	1.0000	r	0
sloppy	croquet	croquet	9	h	..o..et	5	4	0	0	0	0	0.4000	1.0000	0.6000	r	0
sloppy	croquet	croquet	10	r	..o..et	3	5	0	0	0	1	1.0000	1.0000	0.0000	r	1
sloppy	croquet	croquet	11	d	.ro..et	3	5	0	0	0	0	0.3333	0.3333	0.0000	c	1
sloppy	croquet	croquet	12	l	.ro..et	2	6	0	0	1	0	0.0000	0.5000	0.5000	c	0
sloppy	croquet	croquet	13	o	.ro..et	2	7	0	1	0	0	0.0000	0.5000	0.0000	c	0
sloppy	croquet	croquet	14	c	.ro..et	2	7	0	0	0	1	0.5000	0.5000	0.0000	c	1
sloppy	croquet	croquet	15	u	cro..et	1	7	0	0	0	1	1.0000	1.0000	0.0000	q	1
sloppy	croquet	croquet	16	m	cro.uet	1	7	0	0	1	0	0.0000	1.0000	1.0000	q	0
sloppy	croquet	croquet	17	w	cro.uet	1	8	0	0	1	0	0.0000	1.0000	1.0000	q	0
sloppy	croquet	croquet	18	f	cro.uet	1	9	0	0	1	0	0.0000	1.0000	1.0000	q	0
sloppy	dwarfs	dwarfs	0	e	......	7028	0	0	0	0	0	0.6477	0.6477	0.0000	e	1
sloppy	dwarfs	dwarfs	1	t	......	2476	1	0	0	0	0	0.3332	0.5230	0.1898	s	0
sloppy	dwarfs	dwarfs	2	a	......	1651	2	0	0	0	1	0.5021	0.5118	0.0097	s	0
sloppy	dwarfs	dwarfs	3	o	..a...	142	2	0	0	0	0	0.1127	0.7746	0.6620	s	0
sloppy	dwarfs	dwarfs	4	i	..a...	126	3	0	0	0	0	0.1905	0.8016	0.6111	s	0
sloppy	dwarfs	dwarfs	5	j	..a...	102	4	0	0	1	0	0.0000	0.8137	0.8137	s	0
sloppy	dwarfs	dwarfs	6	n	..a...	102	5	0	0	0	0	0.3627	0.8137	0.4510	s	0
sloppy	dwarfs	dwarfs	7	s	..a...	65	6	0	0	0	1	0.8462	0.8462	0.0000	s	1
sloppy	dwarfs	dwarfs	8	h	..a..s	23	6	0	0	0	0	0.2609	0.6087	0.3478	c	0
sloppy	dwarfs	dwarfs	9	r	..a..s	17	7	0	0	0	1	0.5882	0.5882	0.0000	r	1
sloppy	dwarfs	dwarfs	10	d	..ar.s	3	7	0	0	0	1	0.6667	0.6667	0.0000	d	1
sloppy	dwarfs	dwarfs	11	l	d.ar.s	1	7	0	0	1	0	0.0000	1.0000	1.0000	f	0
sloppy	dwarfs	dwarfs	12	c	d.ar.s	1	8	0	0	1	0	0.0000	1.0000	1.0000	f	0
sloppy	dwarfs	dwarfs	13	i	d.ar.s	1	9	0	1	0	0	0.0000	1.0000	0.0000	f	0
sloppy	dwarfs	dwarfs	14	u	d.ar.s	1	9	0	0	1	0	0.0000	1.0000	1.0000	f	0
sloppy	espionage	espionage	0	e	.........	8995	0	0	0	0	1	0.7360	0.7360	0.0000	e	1
sloppy	espionage	espionage	1	e	e.......e	41	0	0	1	0	0	0.0000	0.7805	0.0000	a	0
sloppy	espionage	espionage	2	t	e.......e	41	0	0	0	0	0	0.6341	0.7805	0.1463	a	0
sloppy	espionage	espionage	3	e	e.......e	15	1	0	1	0	0	0.0000	0.6667	0.0000	n	0
sloppy	espionage	espionage	4	e	e.......e	15	1	0	1	0	0	0.0000	0.6667	0.0000	n	0
sloppy	espionage	espionage	5	a	e.......e	15	1	0	0	0	1	0.6000	0.6667	0.0667	n	0
sloppy	espionage	espionage	6	o	e.....a.e	2	1	0	0	0	1	1.0000	1.0000	0.0000	g	1
sloppy	espionage	espionage	7	i	e...o.a.e	1	1	0	0	0	1	1.0000	1.0000	0.0000	g	1
sloppy	espionage	espionage	8	u	e..io.a.e	1	1	0	0	1	0	0.0000	1.0000	1.0000	g	0
sloppy	espionage	espionage	9	e	e..io.a.e	1	2	0	1	0	0	0.0000	1.0000	0.0000	g	0
sloppy	espionage	espionage	10	n	e..io.a.e	1	2	0	0	0	1	1.0000	1.0000	0.0000	g	1
sloppy	espionage	espionage	11	s	e..iona.e	1	2	0	0	0	1	1.0000	1.0000	0.0000	g	1
sloppy	espionage	espionage	12	h	es.iona.e	1	2	0	0	1	0	0.0000	1.0000	1.0000	g	0
sloppy	espionage	espionage	13	h	es.iona.e	1	3	0	1	0	0	0.0000	1.0000	0.0000	g	0
sloppy	espionage	espionage	14	r	es.iona.e	1	3	0	0	1	0	0.0000	1.0000	1.0000	g	0
sloppy	espionage	espionage	15	d	es.iona.e	1	4	0	0	1	0	0.0000	1.0000	1.0000	g	0
sloppy	espionage	espionage	16	b	es.iona.e	1	5	0	0	1	0	0.0000	1.0000	1.0000	g	0
sloppy	espionage	espionage	17	z	es.iona.e	1	6	0	0	1	0	0.0000	1.0000	1.0000	g	0
sloppy	espionage	espionage	18	f	es.iona.e	1	7	0	0	1	0	0.0000	1.0000	1.0000	g	0
sloppy	espionage	espionage	19	l	es.iona.e	1	8	0	0	1	0	0.0000	1.0000	1.0000	g	0
sloppy	espionage	espionage	20	c	es.iona.e	1	9	0	0	1	0	0.0000	1.0000	1.0000	g	0
sloppy	flopping	flopping	0	e	........	10078	0	0	0	0	0	0.6958	0.6958	0.0000	e	1
sloppy	flopping	flopping	1	t	........	3066	1	0	0	0	0	0.4269	0.7120	0.2851	i	0
sloppy	flopping	flopping	2	a	........	1757	2	0	0	0	0	0.5692	0.7171	0.1480	i	0
sloppy	flopping	flopping	3	o	........	757	3	0	0	0	1	0.5746	0.8322	0.2576	i	0
sloppy	flopping	flopping	4	i	..o.....	78	3	0	0	0	1	0.9359	0.9359	0.0000	i	1
sloppy	flopping	flopping	5	n	..o..i..	67	3	0	0	0	1	0.8806	0.8806	0.0000	g	1
sloppy	flopping	flopping	6	s	..o..in.	45	3	0	0	0	0	0.4000	1.0000	0.6000	g	0
sloppy	flopping	flopping	7	h	..o..in.	27	4	0	0	0	0	0.1481	1.0000	0.8519	g	0
sloppy	flopping	flopping	8	r	..o..in.	23	5	0	0	0	0	0.4348	1.0000	0.5652	g	0
sloppy	flopping	flopping	9	d	..o..in.	13	6	0	0	0	0	0.1538	1.0000	0.8462	g	0
sloppy	flopping	flopping	10	l	..o..in.	11	7	0	0	0	1	1.0000	1.0000	0.0000	g	1
sloppy	flopping	flopping	11	c	.lo..in.	11	7	0	0	0	0	0.5455	1.0000	0.4545	g	0
sloppy	flopping	flopping	12	u	.lo..in.	5	8	0	0	1	0	0.0000	1.0000	1.0000	g	0
sloppy	flopping	flopping	13	m	.lo..in.	5	9	0	0	1	0	0.0000	1.0000	1.0000	g	0
sloppy	gazebo	gazebo	0	e	......	7028	0	0	0	0	1	0.6477	0.6477	0.0000	e	1
sloppy	gazebo	gazebo	1	e	...e..	445	0	0	1	0	0	0.0000	0.7213	0.0000	s	0
sloppy	gazebo	gazebo	2	t	...e..	445	0	0	0	0	0	0.4067	0.7213	0.3146	s	0
sloppy	gazebo	gazebo	3	a	...e..	264	1	0	0	0	1	0.3409	0.7348	0.3939	s	0
sloppy	gazebo	gazebo	4	o	.a.e..	49	1	0	0	0	1	0.0408	0.7755	0.7347	s	0
sloppy	gazebo	gazebo	5	n	.a.e.o	1	1	0	0	1	0	0.0000	1.0000	1.0000	b	0
sloppy	gazebo	gazebo	6	i	.a.e.o	1	2	0	0	1	0	0.0000	1.0000	1.0000	b	0
sloppy	gazebo	gazebo	7	s	.a.e.o	1	3	0	0	1	0	0.0000	1.0000	1.0000	b	0
sloppy	gazebo	gazebo	8	h	.a.e.o	1	4	0	0	1	0	0.0000	1.0000	1.0000	b	0
sloppy	gazebo	gazebo	9	r	.a.e.o	1	5	0	0	1	0	0.0000	1.0000	1.0000	b	0
sloppy	gazebo	gazebo	10	d	.a.e.o	1	6	0	0	1	0	0.0000	1.0000	1.0000	b	0
sloppy	gazebo	gazebo	11	l	.a.e.o	1	7	0	0	1	0	0.0000	1.0000	1.0000	b	0
sloppy	gazebo	gazebo	12	t	.a.e.o	1	8	0	1	0	0	0.0000	1.0000	0.0000	b	0
sloppy	gazebo	gazebo	13	t	.a.e.o	1	8	0	1	0	0	0.0000	1.0000	0.0000	b	0
sloppy	gazebo	gazebo	14	w	.a.e.o	1	8	0	0	1	0	0.0000	1.0000	1.0000	b	0
sloppy	gazebo	gazebo	15	c	.a.e.o	1	9	0	0	1	0	0.0000	1.0000	1.0000	b	0
sloppy	haiku	haiku	0	e	.....	4431	0	0	0	0	0	0.4715	0.4906	0.0192	s	0
sloppy	haiku	haiku	1	e	.....	2342	1	0	1	0	0	0.0000	0.5401	0.0000	s	0
sloppy	haiku	haiku	2	t	.....	2342	1	0	0	0	0	0.2874	0.5401	0.2528	s	0
sloppy	haiku	haiku	3	a	.....	1669	2	0	0	0	1	0.4284	0.5374	0.1090	s	0
sloppy	haiku	haiku	4	o	.a...	251	2	0	0	0	0	0.1514	0.5737	0.4223	s	0
sloppy	haiku	haiku	5	i	.a...	213	3	0	0	0	1	0.2582	0.6432	0.3850	s	0
sloppy	haiku	haiku	6	q	.ai..	31	3	0	0	1	0	0.0000	0.7419	0.7419	s	0
sloppy	haiku	haiku	7	t	.ai..	31	4	0	1	0	0	0.0000	0.7419	0.0000	s	0
sloppy	haiku	haiku	8	n	.ai..	31	4	0	0	0	0	0.2258	0.7419	0.5161	s	0
sloppy	haiku	haiku	9	v	.ai..	24	5	0	0	1	0	0.0000	0.7500	0.7500	s	0
sloppy	haiku	haiku	10	s	.ai..	24	6	0	0	0	0	0.7500	0.7500	0.0000	s	1
sloppy	haiku	haiku	11	h	.ai..	6	7	0	0	0	1	0.3333	0.8333	0.5000	y	0
sloppy	haiku	haiku	12	r	hai..	2	7	0	0	0	0	0.5000	0.5000	0.0000	k	1
sloppy	haiku	haiku	13	d	hai..	1	8	0	0	1	0	0.0000	1.0000	1.0000	k	0
sloppy	haiku	haiku	14	j	hai..	1	9	0	0	1	0	0.0000	1.0000	1.0000	k	0
sloppy	ivory	ivory	0	e	.....	4431	0	0	0	0	0	0.4715	0.4906	0.0192	s	0
sloppy	ivory	ivory	1	t	.....	2342	1	0	0	0	0	0.2874	0.5401	0.2528	s	0
sloppy	ivory	ivory	2	a	.....	1669	2	0	0	0	0	0.4284	0.5374	0.1090	s	0
sloppy	ivory	ivory	3	o	.....	954	3	0	0	0	1	0.4623	0.5692	0.1069	s	0
sloppy	ivory	ivory	4	o	..o..	113	3	0	1	0	0	0.0000	0.6106	0.0000	s	0
sloppy	ivory	ivory	5	i	..o..	113	3	0	0	0	1	0.1150	0.6106	0.4956	s	0
sloppy	ivory	ivory	6	k	i.o..	5	3	0	0	1	0	0.0000	0.6000	0.6000	n	0
sloppy	ivory	ivory	7	n	i.o..	5	4	0	0	0	0	0.6000	0.6000	0.0000	n	1
sloppy	ivory	ivory	8	s	i.o..	2	5	0	0	0	0	0.5000	0.5000	0.0000	d	1
sloppy	ivory	ivory	9	b	i.o..	1	6	0	0	1	0	0.0000	1.0000	1.0000	r	0
sloppy	ivory	ivory	10	h	i.o..	1	7	0	0	1	0	0.0000	1.0000	1.0000	r	0
sloppy	ivory	ivory	11	c	i.o..	1	8	0	0	1	0	0.0000	1.0000	1.0000	r	0
sloppy	ivory	ivory	12	r	i.o..	1	9	0	0	0	1	1.0000	1.0000	0.0000	r	1
sloppy	ivory	ivory	13	d	i.or.	1	9	0	0	1	0	0.0000	1.0000	1.0000	v	0
sloppy	jukebox	jukebox	0	e	.......	9571	0	0	0	0	1	0.6890	0.6890	0.0000	e	1
sloppy	jukebox	jukebox	1	t	...e...	241	0	0	0	0	0	0.4398	0.5685	0.1286	s	0
sloppy	jukebox	jukebox	2	a	...e...	135	1	0	0	0	0	0.5852	0.5852	0.0000	a	1
sloppy	jukebox	jukebox	3	e	...e...	56	2	0	1	0	0	0.0000	0.5536	0.0000	o	0
sloppy	jukebox	jukebox	4	o	...e...	56	2	0	0	0	1	0.5536	0.5536	0.0000	o	1
sloppy	jukebox	jukebox	5	e	...e.o.	3	2	0	1	0	0	0.0000	0.6667	0.0000	k	0
sloppy	jukebox	jukebox	6	i	...e.o.	3	2	0	0	0	0	0.3333	0.6667	0.3333	k	0
sloppy	jukebox	jukebox	7	e	...e.o.	2	3	0	1	0	0	0.0000	1.0000	0.0000	k	0
sloppy	jukebox	jukebox	8	n	...e.o.	2	3	0	0	1	0	0.0000	1.0000	1.0000	k	0
sloppy	jukebox	jukebox	9	s	...e.o.	2	4	0	0	1	0	0.0000	1.0000	1.0000	k	0
sloppy	jukebox	jukebox	10	h	...e.o.	2	5	0	0	1	0	0.0000	1.0000	1.0000	k	0
sloppy	jukebox	jukebox	11	r	...e.o.	2	6	0	0	1	0	0.0000	1.0000	1.0000	k	0
sloppy	jukebox	jukebox	12	n	...e.o.	2	7	0	1	0	0	0.0000	1.0000	0.0000	k	0
sloppy	jukebox	jukebox	13	d	...e.o.	2	7	0	0	0	0	0.5000	1.0000	0.5000	k	0
sloppy	jukebox	jukebox	14	n	...e.o.	1	8	0	1	0	0	0.0000	1.0000	0.0000	b	0
sloppy	jukebox	jukebox	15	l	...e.o.	1	8	0	0	1	0	0.0000	1.0000	1.0000	b	0
sloppy	jukebox	jukebox	16	c	...e.o.	1	9	0	0	1	0	0.0000	1.0000	1.0000	b	0
sloppy	kayak	kayak	0	e	.....	4431	0	0	0	0	0	0.4715	0.4906	0.0192	s	0
sloppy	kayak	kayak	1	t	.....	2342	1	0	0	0	0	0.2874	0.5401	0.2528	s	0
sloppy	kayak	kayak	2	a	.....	1669	2	0	0	0	1	0.4284	0.5374	0.1090	s	0
sloppy	kayak	kayak	3	o	.a.a.	23	2	0	0	0	0	0.0435	0.4348	0.3913	l	0
sloppy	kayak	kayak	4	i	.a.a.	22	3	0	0	0	0	0.0455	0.4545	0.4091	l	0
sloppy	kayak	kayak	5	n	.a.a.	21	4	0	0	0	0	0.2857	0.4762	0.1905	l	0
sloppy	kayak	kayak	6	s	.a.a.	15	5	0	0	0	0	0.5333	0.5333	0.0000	s	1
sloppy	kayak	kayak	7	e	.a.a.	7	6	0	1	0	0	0.0000	0.2857	0.0000	c	0
sloppy	kayak	kayak	8	s	.a.a.	7	6	0	1	0	0	0.0000	0.2857	0.0000	c	0
sloppy	kayak	kayak	9	h	.a.a.	7	6	0	0	0	0	0.1429	0.2857	0.1429	c	0
sloppy	kayak	kayak	10	r	.a.a.	6	7	0	0	0	0	0.1667	0.3333	0.1667	c	0
sloppy	kayak	kayak	11	d	.a.a.	5	8	0	0	0	0	0.2000	0.4000	0.2000	c	0
sloppy	kayak	kayak	12	l	.a.a.	4	9	0	0	0	0	0.5000	0.5000	0.0000	c	1
sloppy	lymph	lymph	0	e	.....	4431	0	0	0	0	0	0.4715	0.4906	0.0192	s	0
sloppy	lymph	lymph	1	t	.....	2342	1	0	0	0	0	0.2874	0.5401	0.2528	s	0
sloppy	lymph	lymph	2	a	.....	1669	2	0	0	0	0	0.4284	0.5374	0.1090	s	0
sloppy	lymph	lymph	3	a	.....	954	3	0	1	0	0	0.0000	0.5692	0.0000	s	0
sloppy	lymph	lymph	4	o	.....	954	3	0	0	0	0	0.4623	0.5692	0.1069	s	0
sloppy	lymph	lymph	5	i	.....	513	4	0	0	0	0	0.5458	0.5809	0.0351	s	0
sloppy	lymph	lymph	6	n	.....	233	5	0	0	0	0	0.2103	0.9356	0.7253	u	0
sloppy	lymph	lymph	7	q	.....	184	6	0	0	1	0	0.0000	0.9402	0.9402	u	0
sloppy	lymph	lymph	8	a	.....	184	7	0	1	0	0	0.0000	0.9402	0.0000	u	0
sloppy	lymph	lymph	9	x	.....	184	7	0	0	1	0	0.0000	0.9402	0.9402	u	0
sloppy	lymph	lymph	10	i	.....	184	8	0	1	0	0	0.0000	0.9402	0.0000	u	0
sloppy	lymph	lymph	11	s	.....	184	8	0	0	0	0	0.6467	0.9402	0.2935	u	0
sloppy	lymph	lymph	12	h	.....	65	9	0	0	0	1	0.2000	0.9077	0.7077	u	0
sloppy	lymph	lymph	13	r	....h	6	9	0	0	0	0	0.3333	0.8333	0.5000	l	0
sloppy	matrix	matrix	0	e	......	7028	0	0	0	0	0	0.6477	0.6477	0.0000	e	1
sloppy	matrix	matrix	1	t	......	2476	1	0	0	0	1	0.3332	0.5230	0.1898	s	0
sloppy	matrix	matrix	2	a	..t...	121	1	0	0	0	1	0.5620	0.5950	0.0331	i	0
sloppy	matrix	matrix	3	a	.at...	33	1	0	1	0	0	0.0000	0.6364	0.0000	i	0
sloppy	matrix	matrix	4	o	.at...	33	1	0	0	0	0	0.4545	0.6364	0.1818	i	0
sloppy	matrix	matrix	5	i	.at...	18	2	0	0	0	1	0.8333	0.8333	0.0000	i	1
sloppy	matrix	matrix	6	n	.at.i.	3	2	0	0	0	0	0.6667	0.6667	0.0000	c	1
sloppy	matrix	matrix	7	o	.at.i.	1	3	0	1	0	0	0.0000	1.0000	0.0000	m	0
sloppy	matrix	matrix	8	s	.at.i.	1	3	0	0	1	0	0.0000	1.0000	1.0000	m	0
sloppy	matrix	matrix	9	h	.at.i.	1	4	0	0	1	0	0.0000	1.0000	1.0000	m	0
sloppy	matrix	matrix	10	r	.at.i.	1	5	0	0	0	1	1.0000	1.0000	0.0000	m	1
sloppy	matrix	matrix	11	o	.atri.	1	5	0	1	0	0	0.0000	1.0000	0.0000	m	0
sloppy	matrix	matrix	12	d	.atri.	1	5	0	0	1	0	0.0000	1.0000	1.0000	m	0
sloppy	matrix	matrix	13	l	.atri.	1	6	0	0	1	0	0.0000	1.0000	1.0000	m	0
sloppy	matrix	matrix	14	c	.atri.	1	7	0	0	1	0	0.0000	1.0000	1.0000	m	0
sloppy	matrix	matrix	15	o	.atri.	1	8	0	1	0	0	0.0000	1.0000	0.0000	m	0
sloppy	matrix	matrix	16	u	.atri.	1	8	0	0	1	0	0.0000	1.0000	1.0000	m	0
sloppy	matrix	matrix	17	m	.atri.	1	9	0	0	0	1	1.0000	1.0000	0.0000	m	1
sloppy	matrix	matrix	18	w	matri.	1	9	0	0	1	0	0.0000	1.0000	1.0000	x	0
sloppy	zephyr	zephyr	0	e	......	7028	0	0	0	0	1	0.6477	0.6477	0.0000	e	1
sloppy	zephyr	zephyr	1	t	.e....	399	0	0	0	0	0	0.3609	0.4712	0.1103	r	0
sloppy	zephyr	zephyr	2	t	.e....	255	1	0	1	0	0	0.0000	0.4980	0.0000	r	0
sloppy	zephyr	zephyr	3	a	.e....	255	1	0	0	0	0	0.4235	0.4980	0.0745	r	0
sloppy	zephyr	zephyr	4	o	.e....	147	2	0	0	0	0	0.4694	0.4966	0.0272	r	0
sloppy	zephyr	zephyr	5	i	.e....	78	3	0	0	0	0	0.6923	0.6923	0.0000	i	1
sloppy	zephyr	zephyr	6	n	.e....	24	4	0	0	0	0	0.3333	0.7500	0.4167	u	0
sloppy	zephyr	zephyr	7	s	.e....	16	5	0	0	0	0	0.5625	0.6875	0.1250	r	0
sloppy	zephyr	zephyr	8	c	.e....	7	6	0	0	1	0	0.0000	0.5714	0.5714	b	0
sloppy	zephyr	zephyr	9	q	.e....	7	7	0	0	1	0	0.0000	0.5714	0.5714	b	0
sloppy	zephyr	zephyr	10	t	.e....	7	8	0	1	0	0	0.0000	0.5714	0.0000	b	0
sloppy	zephyr	zephyr	11	x	.e....	7	8	0	0	1	0	0.0000	0.5714	0.5714	b	0
sloppy	zephyr	zephyr	12	h	.e....	7	9	0	0	0	1	0.1429	0.5714	0.4286	b	0
sloppy	zephyr	zephyr	13	r	.e.h..	1	9	0	0	0	1	1.0000	1.0000	0.0000	p	1
sloppy	zephyr	zephyr	14	w	.e.h.r	1	9	0	0	1	0	0.0000	1.0000	1.0000	p	0
sloppy	jigsaw	jigsaw	0	e	......	7028	0	0	0	0	0	0.6477	0.6477	0.0000	e	1
sloppy	jigsaw	jigsaw	1	t	......	2476	1	0	0	0	0	0.3332	0.5230	0.1898	s	0
sloppy	jigsaw	jigsaw	2	a	......	1651	2	0	0	0	1	0.5021	0.5118	0.0097	s	0
sloppy	jigsaw	jigsaw	3	o	....a.	110	2	0	0	0	0	0.4000	0.4636	0.0636	l	0
sloppy	jigsaw	jigsaw	4	i	....a.	66	3	0	0	0	1	0.5152	0.5152	0.0000	i	1
sloppy	jigsaw	jigsaw	5	n	.i..a.	24	3	0	0	0	0	0.2083	0.6250	0.4167	s	0
sloppy	jigsaw	jigsaw	6	q	.i..a.	19	4	0	0	1	0	0.0000	0.6316	0.6316	s	0
sloppy	jigsaw	jigsaw	7	s	.i..a.	19	5	0	0	0	1	0.6316	0.6316	0.0000	s	1
sloppy	jigsaw	jigsaw	8	h	.i.sa.	2	5	0	0	1	0	0.0000	1.0000	1.0000	w	0
sloppy	jigsaw	jigsaw	9	r	.i.sa.	2	6	0	0	0	0	0.5000	1.0000	0.5000	w	0
sloppy	jigsaw	jigsaw	10	d	.i.sa.	1	7	0	0	1	0	0.0000	1.0000	1.0000	g	0
sloppy	jigsaw	jigsaw	11	l	.i.sa.	1	8	0	0	1	0	0.0000	1.0000	1.0000	g	0
sloppy	jigsaw	jigsaw	12	c	.i.sa.	1	9	0	0	1	0	0.0000	1.0000	1.0000	g	0
sloppy	whisky	whisky	0	e	......	7028	0	0	0	0	0	0.6477	0.6477	0.0000	e	1
sloppy	whisky	whisky	1	t	......	2476	1	0	0	0	0	0.3332	0.5230	0.1898	s	0
sloppy	whisky	whisky	2	a	......	1651	2	0	0	0	0	0.5021	0.5118	0.0097	s	0
sloppy	whisky	whisky	3	o	......	822	3	0	0	0	0	0.5292	0.5633	0.0341	i	0
sloppy	whisky	whisky	4	i	......	387	4	0	0	0	1	0.7261	0.7261	0.0000	i	1
sloppy	whisky	whisky	5	t	..i...	83	4	0	1	0	0	0.0000	0.8675	0.0000	s	0
sloppy	whisky	whisky	6	n	..i...	83	4	0	0	0	0	0.2771	0.8675	0.5904	s	0
sloppy	whisky	whisky	7	e	..i...	60	5	0	1	0	0	0.0000	0.8833	0.0000	s	0
sloppy	whisky	whisky	8	x	..i...	60	5	0	0	1	0	0.0000	0.8833	0.8833	s	0
sloppy	whisky	whisky	9	s	..i...	60	6	0	0	0	1	0.8833	0.8833	0.0000	s	1
sloppy	whisky	whisky	10	h	..is..	4	6	0	0	0	1	0.2500	1.0000	0.7500	y	0
sloppy	whisky	whisky	11	v	.his..	1	6	0	0	1	0	0.0000	1.0000	1.0000	k	0
sloppy	whisky	whisky	12	t	.his..	1	7	0	1	0	0	0.0000	1.0000	0.0000	k	0
sloppy	whisky	whisky	13	j	.his..	1	7	0	0	1	0	0.0000	1.0000	1.0000	k	0
sloppy	whisky	whisky	14	r	.his..	1	8	0	0	1	0	0.0000	1.0000	1.0000	k	0
sloppy	whisky	whisky	15	z	.his..	1	9	0	0	1	0	0.0000	1.0000	1.0000	k	0
sloppy	quibble	quibble	0	e	.......	9571	0	0	0	0	1	0.6890	0.6890	0.0000	e	1
sloppy	quibble	quibble	1	e	......e	535	0	0	1	0	0	0.0000	0.5346	0.0000	a	0
sloppy	quibble	quibble	2	t	......e	535	0	0	0	0	0	0.3607	0.5346	0.1738	a	0
sloppy	quibble	quibble	3	a	......e	342	1	0	0	0	0	0.5205	0.5205	0.0000	a	1
sloppy	quibble	quibble	4	o	......e	164	2	0	0	0	0	0.5732	0.6159	0.0427	i	0
sloppy	quibble	quibble	5	j	......e	70	3	0	0	1	0	0.0000	0.7714	0.7714	i	0
sloppy	quibble	quibble	6	a	......e	70	4	0	1	0	0	0.0000	0.7714	0.0000	i	0
sloppy	quibble	quibble	7	i	......e	70	4	0	0	0	1	0.7714	0.7714	0.0000	i	1
sloppy	quibble	quibble	8	y	..i...e	16	4	0	0	1	0	0.0000	1.0000	1.0000	l	0
sloppy	quibble	quibble	9	v	..i...e	16	5	0	0	1	0	0.0000	1.0000	1.0000	l	0
sloppy	quibble	quibble	10	e	..i...e	16	6	0	1	0	0	0.0000	1.0000	0.0000	l	0
sloppy	quibble	quibble	11	n	..i...e	16	6	0	0	0	0	0.4375	1.0000	0.5625	l	0
sloppy	quibble	quibble	12	s	..i...e	9	7	0	0	0	0	0.1111	1.0000	0.8889	l	0
sloppy	quibble	quibble	13	s	..i...e	8	8	0	1	0	0	0.0000	1.0000	0.0000	l	0
sloppy	quibble	quibble	14	h	..i...e	8	8	0	0	1	0	0.0000	1.0000	1.0000	l	0
sloppy	quibble	quibble	15	r	..i...e	8	9	0	0	0	0	0.8750	1.0000	0.1250	l	0
sloppy	pyjamas	pyjamas	0	e	.......	9571	0	0	0	0	0	0.6890	0.6890	0.0000	e	1
sloppy	pyjamas	pyjamas	1	t	.......	2977	1	0	0	0	0	0.3460	0.6439	0.2980	i	0
sloppy	pyjamas	pyjamas	2	t	.......	1947	2	0	1	0	0	0.0000	0.6682	0.0000	i	0
sloppy	pyjamas	pyjamas	3	a	.......	1947	2	0	0	0	1	0.5357	0.6682	0.1325	i	0
sloppy	pyjamas	pyjamas	4	o	...a.a.	6	2	0	0	1	0	0.0000	0.8333	0.8333	s	0
sloppy	pyjamas	pyjamas	5	i	...a.a.	6	3	0	0	0	0	0.5000	0.8333	0.3333	s	0
sloppy	pyjamas	pyjamas	6	g	...a.a.	3	4	0	0	1	0	0.0000	0.6667	0.6667	p	0
sloppy	pyjamas	pyjamas	7	o	...a.a.	3	5	0	1	0	0	0.0000	0.6667	0.0000	p	0
sloppy	pyjamas	pyjamas	8	a	...a.a.	3	5	0	1	0	0	0.0000	0.6667	0.0000	p	0
sloppy	pyjamas	pyjamas	9	n	...a.a.	3	5	0	0	0	0	0.3333	0.6667	0.3333	p	0
sloppy	pyjamas	pyjamas	10	s	...a.a.	2	6	0	0	0	1	1.0000	1.0000	0.0000	p	1
sloppy	pyjamas	pyjamas	11	h	...a.as	1	6	0	0	1	0	0.0000	1.0000	1.0000	j	0
sloppy	pyjamas	pyjamas	12	r	...a.as	1	7	0	0	1	0	0.0000	1.0000	1.0000	j	0
sloppy	pyjamas	pyjamas	13	d	...a.as	1	8	0	0	1	0	0.0000	1.0000	1.0000	j	0
sloppy	pyjamas	pyjamas	14	l	...a.as	1	9	0	0	1	0	0.0000	1.0000	1.0000	j	0
sloppy	jackpot	jackpot	0	e	.......	9571	0	0	0	0	0	0.6890	0.6890	0.0000	e	1
sloppy	jackpot	jackpot	1	t	.......	2977	1	0	0	0	1	0.3460	0.6439	0.2980	i	0
sloppy	jackpot	jackpot	2	a	......t	152	1	0	0	0	1	0.5855	0.5855	0.0000	a	1
sloppy	jackpot	jackpot	3	o	.a....t	25	1	0	0	0	1	0.4400	0.5200	0.0800	i	0
sloppy	jackpot	jackpot	4	i	.a...ot	2	1	0	0	1	0	0.0000	0.5000	0.5000	c	0
sloppy	jackpot	jackpot	5	n	.a...ot	2	2	0	0	0	0	0.5000	0.5000	0.0000	c	1
sloppy	jackpot	jackpot	6	o	.a...ot	1	3	0	1	0	0	0.0000	1.0000	0.0000	c	0
sloppy	jackpot	jackpot	7	s	.a...ot	1	3	0	0	1	0	0.0000	1.0000	1.0000	c	0
sloppy	jackpot	jackpot	8	h	.a...ot	1	4	0	0	1	0	0.0000	1.0000	1.0000	c	0
sloppy	jackpot	jackpot	9	r	.a...ot	1	5	0	0	1	0	0.0000	1.0000	1.0000	c	0
sloppy	jackpot	jackpot	10	d	.a...ot	1	6	0	0	1	0	0.0000	1.0000	1.0000	c	0
sloppy	jackpot	jackpot	11	l	.a...ot	1	7	0	0	1	0	0.0000	1.0000	1.0000	c	0
sloppy	jackpot	jackpot	12	c	.a...ot	1	8	0	0	0	1	1.0000	1.0000	0.0000	c	1
sloppy	jackpot	jackpot	13	u	.ac..ot	1	8	0	0	1	0	0.0000	1.0000	1.0000	j	0
sloppy	jackpot	jackpot	14	m	.ac..ot	1	9	0	0	1	0	0.0000	1.0000	1.0000	j	0
sloppy	oxidise	oxidise	0	e	.......	9571	0	0	0	0	1	0.6890	0.6890	0.0000	e	1
sloppy	oxidise	oxidise	1	t	......e	535	0	0	0	0	0	0.3607	0.5346	0.1738	a	0
sloppy	oxidise	oxidise	2	a	......e	342	1	0	0	0	0	0.5205	0.5205	0.0000	a	1
sloppy	oxidise	oxidise	3	o	......e	164	2	0	0	0	1	0.5732	0.6159	0.0427	i	0
sloppy	oxidise	oxidise	4	i	o.....e	6	2	0	0	0	1	0.6667	0.6667	0.0000	i	1
sloppy	oxidise	oxidise	5	n	o.i.i.e	2	2	0	0	1	0	0.0000	0.5000	0.5000	c	0
sloppy	oxidise	oxidise	6	s	o.i.i.e	2	3	0	0	0	1	0.5000	0.5000	0.0000	c	1
sloppy	oxidise	oxidise	7	h	o.i.ise	1	3	0	0	1	0	0.0000	1.0000	1.0000	d	0
sloppy	oxidise	oxidise	8	h	o.i.ise	1	4	0	1	0	0	0.0000	1.0000	0.0000	d	0
sloppy	oxidise	oxidise	9	r	o.i.ise	1	4	0	0	1	0	0.0000	1.0000	1.0000	d	0
sloppy	oxidise	oxidise	10	d	o.i.ise	1	5	0	0	0	1	1.0000	1.0000	0.0000	d	1
sloppy	oxidise	oxidise	11	l	o.idise	1	5	0	0	1	0	0.0000	1.0000	1.0000	x	0
sloppy	oxidise	oxidise	12	c	o.idise	1	6	0	0	1	0	0.0000	1.0000	1.0000	x	0
sloppy	oxidise	oxidise	13	u	o.idise	1	7	0	0	1	0	0.0000	1.0000	1.0000	x	0
sloppy	oxidise	oxidise	14	m	o.idise	1	8	0	0	1	0	0.0000	1.0000	1.0000	x	0
sloppy	oxidise	oxidise	15	w	o.idise	1	9	0	0	1	0	0.0000	1.0000	1.0000	x	0
sloppy	buzzard	buzzard	0	e	.......	9571	0	0	0	0	0	0.6890	0.6890	0.0000	e	1
sloppy	buzzard	buzzard	1	t	.......	2977	1	0	0	0	0	0.3460	0.6439	0.2980	i	0
sloppy	buzzard	buzzard	2	a	.......	1947	2	0	0	0	1	0.5357	0.6682	0.1325	i	0
sloppy	buzzard	buzzard	3	o	....a..	123	2	0	0	0	0	0.3821	0.6829	0.3008	s	0
sloppy	buzzard	buzzard	4	i	....a..	76	3	0	0	0	0	0.5789	0.7105	0.1316	s	0
sloppy	buzzard	buzzard	5	n	....a..	32	4	0	0	0	0	0.2500	0.7812	0.5312	s	0
sloppy	buzzard	buzzard	6	s	....a..	24	5	0	0	0	0	0.7083	0.7083	0.0000	s	1
sloppy	buzzard	buzzard	7	o	....a..	7	6	0	1	0	0	0.0000	0.8571	0.0000	r	0
sloppy	buzzard	buzzard	8	h	....a..	7	6	0	0	0	0	0.1429	0.8571	0.7143	r	0
sloppy	buzzard	buzzard	9	a	....a..	6	7	0	1	0	0	0.0000	0.8333	0.0000	r	0
sloppy	buzzard	buzzard	10	n	....a..	6	7	0	1	0	0	0.0000	0.8333	0.0000	r	0
sloppy	buzzard	buzzard	11	r	....a..	6	7	0	0	0	1	0.8333	0.8333	0.0000	r	1
sloppy	buzzard	buzzard	12	e	....ar.	3	7	0	1	0	0	0.0000	1.0000	0.0000	u	0
sloppy	buzzard	buzzard	13	d	....ar.	3	7	0	0	0	1	0.6667	1.0000	0.3333	u	0
sloppy	buzzard	buzzard	14	l	....ard	1	7	0	0	1	0	0.0000	1.0000	1.0000	b	0
sloppy	buzzard	buzzard	15	f	....ard	1	8	0	0	1	0	0.0000	1.0000	1.0000	b	0
sloppy	buzzard	buzzard	16	c	....ard	1	9	0	0	1	0	0.0000	1.0000	1.0000	b	0
sloppy	crypt	crypt	0	e	.....	4431	0	0	0	0	0	0.4715	0.4906	0.0192	s	0
sloppy	crypt	crypt	1	t	.....	2342	1	0	0	0	1	0.2874	0.5401	0.2528	s	0
sloppy	crypt	crypt	2	a	....t	157	1	0	0	0	0	0.4204	0.4204	0.0000	a	1
sloppy	crypt	crypt	3	o	....t	91	2	0	0	0	0	0.4835	0.5714	0.0879	i	0
sloppy	crypt	crypt	4	i	....t	47	3	0	0	0	0	0.7660	0.7660	0.0000	i	1
sloppy	crypt	crypt	5	e	....t	11	4	0	1	0	0	0.0000	0.9091	0.0000	u	0
sloppy	crypt	crypt	6	n	....t	11	4	0	0	0	0	0.5455	0.9091	0.3636	u	0
sloppy	crypt	crypt	7	s	....t	5	5	0	0	0	0	0.6000	1.0000	0.4000	r	0
sloppy	crypt	crypt	8	z	....t	2	6	0	0	1	0	0.0000	1.0000	1.0000	r	0
sloppy	crypt	crypt	9	h	....t	2	7	0	0	1	0	0.0000	1.0000	1.0000	r	0
sloppy	crypt	crypt	10	i	....t	2	8	0	1	0	0	0.0000	1.0000	0.0000	r	0
sloppy	crypt	crypt	11	r	....t	2	8	0	0	0	1	1.0000	1.0000	0.0000	r	1
sloppy	crypt	crypt	12	d	.r..t	1	8	0	0	1	0	0.0000	1.0000	1.0000	c	0
sloppy	crypt	crypt	13	l	.r..t	1	9	0	0	1	0	0.0000	1.0000	1.0000	c	0
sloppy	duplex	duplex	0	e	......	7028	0	0	0	0	1	0.6477	0.6477	0.0000	e	1
sloppy	duplex	duplex	1	t	....e.	2005	0	0	0	0	0	0.2449	0.4963	0.2514	d	0
sloppy	duplex	duplex	2	e	....e.	1514	1	0	1	0	0	0.0000	0.5390	0.0000	d	0
sloppy	duplex	duplex	3	t	....e.	1514	1	0	1	0	0	0.0000	0.5390	0.0000	d	0
sloppy	duplex	duplex	4	a	....e.	1514	1	0	0	0	0	0.3818	0.5390	0.1572	d	0
sloppy	duplex	duplex	5	o	....e.	936	2	0	0	0	0	0.4209	0.5342	0.1132	d	0
sloppy	duplex	duplex	6	i	....e.	542	3	0	0	0	0	0.5830	0.5830	0.0000	i	1
sloppy	duplex	duplex	7	n	....e.	226	4	0	0	0	0	0.2124	0.9558	0.7434	u	0
sloppy	duplex	duplex	8	q	....e.	178	5	0	0	1	0	0.0000	0.9663	0.9663	u	0
sloppy	duplex	duplex	9	s	....e.	178	6	0	0	0	0	0.4213	0.9663	0.5449	u	0
sloppy	duplex	duplex	10	h	....e.	103	7	0	0	0	0	0.0777	0.9709	0.8932	u	0
sloppy	duplex	duplex	11	r	....e.	95	8	0	0	0	0	0.4632	0.9789	0.5158	u	0
sloppy	duplex	duplex	12	n	....e.	51	9	0	1	0	0	0.0000	0.9608	0.0000	d	0
sloppy	duplex	duplex	13	d	....e.	51	9	0	0	0	1	0.9608	0.9608	0.0000	d	1
sloppy	duplex	duplex	14	l	d...e.	1	9	0	0	0	1	1.0000	1.0000	0.0000	l	1
sloppy	duplex	duplex	15	c	d..le.	1	9	0	0	1	0	0.0000	1.0000	1.0000	p	0
sloppy	foxglove	foxglove	0	e	........	10078	0	0	0	0	1	0.6958	0.6958	0.0000	e	1
sloppy	foxglove	foxglove	1	t	.......e	503	0	0	0	0	0	0.4533	0.6521	0.1988	a	0
sloppy	foxglove	foxglove	2	a	.......e	275	1	0	0	0	0	0.6182	0.6291	0.0109	i	0
sloppy	foxglove	foxglove	3	o	.......e	105	2	0	0	0	1	0.6286	0.7429	0.1143	i	0
sloppy	foxglove	foxglove	4	j	.o...o.e	5	2	0	0	1	0	0.0000	0.8000	0.8000	f	0
sloppy	foxglove	foxglove	5	i	.o...o.e	5	3	0	0	1	0	0.0000	0.8000	0.8000	f	0
sloppy	foxglove	foxglove	6	q	.o...o.e	5	4	0	0	1	0	0.0000	0.8000	0.8000	f	0
sloppy	foxglove	foxglove	7	n	.o...o.e	5	5	0	0	1	0	0.0000	0.8000	0.8000	f	0
sloppy	foxglove	foxglove	8	z	.o...o.e	5	6	0	0	1	0	0.0000	0.8000	0.8000	f	0
sloppy	foxglove	foxglove	9	s	.o...o.e	5	7	0	0	0	0	0.4000	0.8000	0.4000	f	0
sloppy	foxglove	foxglove	10	h	.o...o.e	3	8	0	0	0	0	0.3333	1.0000	0.6667	l	0
sloppy	foxglove	foxglove	11	y	.o...o.e	2	9	0	0	1	0	0.0000	1.0000	1.0000	f	0
sloppy	galvanise	galvanise	0	e	.........	8995	0	0	0	0	1	0.7360	0.7360	0.0000	e	1
sloppy	galvanise	galvanise	1	t	........e	457	0	0	0	0	0	0.5602	0.7221	0.1619	a	0
sloppy	galvanise	galvanise	2	a	........e	201	1	0	0	0	1	0.6468	0.6468	0.0000	a	1
sloppy	galvanise	galvanise	3	z	.a..a...e	6	1	0	0	1	0	0.0000	1.0000	1.0000	n	0
sloppy	galvanise	galvanise	4	o	.a..a...e	6	2	0	0	1	0	0.0000	1.0000	1.0000	n	0
sloppy	galvanise	galvanise	5	e	.a..a...e	6	3	0	1	0	0	0.0000	1.0000	0.0000	n	0
sloppy	galvanise	galvanise	6	o	.a..a...e	6	3	0	1	0	0	0.0000	1.0000	0.0000	n	0
sloppy	galvanise	galvanise	7	i	.a..a...e	6	3	0	0	0	1	0.6667	1.0000	0.3333	n	0
sloppy	galvanise	galvanise	8	n	.a..a.i.e	4	3	0	0	0	1	1.0000	1.0000	0.0000	n	1
sloppy	galvanise	galvanise	9	w	.a..ani.e	2	3	0	0	1	0	0.0000	1.0000	1.0000	l	0
sloppy	galvanise	galvanise	10	e	.a..ani.e	2	4	0	1	0	0	0.0000	1.0000	0.0000	l	0
sloppy	galvanise	galvanise	11	s	.a..ani.e	2	4	0	0	0	1	0.5000	1.0000	0.5000	l	0
sloppy	galvanise	galvanise	12	h	.a..anise	1	4	0	0	1	0	0.0000	1.0000	1.0000	g	0
sloppy	galvanise	galvanise	13	a	.a..anise	1	5	0	1	0	0	0.0000	1.0000	0.0000	g	0
sloppy	galvanise	galvanise	14	r	.a..anise	1	5	0	0	1	0	0.0000	1.0000	1.0000	g	0
sloppy	galvanise	galvanise	15	n	.a..anise	1	6	0	1	0	0	0.0000	1.0000	0.0000	g	0
sloppy	galvanise	galvanise	16	d	.a..anise	1	6	0	0	1	0	0.0000	1.0000	1.0000	g	0
sloppy	galvanise	galvanise	17	l	.a..anise	1	7	0	0	0	1	1.0000	1.0000	0.0000	g	1
sloppy	galvanise	galvanise	18	c	.al.anise	1	7	0	0	1	0	0.0000	1.0000	1.0000	g	0
sloppy	galvanise	galvanise	19	u	.al.anise	1	8	0	0	1	0	0.0000	1.0000	1.0000	g	0
sloppy	galvanise	galvanise	20	m	.al.anise	1	9	0	0	1	0	0.0000	1.0000	1.0000	g	0
sloppy	hyphen	hyphen	0	e	......	7028	0	0	0	0	1	0.6477	0.6477	0.0000	e	1
sloppy	hyphen	hyphen	1	e	....e.	2005	0	0	1	0	0	0.0000	0.4963	0.0000	d	0
sloppy	hyphen	hyphen	2	t	....e.	2005	0	0	0	0	0	0.2449	0.4963	0.2514	d	0
sloppy	hyphen	hyphen	3	a	....e.	1514	1	0	0	0	0	0.3818	0.5390	0.1572	d	0
sloppy	hyphen	hyphen	4	o	....e.	936	2	0	0	0	0	0.4209	0.5342	0.1132	d	0
sloppy	hyphen	hyphen	5	i	....e.	542	3	0	0	0	0	0.5830	0.5830	0.0000	i	1
sloppy	hyphen	hyphen	6	n	....e.	226	4	0	0	0	1	0.2124	0.9558	0.7434	u	0
sloppy	hyphen	hyphen	7	s	....en	4	4	0	0	0	0	0.5000	0.7500	0.2500	u	0
sloppy	hyphen	hyphen	8	h	....en	2	5	0	0	0	1	0.5000	0.5000	0.0000	b	1
sloppy	hyphen	hyphen	9	r	h..hen	1	5	0	0	1	0	0.0000	1.0000	1.0000	p	0
sloppy	hyphen	hyphen	10	d	h..hen	1	6	0	0	1	0	0.0000	1.0000	1.0000	p	0
sloppy	hyphen	hyphen	11	l	h..hen	1	7	0	0	1	0	0.0000	1.0000	1.0000	p	0
sloppy	hyphen	hyphen	12	d	h..hen	1	8	0	1	0	0	0.0000	1.0000	0.0000	p	0
sloppy	hyphen	hyphen	13	c	h..hen	1	8	0	0	1	0	0.0000	1.0000	1.0000	p	0
sloppy	hyphen	hyphen	14	x	h..hen	1	9	0	0	1	0	0.0000	1.0000	1.0000	p	0
sloppy	ivy	ivy	0	e	...	587	0	0	0	0	0	0.2402	0.2879	0.0477	a	0
sloppy	ivy	ivy	1	t	...	446	1	0	0	0	0	0.1794	0.3386	0.1592	a	0
sloppy	ivy	ivy	2	t	...	366	2	0	1	0	0	0.0000	0.3470	0.0000	a	0
sloppy	ivy	ivy	3	a	...	366	2	0	0	0	0	0.3470	0.3470	0.0000	a	1
sloppy	ivy	ivy	4	o	...	239	3	0	0	0	0	0.3933	0.3933	0.0000	o	1
sloppy	ivy	ivy	5	i	...	145	4	0	0	0	1	0.4966	0.4966	0.0000	i	1
sloppy	ivy	ivy	6	n	i..	12	4	0	0	0	0	0.2500	0.3333	0.0833	s	0
sloppy	ivy	ivy	7	s	i..	9	5	0	0	0	0	0.3333	0.3333	0.0000	s	1
sloppy	ivy	ivy	8	h	i..	6	6	0	0	1	0	0.0000	0.3333	0.3333	k	0
sloppy	ivy	ivy	9	r	i..	6	7	0	0	0	0	0.1667	0.3333	0.1667	k	0
sloppy	ivy	ivy	10	d	i..	5	8	0	0	1	0	0.0000	0.4000	0.4000	l	0
sloppy	ivy	ivy	11	l	i..	5	9	0	0	0	0	0.4000	0.4000	0.0000	l	1
sloppy	jinx	jinx	0	e	....	2295	0	0	0	0	0	0.3630	0.3630	0.0000	e	1
sloppy	jinx	jinx	1	t	....	1462	1	0	0	0	0	0.2305	0.4022	0.1717	s	0
sloppy	jinx	jinx	2	a	....	1125	2	0	0	0	0	0.3902	0.4062	0.0160	s	0
sloppy	jinx	jinx	3	e	....	686	3	0	1	0	0	0.0000	0.4592	0.0000	o	0
sloppy	jinx	jinx	4	o	....	686	3	0	0	0	0	0.4592	0.4592	0.0000	o	1
sloppy	jinx	jinx	5	i	....	371	4	0	0	0	1	0.4987	0.4987	0.0000	i	1
sloppy	jinx	jinx	6	o	.i..	129	4	0	1	0	0	0.0000	0.4574	0.0000	s	0
sloppy	jinx	jinx	7	a	.i..	129	4	0	1	0	0	0.0000	0.4574	0.0000	s	0
sloppy	jinx	jinx	8	n	.i..	129	4	0	0	0	1	0.3101	0.4574	0.1473	s	0
sloppy	jinx	jinx	9	s	.in.	32	4	0	0	0	0	0.2812	0.3125	0.0312	k	0
sloppy	jinx	jinx	10	h	.in.	23	5	0	0	0	0	0.0435	0.3913	0.3478	k	0
sloppy	jinx	jinx	11	a	.in.	22	6	0	1	0	0	0.0000	0.4091	0.0000	k	0
sloppy	jinx	jinx	12	s	.in.	22	6	0	1	0	0	0.0000	0.4091	0.0000	k	0
sloppy	jinx	jinx	13	r	.in.	22	6	0	0	0	0	0.1364	0.4091	0.2727	k	0
sloppy	jinx	jinx	14	d	.in.	19	7	0	0	0	0	0.3158	0.4211	0.1053	k	0
sloppy	jinx	jinx	15	t	.in.	13	8	0	1	0	0	0.0000	0.5385	0.0000	k	0
sloppy	jinx	jinx	16	l	.in.	13	8	0	0	0	0	0.0769	0.5385	0.4615	k	0
sloppy	jinx	jinx	17	i	.in.	12	9	0	1	0	0	0.0000	0.5000	0.0000	k	0
sloppy	jinx	jinx	18	u	.in.	12	9	0	0	1	0	0.0000	0.5000	0.5000	k	0
sloppy	kiosk	kiosk	0	e	.....	4431	0	0	0	0	0	0.4715	0.4906	0.0192	s	0
sloppy	kiosk	kiosk	1	e	.....	2342	1	0	1	0	0	0.0000	0.5401	0.0000	s	0
sloppy	kiosk	kiosk	2	t	.....	2342	1	0	0	0	0	0.2874	0.5401	0.2528	s	0
sloppy	kiosk	kiosk	3	a	.....	1669	2	0	0	0	0	0.4284	0.5374	0.1090	s	0
sloppy	kiosk	kiosk	4	o	.....	954	3	0	0	0	1	0.4623	0.5692	0.1069	s	0
sloppy	kiosk	kiosk	5	q	..o..	113	3	0	0	1	0	0.0000	0.6106	0.6106	s	0
sloppy	kiosk	kiosk	6	t	..o..	113	4	0	1	0	0	0.0000	0.6106	0.0000	s	0
sloppy	kiosk	kiosk	7	i	..o..	113	4	0	0	0	1	0.1150	0.6106	0.4956	s	0
sloppy	kiosk	kiosk	8	n	.io..	4	4	0	0	0	0	0.2500	1.0000	0.7500	s	0
sloppy	kiosk	kiosk	9	s	.io..	3	5	0	0	0	1	1.0000	1.0000	0.0000	s	1
sloppy	kiosk	kiosk	10	h	.ios.	1	5	0	0	1	0	0.0000	1.0000	1.0000	k	0
sloppy	kiosk	kiosk	11	r	.ios.	1	6	0	0	1	0	0.0000	1.0000	1.0000	k	0
sloppy	kiosk	kiosk	12	d	.ios.	1	7	0	0	1	0	0.0000	1.0000	1.0000	k	0
sloppy	kiosk	kiosk	13	r	.ios.	1	8	0	1	0	0	0.0000	1.0000	0.0000	k	0
sloppy	kiosk	kiosk	14	r	.ios.	1	8	0	1	0	0	0.0000	1.0000	0.0000	k	0
sloppy	kiosk	kiosk	15	q	.ios.	1	8	0	1	0	0	0.0000	1.0000	0.0000	k	0
sloppy	kiosk	kiosk	16	a	.ios.	1	8	0	1	0	0	0.0000	1.0000	0.0000	k	0
sloppy	kiosk	kiosk	17	l	.ios.	1	8	0	0	1	0	0.0000	1.0000	1.0000	k	0
sloppy	kiosk	kiosk	18	c	.ios.	1	9	0	0	1	0	0.0000	1.0000	1.0000	k	0
sloppy	larynx	larynx	0	e	......	7028	0	0	0	0	0	0.6477	0.6477	0.0000	e	1
sloppy	larynx	larynx	1	e	......	2476	1	0	1	0	0	0.0000	0.5230	0.0000	s	0
sloppy	larynx	larynx	2	e	......	2476	1	0	1	0	0	0.0000	0.5230	0.0000	s	0
sloppy	larynx	larynx	3	t	......	2476	1	0	0	0	0	0.3332	0.5230	0.1898	s	0
sloppy	larynx	larynx	4	e	......	1651	2	0	1	0	0	0.0000	0.5118	0.0000	s	0
sloppy	larynx	larynx	5	a	......	1651	2	0	0	0	1	0.5021	0.5118	0.0097	s	0
sloppy	larynx	larynx	6	q	.a....	242	2	0	0	1	0	0.0000	0.5372	0.5372	i	0
sloppy	larynx	larynx	7	o	.a....	242	3	0	0	0	0	0.3719	0.5372	0.1653	i	0
sloppy	larynx	larynx	8	i	.a....	152	4	0	0	0	0	0.7895	0.7895	0.0000	i	1
sloppy	larynx	larynx	9	n	.a....	32	5	0	0	0	1	0.2188	0.6250	0.4062	l	0
sloppy	larynx	larynx	10	s	.a..n.	1	5	0	0	1	0	0.0000	1.0000	1.0000	l	0
sloppy	larynx	larynx	11	h	.a..n.	1	6	0	0	1	0	0.0000	1.0000	1.0000	l	0
sloppy	larynx	larynx	12	r	.a..n.	1	7	0	0	0	1	1.0000	1.0000	0.0000	l	1
sloppy	larynx	larynx	13	d	.ar.n.	1	7	0	0	1	0	0.0000	1.0000	1.0000	l	0
sloppy	larynx	larynx	14	l	.ar.n.	1	8	0	0	0	1	1.0000	1.0000	0.0000	l	1
sloppy	larynx	larynx	15	c	lar.n.	1	8	0	0	1	0	0.0000	1.0000	1.0000	x	0
sloppy	larynx	larynx	16	f	lar.n.	1	9	0	0	1	0	0.0000	1.0000	1.0000	x	0
sloppy	marquis	marquis	0	e	.......	9571	0	0	0	0	0	0.6890	0.6890	0.0000	e	1
sloppy	marquis	marquis	1	t	.......	2977	1	0	0	0	0	0.3460	0.6439	0.2980	i	0
sloppy	marquis	marquis	2	a	.......	1947	2	0	0	0	1	0.5357	0.6682	0.1325	i	0
sloppy	marquis	marquis	3	o	.a.....	365	2	0	0	0	0	0.2959	0.7178	0.4219	i	0
sloppy	marquis	marquis	4	i	.a.....	257	3	0	0	0	1	0.9339	0.9339	0.0000	i	1
sloppy	marquis	marquis	5	n	.a...i.	8	3	0	0	0	0	0.6250	0.6250	0.0000	n	1
sloppy	marquis	marquis	6	s	.a...i.	3	4	0	0	0	1	0.6667	1.0000	0.3333	r	0
sloppy	marquis	marquis	7	h	.a...is	1	4	0	0	1	0	0.0000	1.0000	1.0000	m	0
sloppy	marquis	marquis	8	r	.a...is	1	5	0	0	0	1	1.0000	1.0000	0.0000	m	1
sloppy	marquis	marquis	9	e	.ar..is	1	5	0	1	0	0	0.0000	1.0000	0.0000	m	0
sloppy	marquis	marquis	10	d	.ar..is	1	5	0	0	1	0	0.0000	1.0000	1.0000	m	0
sloppy	marquis	marquis	11	l	.ar..is	1	6	0	0	1	0	0.0000	1.0000	1.0000	m	0
sloppy	marquis	marquis	12	c	.ar..is	1	7	0	0	1	0	0.0000	1.0000	1.0000	m	0
sloppy	marquis	marquis	13	u	.ar..is	1	8	0	0	0	1	1.0000	1.0000	0.0000	m	1
sloppy	marquis	marquis	14	m	.ar.uis	1	8	0	0	0	1	1.0000	1.0000	0.0000	m	1
sloppy	marquis	marquis	15	w	mar.uis	1	8	0	0	1	0	0.0000	1.0000	1.0000	q	0
sloppy	marquis	marquis	16	f	mar.uis	1	9	0	0	1	0	0.0000	1.0000	1.0000	q	0
sloppy	nymph	nymph	0	e	.....	4431	0	0	0	0	0	0.4715	0.4906	0.0192	s	0
sloppy	nymph	nymph	1	t	.....	2342	1	0	0	0	0	0.2874	0.5401	0.2528	s	0
sloppy	nymph	nymph	2	a	.....	1669	2	0	0	0	0	0.4284	0.5374	0.1090	s	0
sloppy	nymph	nymph	3	o	.....	954	3	0	0	0	0	0.4623	0.5692	0.1069	s	0
sloppy	nymph	nymph	4	i	.....	513	4	0	0	0	0	0.5458	0.5809	0.0351	s	0
sloppy	nymph	nymph	5	x	.....	233	5	0	0	1	0	0.0000	0.9356	0.9356	u	0
sloppy	nymph	nymph	6	n	.....	233	6	0	0	0	1	0.2103	0.9356	0.7253	u	0
sloppy	nymph	nymph	7	s	n....	3	6	0	0	0	0	0.6667	0.6667	0.0000	m	1
sloppy	nymph	nymph	8	s	n....	1	7	0	1	0	0	0.0000	1.0000	0.0000	h	0
sloppy	nymph	nymph	9	h	n....	1	7	0	0	0	1	1.0000	1.0000	0.0000	h	1
sloppy	nymph	nymph	10	r	n...h	1	7	0	0	1	0	0.0000	1.0000	1.0000	m	0
sloppy	nymph	nymph	11	q	n...h	1	8	0	0	1	0	0.0000	1.0000	1.0000	m	0
sloppy	nymph	nymph	12	d	n...h	1	9	0	0	1	0	0.0000	1.0000	1.0000	m	0
sloppy	onyx	onyx	0	e	....	2295	0	0	0	0	0	0.3630	0.3630	0.0000	e	1
sloppy	onyx	onyx	1	t	....	1462	1	0	0	0	0	0.2305	0.4022	0.1717	s	0
sloppy	onyx	onyx	2	a	....	1125	2	0	0	0	0	0.3902	0.4062	0.0160	s	0
sloppy	onyx	onyx	3	o	....	686	3	0	0	0	1	0.4592	0.4592	0.0000	o	1
sloppy	onyx	onyx	4	i	o...	18	3	0	0	0	0	0.1667	0.6111	0.4444	s	0
sloppy	onyx	onyx	5	a	o...	15	4	0	1	0	0	0.0000	0.6667	0.0000	s	0
sloppy	onyx	onyx	6	n	o...	15	4	0	0	0	1	0.2667	0.6667	0.4000	s	0
sloppy	onyx	onyx	7	s	on..	3	4	0	0	0	0	0.3333	0.6667	0.3333	y	0
sloppy	onyx	onyx	8	h	on..	2	5	0	0	1	0	0.0000	1.0000	1.0000	y	0
sloppy	onyx	onyx	9	r	on..	2	6	0	0	1	0	0.0000	1.0000	1.0000	y	0
sloppy	onyx	onyx	10	d	on..	2	7	0	0	1	0	0.0000	1.0000	1.0000	y	0
sloppy	onyx	onyx	11	l	on..	2	8	0	0	0	0	0.5000	1.0000	0.5000	y	0
sloppy	onyx	onyx	12	c	on..	1	9	0	0	1	0	0.0000	1.0000	1.0000	x	0
sloppy	pixel	pixel	0	e	.....	4431	0	0	0	0	1	0.4715	0.4906	0.0192	s	0
sloppy	pixel	pixel	1	t	...e.	846	0	0	0	0	0	0.1749	0.4409	0.2660	s	0
sloppy	pixel	pixel	2	a	...e.	698	1	0	0	0	0	0.3424	0.4484	0.1060	s	0
sloppy	pixel	pixel	3	o	...e.	459	2	0	0	0	0	0.4118	0.4423	0.0305	s	0
sloppy	pixel	pixel	4	i	...e.	270	3	0	0	0	1	0.6667	0.6667	0.0000	i	1
sloppy	pixel	pixel	5	n	.i.e.	143	3	0	0	0	0	0.2238	0.4615	0.2378	s	0
sloppy	pixel	pixel	6	s	.i.e.	111	4	0	0	0	0	0.4865	0.4865	0.0000	s	1
sloppy	pixel	pixel	7	h	.i.e.	57	5	0	0	0	0	0.0877	0.6491	0.5614	d	0
sloppy	pixel	pixel	8	r	.i.e.	52	6	0	0	0	0	0.5385	0.6346	0.0962	d	0
sloppy	pixel	pixel	9	d	.i.e.	24	7	0	0	0	0	0.8750	0.8750	0.0000	d	1
sloppy	pixel	pixel	10	q	.i.e.	3	8	0	0	1	0	0.0000	0.6667	0.6667	b	0
sloppy	pixel	pixel	11	f	.i.e.	3	9	0	0	1	0	0.0000	0.6667	0.6667	b	0
sloppy	quartz	quartz	0	e	......	7028	0	0	0	0	0	0.6477	0.6477	0.0000	e	1
sloppy	quartz	quartz	1	t	......	2476	1	0	0	0	1	0.3332	0.5230	0.1898	s	0
sloppy	quartz	quartz	2	a	....t.	185	1	0	0	0	1	0.4108	0.7946	0.3838	s	0
sloppy	quartz	quartz	3	o	..a.t.	25	1	0	0	0	0	0.1600	0.8400	0.6800	s	0
sloppy	quartz	quartz	4	k	..a.t.	21	2	0	0	1	0	0.0000	0.8571	0.8571	s	0
sloppy	quartz	quartz	5	i	..a.t.	21	3	0	0	0	0	0.1429	0.8571	0.7143	s	0
sloppy	quartz	quartz	6	v	..a.t.	18	4	0	0	1	0	0.0000	0.8889	0.8889	s	0
sloppy	quartz	quartz	7	n	..a.t.	18	5	0	0	0	0	0.3889	0.8889	0.5000	s	0
sloppy	quartz	quartz	8	j	..a.t.	11	6	0	0	1	0	0.0000	0.8182	0.8182	r	0
sloppy	quartz	quartz	9	s	..a.t.	11	7	0	0	0	0	0.8182	0.8182	0.0000	r	1
sloppy	quartz	quartz	10	h	..a.t.	2	8	0	0	1	0	0.0000	1.0000	1.0000	r	0
sloppy	quartz	quartz	11	r	..a.t.	2	9	0	0	0	1	1.0000	1.0000	0.0000	r	1
sloppy	quartz	quartz	12	r	..art.	1	9	0	1	0	0	0.0000	1.0000	0.0000	q	0
sloppy	quartz	quartz	13	d	..art.	1	9	0	0	1	0	0.0000	1.0000	1.0000	q	0
sloppy	rhythm	rhythm	0	e	......	7028	0	0	0	0	0	0.6477	0.6477	0.0000	e	1
sloppy	rhythm	rhythm	1	t	......	2476	1	0	0	0	1	0.3332	0.5230	0.1898	s	0
sloppy	rhythm	rhythm	2	a	...t..	125	1	0	0	0	0	0.4480	0.5600	0.1120	s	0
sloppy	rhythm	rhythm	3	o	...t..	69	2	0	0	0	0	0.4783	0.6522	0.1739	s	0
sloppy	rhythm	rhythm	4	i	...t..	36	3	0	0	0	0	0.7222	0.7222	0.0000	i	1
sloppy	rhythm	rhythm	5	n	...t..	10	4	0	0	1	0	0.0000	0.9000	0.9000	u	0
sloppy	rhythm	rhythm	6	s	...t..	10	5	0	0	0	0	0.5000	0.9000	0.4000	u	0
sloppy	rhythm	rhythm	7	h	...t..	5	6	0	0	0	1	0.6000	0.8000	0.2000	u	0
sloppy	rhythm	rhythm	8	r	.h.th.	1	6	0	0	0	1	1.0000	1.0000	0.0000	m	1
sloppy	rhythm	rhythm	9	e	rh.th.	1	6	0	1	0	0	0.0000	1.0000	0.0000	m	0
sloppy	rhythm	rhythm	10	c	rh.th.	1	6	0	0	1	0	0.0000	1.0000	1.0000	m	0
sloppy	rhythm	rhythm	11	d	rh.th.	1	7	0	0	1	0	0.0000	1.0000	1.0000	m	0
sloppy	rhythm	rhythm	12	l	rh.th.	1	8	0	0	1	0	0.0000	1.0000	1.0000	m	0
sloppy	rhythm	rhythm	13	v	rh.th.	1	9	0	0	1	0	0.0000	1.0000	1.0000	m	0
sloppy	sphinx	sphinx	0	e	......	7028	0	0	0	0	0	0.6477	0.6477	0.0000	e	1
sloppy	sphinx	sphinx	1	t	......	2476	1	0	0	0	0	0.3332	0.5230	0.1898	s	0
sloppy	sphinx	sphinx	2	a	......	1651	2	0	0	0	0	0.5021	0.5118	0.0097	s	0
sloppy	sphinx	sphinx	3	e	......	822	3	0	1	0	0	0.0000	0.5633	0.0000	i	0
sloppy	sphinx	sphinx	4	o	......	822	3	0	0	0	0	0.5292	0.5633	0.0341	i	0
sloppy	sphinx	sphinx	5	i	......	387	4	0	0	0	1	0.7261	0.7261	0.0000	i	1
sloppy	sphinx	sphinx	6	n	...i..	70	4	0	0	0	1	0.7000	0.7000	0.0000	n	1
sloppy	sphinx	sphinx	7	s	...in.	38	4	0	0	0	1	0.2895	0.8947	0.6053	g	0
sloppy	sphinx	sphinx	8	h	s..in.	7	4	0	0	0	1	0.4286	0.7143	0.2857	g	0
sloppy	sphinx	sphinx	9	c	s.hin.	1	4	0	0	1	0	0.0000	1.0000	1.0000	p	0
sloppy	sphinx	sphinx	10	r	s.hin.	1	5	0	0	1	0	0.0000	1.0000	1.0000	p	0
sloppy	sphinx	sphinx	11	d	s.hin.	1	6	0	0	1	0	0.0000	1.0000	1.0000	p	0
sloppy	sphinx	sphinx	12	l	s.hin.	1	7	0	0	1	0	0.0000	1.0000	1.0000	p	0
sloppy	sphinx	sphinx	13	u	s.hin.	1	8	0	0	1	0	0.0000	1.0000	1.0000	p	0
sloppy	sphinx	sphinx	14	m	s.hin.	1	9	0	0	1	0	0.0000	1.0000	1.0000	p	0
sloppy	topaz	topaz	0	e	.....	4431	0	0	0	0	0	0.4715	0.4906	0.0192	s	0
sloppy	topaz	topaz	1	t	.....	2342	1	0	0	0	1	0.2874	0.5401	0.2528	s	0
sloppy	topaz	topaz	2	a	t....	124	1	0	0	0	1	0.4113	0.4355	0.0242	s	0
sloppy	topaz	topaz	3	o	t..a.	9	1	0	0	0	1	0.4444	0.4444	0.0000	o	1
sloppy	topaz	topaz	4	h	to.a.	4	1	0	0	1	0	0.0000	0.2500	0.2500	d	0
sloppy	topaz	topaz	5	i	to.a.	4	2	0	0	1	0	0.0000	0.2500	0.2500	d	0
sloppy	topaz	topaz	6	n	to.a.	4	3	0	0	0	0	0.2500	0.2500	0.0000	d	1
sloppy	topaz	topaz	7	a	to.a.	3	4	0	1	0	0	0.0000	0.3333	0.0000	d	0
sloppy	topaz	topaz	8	l	to.a.	3	4	0	0	1	0	0.0000	0.3333	0.3333	d	0
sloppy	topaz	topaz	9	s	to.a.	3	5	0	0	0	0	0.3333	0.3333	0.0000	d	1
sloppy	topaz	topaz	10	r	to.a.	2	6	0	0	1	0	0.0000	0.5000	0.5000	d	0
sloppy	topaz	topaz	11	i	to.a.	2	7	0	1	0	0	0.0000	0.5000	0.0000	d	0
sloppy	topaz	topaz	12	a	to.a.	2	7	0	1	0	0	0.0000	0.5000	0.0000	d	0
sloppy	topaz	topaz	13	d	to.a.	2	7	0	0	0	0	0.5000	0.5000	0.0000	d	1
sloppy	topaz	topaz	14	i	to.a.	1	8	0	1	0	0	0.0000	1.0000	0.0000	p	0
sloppy	topaz	topaz	15	c	to.a.	1	8	0	0	1	0	0.0000	1.0000	1.0000	p	0
sloppy	topaz	topaz	16	u	to.a.	1	9	0	0	1	0	0.0000	1.0000	1.0000	p	0
sloppy	vortex	vortex	0	e	......	7028	0	0	0	0	1	0.6477	0.6477	0.0000	e	1
sloppy	vortex	vortex	1	t	....e.	2005	0	0	0	0	1	0.2449	0.4963	0.2514	d	0
sloppy	vortex	vortex	2	a	...te.	175	0	0	0	0	0	0.4400	0.4743	0.0343	r	0
sloppy	vortex	vortex	3	o	...te.	98	1	0	0	0	1	0.4388	0.4796	0.0408	s	0
sloppy	vortex	vortex	4	q	.o.te.	27	1	0	0	1	0	0.0000	0.5926	0.5926	r	0
sloppy	vortex	vortex	5	a	.o.te.	27	2	0	1	0	0	0.0000	0.5926	0.0000	r	0
sloppy	vortex	vortex	6	k	.o.te.	27	2	0	0	1	0	0.0000	0.5926	0.5926	r	0
sloppy	vortex	vortex	7	i	.o.te.	27	3	0	0	0	0	0.0370	0.5926	0.5556	r	0
sloppy	vortex	vortex	8	n	.o.te.	26	4	0	0	0	0	0.1154	0.5769	0.4615	r	0
sloppy	vortex	vortex	9	s	.o.te.	23	5	0	0	0	0	0.5217	0.6522	0.1304	r	0
sloppy	vortex	vortex	10	h	.o.te.	11	6	0	0	1	0	0.0000	0.6364	0.6364	r	0
sloppy	vortex	vortex	11	r	.o.te.	11	7	0	0	0	1	0.6364	0.6364	0.0000	r	1
sloppy	vortex	vortex	12	d	.orte.	3	7	0	0	0	0	0.3333	0.6667	0.3333	x	0
sloppy	vortex	vortex	13	l	.orte.	2	8	0	0	1	0	0.0000	1.0000	1.0000	x	0
sloppy	vortex	vortex	14	g	.orte.	2	9	0	0	1	0	0.0000	1.0000	1.0000	x	0
sloppy	zodiac	zodiac	0	e	......	7028	0	0	0	0	0	0.6477	0.6477	0.0000	e	1
sloppy	zodiac	zodiac	1	t	......	2476	1	0	0	0	0	0.3332	0.5230	0.1898	s	0
sloppy	zodiac	zodiac	2	a	......	1651	2	0	0	0	1	0.5021	0.5118	0.0097	s	0
sloppy	zodiac	zodiac	3	o	....a.	110	2	0	0	0	1	0.4000	0.4636	0.0636	l	0
sloppy	zodiac	zodiac	4	i	.o..a.	25	2	0	0	0	1	0.1600	0.4800	0.3200	c	0
sloppy	zodiac	zodiac	5	n	.o.ia.	3	2	0	0	1	0	0.0000	0.6667	0.6667	c	0
sloppy	zodiac	zodiac	6	o	.o.ia.	3	3	0	1	0	0	0.0000	0.6667	0.0000	c	0
sloppy	zodiac	zodiac	7	s	.o.ia.	3	3	0	0	0	0	0.3333	0.6667	0.3333	c	0
sloppy	zodiac	zodiac	8	h	.o.ia.	2	4	0	0	1	0	0.0000	0.5000	0.5000	c	0
sloppy	zodiac	zodiac	9	r	.o.ia.	2	5	0	0	1	0	0.0000	0.5000	0.5000	c	0
sloppy	zodiac	zodiac	10	s	.o.ia.	2	6	0	1	0	0	0.0000	0.5000	0.0000	c	0
sloppy	zodiac	zodiac	11	d	.o.ia.	2	6	0	0	0	1	0.5000	0.5000	0.0000	c	1
sloppy	zodiac	zodiac	12	l	.odia.	1	6	0	0	1	0	0.0000	1.0000	1.0000	c	0
sloppy	zodiac	zodiac	13	i	.odia.	1	7	0	1	0	0	0.0000	1.0000	0.0000	c	0
sloppy	zodiac	zodiac	14	c	.odia.	1	7	0	0	0	1	1.0000	1.0000	0.0000	c	1
sloppy	zodiac	zodiac	15	h	.odiac	1	7	0	1	0	0	0.0000	1.0000	0.0000	z	0
sloppy	zodiac	zodiac	16	u	.odiac	1	7	0	0	1	0	0.0000	1.0000	1.0000	z	0
sloppy	zodiac	zodiac	17	m	.odiac	1	8	0	0	1	0	0.0000	1.0000	1.0000	z	0
sloppy	zodiac	zodiac	18	w	.odiac	1	9	0	0	1	0	0.0000	1.0000	1.0000	z	0
